:100000000C9485080C94B6080C94B6080C94B608A9
:100010000C94B6080C94B6080C94B6080C94B60868
:100020000C94B6080C94B6080C94B6080C94B60858
:100030000C94B6080C94B6080C94B6080C94B60848
:100040000C94B6080C94B6080C94B6080C94B60838
:100050000C94B6080C94B6080C94B6080C948D7FDA
:100060000C94B6080C94A40C0C947A0C0C94B6085E
:100070000C94B6080C94B6080C94B6080C94B60808
:100080000C94B6080C94B6080C94B6080C94B608F8
:100090000C94500C0C94260C0C94B6080C94B25290
:1000A0000C94B6080C94B6080C94B6080C94B608D8
:1000B0000C94B6080C94B6080C94B6080C94B608C8
:1000C0000C94B6080C94B6080C94B6080C94FC0B6F
:1000D0000C94D20B0C94B6080C94A80B0C947E0BC9
:1000E0000C94B60805A84CCDB2D44EB93836A90246
:1000F0000C50B9918688083CA6AAAA2ABE00000026
:10010000803F07634236B79BD8A71A39685618AEA6
:10011000BAAB558C1D3CB7CC5763BD6DEDFD753E3C
:10012000F6177231BF000000803F08000000BE9249
:100130002449123EABAAAA2ABECDCCCC4C3E00002C
:100140000080BEABAAAAAA3E00000000BF000000CB
:10015000803F0000000000084178D3BB4387D113E3
:100160003D190E3CC3BD4282AD2B3E68EC8276BE8B
:10017000D98FE1A93E4C80EFFFBE01C4FF7F3F0055
:10018000000000000C94689E0C946E760C947176BE
:100190000C9484830C94D1810C94416F0C949B46F5
:1001A0000C9479470C94A8740C946D710C949C9EDB
:1001B0000C94819F0C9466730C947C6C0C949983C2
:1001C0000C941C830C9473830C9485550C940E7CB6
:1001D0000C94A7810C94B08B0C94DF820C942C723D
:1001E0000C9456550C9461940C94816C0C948394EB
:1001F0000C94446D0C94B66F0C9421920C949786D9
:100200000C944E9E0C9467710C946B920C948276B5
:100210000C94E4720C94487C0C940B830C94249DF5
:100220000C94D78C0C94272B0C94446F0C947675FB
:100230000C94058E0C94D6990C946A760C94DC8AF6
:100240000C9465860C9493960C94CC850C943A9DF2
:100250000C9446750C9423B60C94006D0C9465A018
:100260000C94AE2B0C94AC6E0C9423750C94238DD3
:100270000C9407870C947C9D0C94596E0C94348CD0
:100280000C944F2C0C9404950C949D7C0C949372BC
:100290000C94E5890C9461A00C942F090C94937C28
:1002A0000C9477950C94AF720C945C7C0C94B671A2
:1002B0000C948D720C9450A10C94A89D0C941F73F7
:1002C0000C94D9830C945DA00C94527C0C949D9A50
:1002D0000C94956F0C9419710C9463920C94C592C4
:1002E0000C9473930C949A860C941B820C949B90A0
:1002F0000C94CB9C0C9458750C943D910C94F391F8
:100300000C9486460C9441460C94EA9D0C94F18022
:100310000C9401830C94F59A0C942D460C940D09C1
:100320000C94D6900C94F8970C9447870C947376A1
:100330000C94C9710C94BE9D0C94AD9C0C94DD98EA
:100340000C94F3920C94C5910C9405460C949972FC
:100350000C943B470C94C3440C946D730C94377508
:100360000C9431810C94DC6C0C94D9820C94AB8588
:100370000C94FE080C94FF8A0C9495930C948D8831
:100380000C94F9710C94E5480C94F6450C94B271F8
:100390000C94B7930C94148C0C948E890C94379B0A
:1003A0000C94E18A0C94EC2B0C9448900C949A8851
:1003B0000C946A710C94148A0C94AE950C94929DD2
:1003C0000C945AA10C947F7C0C94CD8D0C94D29BF0
:1003D0000C9419700C943A460C941E720C942E7C5A
:1003E0000C942C820C94F58F0C94247C0C94BC817E
:1003F0000C941E950C94D6440C94D6A00C940776BD
:100400000C948D6C0C9475810C9463760C94C89745
:100410000C94398D0C94DD860C94454A0C94D76F5E
:100420000C94407C0C94FD710C9428460C948648E6
:100430000C9442730C94879A0C94A1920C94C372FE
:100440000C94F0720C942A8B0C9428980C944071A4
:100450000C94E99C0C94D6950C943C9C0C94A04A6A
:100460000C94B18C0C948F550C9410980C94F082D1
:100470000C9426460C9490A00C94868A0C94D489F3
:100480000C9484760C94D9930C94E09E0C94BF86C3
:100490000C94A96E0C94B1440C943B6D0C947B9518
:1004A0000C9474730C94079C0C94219B0C94E0970F
:1004B0000C94AC8A0C94AA460C94B2440C94D49D2F
:1004C0000C94B8080C94DC820C947D810C946C76AE
:1004D0000C94F0A00C943F6E0C9439870C94067227
:1004E0000C9467810C94728C0C941B6D0C94F571B8
:1004F0000C9418720C9447930C9480710C949D9BEF
:100500000C94222C0C94F08A0C9424A10C94597510
:100510000C94FB930C94EA880C94F8800C94694A30
:100520000C94EB710C945E830C944D9B0C94B4442E
:100530000C9481550C941A7C0C9468760C94167665
:100540000C94BC9F0C943A8A0C94CE720C94A26EBC
:100550000C94F06C0C940F6D0C94669D0C94E06CF4
:100560000C94A66E0C94469F0C94C36C0C94B39A96
:100570000C943E730C94DC470C9480880C9459497D
:100580000C947F760C949F720C94369A0C940A8289
:100590000C9492810C942D750C9497910C949E6EF2
:1005A0000C948E800C9435970C941B870C946E8160
:1005B0000C946F460C9422720C9459920C94A2A045
:1005C0000C943C460C941A9E0C9417460C94757C23
:1005D0000C9421090C94F1710C94B8750C944F9201
:1005E0000C94608A0C945B460C9458880C943E8260
:1005F0000C9430720C94D9720C94724A0C94018150
:100600000C945F6E0C94DF450C94639B0C94A38D4B
:100610000C94A56C0C94D78A0C941B470C94F86F1F
:100620000C94726F0C940A9A0C9428750C94227393
:100630000C942B720C94C6750C94509D0C94829E55
:100640000C94FD8C0C9471710C9453910C94D09477
:100650000C94B8990C9445810C94798D0C947395F5
:100660000C94DC890C94FA8A0C94F9840C946676C8
:100670000C94E8950C94D28B0C947A550C943F8B87
:100680000C948F9C0C9479760C94CC830C94AD884C
:100690000C9439750C945E870C949A750C9433867F
:1006A0000C94FC720C94F79F0C9426720C94D192CB
:1006B0000C9495940C94FA950C94C5750C94D4886C
:1006C0000C9454730C9483990C945A710C94C695A1
:1006D0000C9485920C94B6750C94AA880C94AA8CF0
:1006E0000C94F42A0C94009E0C943A730C940A72A5
:1006F0000C94F58A0C945B870C9417990C94787180
:100700000C9467920C9469910C9467480C94048B38
:100710000C94F2460C943AA10C941D940C94D209BA
:100720000C940A450C947F8B0C943F940C949695F2
:100730000C94B3440C943C830C94AA830C94A78827
:100740000C9498750C944C9A0C9486760C94966B39
:100750000C94C1920C9485090C947B2C0C9400721F
:100760000C94E26D0C94DA450C9450460C9446B609
:100770000C944E460C9448840C941E750C947F5532
:100780000C94719C0C9415930C9443870C94E6750F
:100790000C94BD920C9414720C940B9B0C94A77C3B
:1007A0000C94D8480C94897C0C9416890C94DD44E4
:1007B0000C9439450C944C480C944D710C949F71D9
:1007C0000C946E2B0C9477760C94CB8E0C94667CE8
:1007D0000C94157C0C94249F0C94387C0C94AF479B
:1007E0000C94FB890C94074B0C9475760C9406833F
:1007F0000C945C6E0C94DF9A0C94A96D0C94288375
:100800000C94D28A0C945D730C94A9720C94D889C0
:100810000C94EA940C948DA10C94C99A0C947B7658
:100820000C94B46E0C944F8D0C94BD4A0C94757559
:100830000C949B750C94E68A0C94BCA00C945D4AB5
:100840000C9400890C94EE8B0C94E9860C944D83E7
:100850000C9410720C94BB830C94F4990C948355F3
:100860000C94029F0C94E7750C94349E0C9448856C
:100870000C94BE9E0C943E6F0C94209A0C94EB8AC0
:100880000C947D76000000006410B71DC8206E3BFC
:10089000AC30D9269041DC76F4516B6B5861B24D87
:1008A0003C7105502083B8ED44930FF0E8A3D6D6F1
:1008B0008CB361CBB0C2649BD4D2D38678E20AA059
:1008C0001CF2BDBD000000000000000000000000A0
:1008D0000000000000000000000000000101010114
:1008E00001010101010101010202020202020202F0
:1008F00003030303030304040404050505050506B7
:100900000606060707070808080909090A0A0A0B64
:100910000B0B0C0C0D0D0D0E0E0F0F1010111112F4
:1009200012131314141515161617181819191A1B63
:100930001B1C1D1D1E1F1F202122222324252626AD
:100940002728292A2A2B2C2D2E2F303132333435CB
:10095000363738393A3B3C3D3E3F404142444546BC
:100960004748494B4C4D4E50515254555658595A80
:100970005C5D5E606163646667696A6C6D6F70720E
:10098000737577787A7C7D7F8182848688898B8D68
:100990008F91929496989A9C9EA0A2A4A6A8AAAC85
:1009A000AEB0B2B4B6B8BABCBFC1C3C5C7CACCCE6C
:1009B000D1D3D5D7DADCDFE1E3E6E8EBEDF0F2F511
:1009C000F7FAFCFF57616E642053796E6368726FAB
:1009D0006E697A656400526563762E2057616E6495
:1009E00020536D6F6B6520507265667300526563AE
:1009F000762E2057616E6420436F6E6669672050C3
:100A00007265667300526563762E2057616E6420AE
:100A1000446174613A2000526563762E2057616EFE
:100A20006420436F6D6D616E643A20005361766996
:100A30006E6720536D6F6B652050726566657265D9
:100A40006E63657300536176696E672057616E64EB
:100A500020507265666572656E63657300436F6DE5
:100A6000706C6574656420757064617465206F6670
:100A7000207061636B2073657474696E67730052D4
:100A8000756E6E696E672075706461746520667539
:100A90006E6374696F6E732E2E2E005570646174D0
:100AA000696E6720706F7765722063656C6C207665
:100AB00061726961626C65732E2E2E0055706461DF
:100AC00074696E6720696E6E6572206379636C6FFE
:100AD00074726F6E207661726961626C65732E2E1E
:100AE0002E005570646174696E67206F757465724D
:100AF000206379636C6F74726F6E207661726961C6
:100B0000626C65732E2E2E005570646174696E6779
:100B10002067656E6572616C207661726961626CD6
:100B200065732E2E2E00536176696E6720506163C7
:100B30006B20507265666572656E63657300526501
:100B400063762E20536D6F6B6520436F6E66696709
:100B500000526563762E2057616E6420436F6E6687
:100B6000696700526563762E205061636B20436F86
:100B70006E66696700526563762E20417474656EF7
:100B80007561746F72204D6573736167653A2000FB
:100B9000526563762E20417474656E7561746F7250
:100BA00020436F6D6D616E643A2000000102030402
:100BB00005060708090A0B0C0D0E000102030405C7
:100BC000060708090A0B0C0E0D0C0B0A090807068C
:100BD0000504030201000C0B0A09080706050403BB
:100BE000020100B80BB80BAC0DAC0DA00F3075981E
:100BF0003A10274C1D70173D0064016501660167BE
:100C0000015761726E696E673A2043616C63756C5F
:100C100061746564206D7573696320636F756E74AC
:100C20002065786365656473206D6178696D756DA5
:100C300020706F737369626C653B2053442063615D
:100C4000726420636F7272757074696F6E206C6964
:100C50006B656C7921005761726E696E673A20543A
:100C60007261636B20636F756E7420646F657320AF
:100C70006E6F74206D61746368206669726D776150
:100C800072652120506C65617365207570646174B4
:100C90006520746865206D6963726F5344206361D9
:100CA000726420736F756E64206566666563747325
:100CB0002E000102030405060708090A0B0C0D0E9D
:100CC0000F101112131415161718191A1B1C1D1EBC
:100CD0001F2021222324252627280102030405069C
:100CE000070809000A0B0C0D0E0F10111200131447
:100CF00015161718191A1B001C1D1E1F2021222350
:100D00002400010203040500000000000607080992
:100D10000A00000000000B0C0D0E0F000000000088
:100D20001011121314000000000001020300000063
:100D30000000000004050600000000000000070895
:100D400009000000000000000A0B0C000000000079
:100D50000000010000000000000000000200000090
:100D60000000000000000300000000000000000080
:100D700004000000000000000000001C120A041F14
:100D8000160D02110C07010A0704000A121C040DBB
:100D9000161F02070C110104070A417474656E7571
:100DA00061746F722053796E6320456E64004174E4
:100DB00074656E7561746F722053796E632053741D
:100DC000617274005468656D65206368616E676563
:100DD0006420746F2046726F7A656E20456D70696D
:100DE000726520283230323429005468656D6520E0
:100DF0006368616E67656420746F20416674657214
:100E00006C69666520283230323129005468656D7E
:100E100065206368616E67656420746F20474232A5
:100E200020283139383929005468656D6520636898
:100E3000616E67656420746F204742312028313924
:100E400038342900417474656E7561746F72205373
:100E5000796E6368726F6E697A6564004765747451
:100E6000696E67205061636B2050726566657265BC
:100E70006E6365730047657474696E6720536D6FA8
:100E80006B6520507265666572656E6365730043BD
:100E90006F6D6D616E6420746F2057616E643A20CF
:100EA0000057616E642053796E6320456E6400576D
:100EB000616E642053796E63205374617274004EC6
:100EC0006F20417564696F204465766963650057DA
:100ED00061726E696E673A205253505F5359535492
:100EE000454D5F494E464F206E6F742072656365B5
:100EF0006976656421005573696E672057415620F5
:100F000054726967676572005573696E6720475050
:100F10005374617220417564696F205665727369FC
:100F20006F6E3A2000436F6E666967757265205078
:100F30006F776572204D6574657200556E61626CE5
:100F40006520746F2066696E6420706F776572200B
:100F50006D6F6E69746F72696E6720646576696320
:100F600065206F6E206932632E20506F7765722086
:100F70006D6574657220666561747572657320773E
:100F8000696C6C2062652064697361626C65642EB3
:100F900000506F776572204D6574657220526573DD
:100FA000756C743A2000496E697420706F776572B1
:100FB000206D657465722E2E2E004552524F523AA6
:100FC000204E6F2063616C6C6261636B206176619F
:100FD000696C61626C6520666F72207061636B651D
:100FE00074204944200000002100240027002A002A
:100FF0002D003000330001010000040107010A0147
:10100000000020002300260029002C002F003200C1
:10101000000100000301060109010102102020085F
:101020000810204010204080020102010804020143
:1010300001020408102040808040201008040201B2
:10104000800402018040201008040201080402010B
:101050000102040810204080010204081020408092
:1010600000002200250028002B002E003100340053
:1010700002010000050108010B0105050505070532
:1010800008080808020202020A0A08080404040404
:101090000101010101010101030303030303030330
:1010A000040707070C0C0C0C0C0C0C0C02020202BF
:1010B00006060606060606060B0B0B0B0B0B0B0BA8
:1010C00000000A0B02090C0D0E08070304010000C2
:1010D0000000000000000000000000000000000010
:1010E00000000000000000000000000012111000CD
:1010F00000000000000000000000000000000000F0
:1011000000000000000046B623B611241FBECFEF3A
:10111000D1E2DEBFCDBF00E00CBF13E0A0E0B2E043
:10112000EEEEF5E801E00BBF02C007900D92A03A89
:10113000B107D9F727E1A0EAB3E001C01D92AE39AB
:10114000B207E1F718E0C4E8D8E000E006C0219754
:101150000109802FFE010E944DBDC338D10780E0F8
:101160000807A9F70E94D77F0C94E5C20C940000F1
:10117000AF92BF92CF92DF92EF92FF920F931F93A5
:10118000CF93DF936C017B018B01040F151FEB01E3
:101190005E01AE18BF08C017D10759F06991D6019A
:1011A000ED91FC910190F081E02DC6011995892BFC
:1011B00079F7C501DF91CF911F910F91FF90EF90CB
:1011C000DF90CF90BF90AF900895FC01A089B189C6
:1011D0008C91A689B78982FD0FC09C91818D8F5F0C
:1011E0008F73228D821749F0A18DAE0FBF2FB11DD5
:1011F0005D969C93818F08958C910895FC01538D89
:10120000448D252F30E0842F90E0821B930B5417E0
:1012100010F0CF96089501970895FC01918D828D6D
:10122000981761F0A28DAE0FBF2FB11D5D968C9106
:10123000928D9F5F9F73928F90E008958FEF9FEF45
:101240000895FC01918D828D981731F0828DE80F01
:10125000F11D858D90E008958FEF9FEF0895FC01BB
:10126000918D228D892F90E0805C9F4F821B910988
:101270008F73992708958FE995E00E942F0921E047
:10128000892B09F420E0822F08958CE396E00E94D8
:101290002F0921E0892B09F420E0822F089589EDA0
:1012A00096E00E942F0921E0892B09F420E0822F8B
:1012B000089586E797E00E942F0921E0892B09F421
:1012C00020E0822F0895FC01A48DA80FB92FB11D35
:1012D000A35ABF4F2C91848D90E001968F7399276C
:1012E000848FA689B7892C93A089B1898C9183704A
:1012F00080648C93938D848D981306C00288F38943
:10130000E02D80818F7D80830895EF92FF920F936F
:101310001F93CF93DF93EC0181E0888F9B8D8C8DA1
:1013200098131AC0E889F989808185FF15C09FB795
:10133000F894EE89FF896083E889F9898081837058
:10134000806480839FBF81E090E0DF91CF911F9107
:101350000F91FF90EF900895F62E0B8D10E00F5F28
:101360001F4F0F731127E02E8C8D8E110CC00FB6FE
:1013700007FCFACFE889F989808185FFF5CFCE0196
:101380000E946309F1CFEB8DEC0FFD2FF11DE35AA5
:10139000FF4FF0829FB7F8940B8FEA89FB89808119
:1013A0008062CFCFCF93DF93EC01888D8823B9F093
:1013B000AA89BB89E889F9898C9185FD03C0808160
:1013C00086FD0DC00FB607FCF7CF8C9185FFF2CFDD
:1013D000808185FFEDCFCE010E946309E9CFDF91C7
:1013E000CF91089580E090E0892B29F00E9459095F
:1013F00081110E94000080E090E0892B29F00E947A
:101400004F0981110E94000080E090E0892B29F0B3
:101410000E94450981110E94000080E090E0892B24
:1014200029F00E943B0981110C94000008950F934C
:101430001F93CF93DF93EC0188819981009759F036
:101440002A813B812617370730F081E0DF91CF9169
:101450001F910F9108958B016F5F7F4F0E94EDC127
:10146000009759F0998388831B830A832C813D81DF
:10147000232B59F7FC011082E8CF80E0E7CFCF9310
:10148000DF93EC0188819981009711F00E9464C17B
:10149000198218821D821C821B821A82DF91CF91D1
:1014A0000895CF92DF92EF92FF926B017C01C114FD
:1014B000D104E104F10441F00E94DABAA7019601D7
:1014C0000E94A6BC6B017C01C701B601FF90EF90A2
:1014D000DF90CF900895EF92FF920F931F93CF93D9
:1014E000DF93EC01FB01E080F180E114F10411F1E4
:1014F0000481158101151105A9F08C819D81080FCA
:10150000191FB801CE010E94170A882399F028817B
:1015100039818C819D81B701820F931F0E94DEC2A9
:101520001D830C83CE01DF91CF911F910F91FF900E
:10153000EF900895CE010E943F0AF4CFEF92FF9200
:101540000F931F93CF93DF93EC017B018A01BA01C4
:101550000E94170A81110BC0CE010E943F0ACE01E2
:10156000DF91CF911F910F91FF90EF9008951D8310
:101570000C83B701888199810E94DEC2F0CFFC0103
:1015800080819181009711F00C9464C10895EF92CD
:10159000FF920F931F93CF93DF93EC018B0119827E
:1015A00018821B821A821D821C82CB010E9439BBC9
:1015B0007C01BC01CE010E94170A811109C0CE0135
:1015C000DF91CF911F910F91FF90EF900C943F0A04
:1015D000FD82EC82B80188819981DF91CF911F91C2
:1015E0000F91FF90EF900C9432BBFB01DC01119640
:1015F0001C921E9213961C921E92129715961C9284
:101600001E9214978617970749F0608171816115C2
:10161000710521F0448155810C949E0A0895FB01C7
:1016200001900020E9F73197AF01461B570BDC0111
:10163000ED91FC910280F381E02D19948F929F929D
:10164000AF92BF92EF92FF920F931F93CF93DF93CE
:10165000CDB7DEB7A1970FB6F894DEBF0FBECDBFF2
:101660007C01FA01CB0119A2223008F42AE08E0194
:101670000F5D1F4F822E912CB12CA12CBF01A50113
:1016800094010E94D8BCF901CA016A300CF5605D72
:10169000D8016E938D01232B242B252B79F790E015
:1016A00080E0109721F0BD01C7010E940F0BA196A9
:1016B0000FB6F894DEBF0FBECDBFDF91CF911F9163
:1016C0000F91FF90EF90BF90AF909F908F900895F3
:1016D000695CDECF0F931F93CF93DF93EC010E94E1
:1016E0000F0B8C0163E373E0CE010E940F0B800FA0
:1016F000911FDF91CF911F910F9108951F920F922B
:101700000FB60F9211240BB60F922F933F934F9366
:101710005F936F937F938F939F93AF93BF93EF9359
:10172000FF938FE995E00E946309FF91EF91BF91CC
:10173000AF919F918F917F916F915F914F913F9169
:101740002F910F900BBE0F900FBE0F901F9018950A
:101750001F920F920FB60F9211240BB60F922F9378
:101760003F934F935F936F937F938F939F93AF9329
:10177000BF93EF93FF938FE995E00E94E508FF91F7
:10178000EF91BF91AF919F918F917F916F915F91F9
:101790004F913F912F910F900BBE0F900FBE0F9066
:1017A0001F9018951F920F920FB60F9211240BB62F
:1017B0000F922F933F934F935F936F937F938F93EA
:1017C0009F93AF93BF93EF93FF938CE396E00E94B8
:1017D0006309FF91EF91BF91AF919F918F917F919D
:1017E0006F915F914F913F912F910F900BBE0F9092
:1017F0000FBE0F901F9018951F920F920FB60F9269
:1018000011240BB60F922F933F934F935F936F93D7
:101810007F938F939F93AF93BF93EF93FF938CE34B
:1018200096E00E94E508FF91EF91BF91AF919F91E3
:101830008F917F916F915F914F913F912F910F9079
:101840000BBE0F900FBE0F901F9018951F920F9216
:101850000FB60F9211240BB60F922F933F934F9315
:101860005F936F937F938F939F93AF93BF93EF9308
:10187000FF9389ED96E00E946309FF91EF91BF917C
:10188000AF919F918F917F916F915F914F913F9118
:101890002F910F900BBE0F900FBE0F901F901895B9
:1018A0001F920F920FB60F9211240BB60F922F9327
:1018B0003F934F935F936F937F938F939F93AF93D8
:1018C000BF93EF93FF9389ED96E00E94E508FF91A7
:1018D000EF91BF91AF919F918F917F916F915F91A8
:1018E0004F913F912F910F900BBE0F900FBE0F9015
:1018F0001F9018951F920F920FB60F9211240BB6DE
:101900000F922F933F934F935F936F937F938F9398
:101910009F93AF93BF93EF93FF9386E797E00E9467
:101920006309FF91EF91BF91AF919F918F917F914B
:101930006F915F914F913F912F910F900BBE0F9040
:101940000FBE0F901F9018951F920F920FB60F9217
:1019500011240BB60F922F933F934F935F936F9386
:101960007F938F939F93AF93BF93EF93FF9386E7FC
:1019700097E00E94E508FF91EF91BF91AF919F9191
:101980008F917F916F915F914F913F912F910F9028
:101990000BBE0F900FBE0F901F9018954F925F9245
:1019A0006F927F928F929F92AF92BF92EF92FF922F
:1019B000CF93DF93DC011E968C911E971B969C9112
:1019C0001B9719964D915C911A9718968C901897C1
:1019D000282F30E01C96EC911C97F0E01D96AC91FE
:1019E000B0E0891364C0CB01880F991F680F791F7D
:1019F000460F571F240F351FE9012881E40FF51FFB
:101A0000F080A40FB51FCC91882009F445C0912C1B
:101A1000B12CA12C622F70E0762F6627072E000CC8
:101A2000880B990BA50194010E94D8BC390155245B
:101A300044246F2D70E0762F6627072E000C880B4C
:101A4000990BA50194010E94D8BCB42FA32F922F0B
:101A50008827482A592A6A2A7B2A6C2F70E0762F19
:101A60006627072E000C880B990BA50194010E9494
:101A7000D8BCC301B201622B732B842B952BDF9151
:101A8000CF91FF90EF90BF90AF909F908F907F90FD
:101A90006F905F904F9008956F2D70E090E080E020
:101AA000982F872F762F6627822B6C2BE8CF660F17
:101AB000771F660F771F640F751F260F371FE90109
:101AC0003881EB01C90FD11DF880E60FF71FC081E7
:101AD000A60FB71FEC90882009F44BC0912CB12CB5
:101AE000A12C632F70E0762F6627072E000C880B41
:101AF000990BA50194010E94D8BC722E662455242E
:101B000044246F2D70E0762F6627072E000C880B7B
:101B1000990BA50194010E94D8BCA9013327222763
:101B2000422A532A642A752A6E2D70E0762F662782
:101B3000072E000C880B990BA50194010E94D8BCBC
:101B4000422A532A642A752A6C2F70E0762F662762
:101B5000072E000C880B990BA50194010E94D8BC9C
:101B6000942F832F722F6627642975298629972938
:101B700086CF6F2D70E090E080E0CB01772766275D
:101B8000932B6E297C2B7BCF8F929F92AF92BF922B
:101B9000CF92DF92EF92FF921F93CF93DF93FC01DE
:101BA0004A01AA24BB24C82DC32ED42EE52EFF241F
:101BB0001C2DD22F8085882361F0889E400111243E
:101BC000C92D8C9D600111241D2D829FD0011124EF
:101BD000DB2FA685E184F2849385A91322C0CB0173
:101BE000880F991F680F791F6E0D7F1DA385A60FA3
:101BF000B72FB11DCC93A485A60FB72FB11D1C9391
:101C00008585680F711DFB01D083DF91CF911F91F6
:101C1000FF90EF90DF90CF90BF90AF909F908F900C
:101C20000895660F771F660F771F6E0D7F1D252F96
:101C3000332744275527882349F090E0829F70017D
:101C4000839FF00C929FF00C11242F2DA60FB72F1D
:101C5000B11D2C93CBCFCF93DF9300D01F92CDB784
:101C6000DEB769837A838B839C83DE011196CE0174
:101C70000596ED91F0E0EC53F74F44919D01215012
:101C80003109F90140838A179B0799F769817A81A5
:101C90008B819C810F900F900F900F90DF91CF91CF
:101CA0000895CF92DF92EF92FF920F931F93CF93FD
:101CB000DF9300D000D000D0CDB7DEB78C01DC01BF
:101CC00019968D919C91892B09F473C00E94AC7C6C
:101CD000F801C784D088E188F2886C157D058E05EF
:101CE0009F0520F46787708B818B928BF801C784E6
:101CF000D088E188F2886C197D098E099F096C32C1
:101D000071408105910510F3F894D80114968D91D6
:101D10009C9115979A8389831996ED91FC917F0187
:101D2000BFEFEB1AFB0A80818987F8019081038855
:101D3000F489E02DD80155968C91992309F448C077
:101D40009081982B98879081809589238F838F81AC
:101D50008C8388E08B8358856F8149853B812C81FA
:101D600089819A81D701508347FD252F3A95208399
:101D7000262F39F0441F00C000006083000000C01F
:101D8000F2CF38E04D9160830000019761F7D801F0
:101D90005496FC93EE93539749873B832C839A8305
:101DA000898378940E94AC7CF8016787708B818B63
:101DB000928B29960FB6F894DEBF0FBECDBFDF9190
:101DC000CF911F910F91FF90EF90DF90CF900895EA
:101DD0009081982B98879081809589238F838F811C
:101DE0008E8388E08D8358856F8149853D812E8162
:101DF00089819A81D701508347FD252F00C000C0FB
:101E0000208300C000C000C000C000C0608300008C
:101E1000262F3A9541F0441F000000C000C000C0CA
:101E200000C000C0E8CF38E04D9100C0608300C022
:101E3000019709F7D8015496FC93EE93539749877D
:101E40003D832E83ACCFCF93DF93EC018E819F81B6
:101E500097FD0CC061E00E949E7B60E08E810E9435
:101E6000707B81E08983DF91CF910895198280E0B2
:101E7000FACF0F931F93CF93DF93DC01EB014D91CA
:101E80005D916D917C911397E881E427EF7084E078
:101E9000E89FF0011124EC57F74F0591159125911A
:101EA000349184E076956795579547958A95D1F753
:101EB00040275127622773274D935D936D937C9341
:101EC0001397E881E295EF70E427EF7084E0E89FD4
:101ED000F0011124EC57F74F05911591259134919C
:101EE00094E076956795579547959A95D1F7402751
:101EF0005127622773274D935D936D937C931397BE
:101F0000DF91CF911F910F910895853608F084E6F7
:101F10002FEF829FC001112464E670E00E9439BD5A
:101F2000862F08958091B7039091B803181619066B
:101F300094F48091890590918A050197039758F44C
:101F40006091E20C062E000C770B8091B903909102
:101F5000BA030E946A7889E20C942469FF920F9375
:101F60001F93CF93DF93EC01F62E08811981C801EE
:101F70000E9490BCF81621F06F2DC8010E9498BCF9
:101F8000CE01DF91CF911F910F91FF900895843082
:101F900008F080E09091E002E82FF0E080912002CC
:101FA000882399F0943141F0983261F09C3039F4F3
:101FB000EA56F24F84910895EE56F24FFBCFE25766
:101FC000F24FF8CFE657F24FF5CF943139F098320F
:101FD00059F09C3031F4EA57F24FECCFEE57F24F04
:101FE000E9CFE258F24FE6CFE658F24FE3CF88232D
:101FF000E9F1809197028823B9F18091FC039091D7
:10200000F503992339F1811127C0E0918417F0E09D
:10201000E35EF14F8081811125C08091F30381112E
:1020200021C080919702882311F18091FC03909147
:10203000F5039923F1F081111EC0E0918417F0E0BF
:10204000E35EF14F808181111CC08091F303811107
:1020500018C00895882309F3E0918417F0E0E05058
:10206000FD4FD8CF5F9ADDCF5F98DBCF5F98449864
:102070000895882351F3E0918417F0E0E050FD4F7C
:10208000E1CF449A08958823E9F18091970288234B
:10209000B9F18091FC039091F503992339F18111F5
:1020A00027C0E0918417F0E0E35EF14F8081811159
:1020B00025C08091F303811121C08091970288236C
:1020C00011F18091FC039091F5039923F1F08111B6
:1020D0001EC0E0918417F0E0E35EF14F8081811132
:1020E0001CC08091F303811118C00895882309F35F
:1020F000E0918417F0E0E050FD4FD8CF429ADDCF59
:102100004298DBCF4298A2980895882351F3E0913A
:102110008417F0E0E050FD4FE1CFA29A089580913E
:102120002202882349F081E02091C50E3091C60E2D
:10213000232B31F080E008958091B80491E0892745
:102140000895982F8091CC02882369F0923049F449
:1021500080911D02882351F081E09091E0029C3033
:1021600029F480E003C081E09230D9F70895E82F88
:10217000F0E08091E0028C3089F028F4843051F056
:10218000E652F34F09C0843161F08832C9F7EE544A
:10219000F34F02C0EE5AF24F84910895E65DF24F7C
:1021A000FBCFEE5FF24FF8CF8823D1F08091F5039B
:1021B000882341F0E0918417F0E0E35EF14F8081E5
:1021C000811108C08091FC03811104C08091FB0340
:1021D000882331F080910B01886080930B01089572
:1021E00080910B01877FF9CF1092490E10924A0E11
:1021F0008EE180939E0280918917853021F460E002
:102200008DE20C94707B90E080E00C94DA7B9091EE
:1022100089179330B9F09530D9F020912402222308
:1022200089F0882379F0923079F49091F50399231D
:1022300049F090919E02891759F080939E0290E098
:102240000C94DA7B0C94F41090919E029813F5CFC5
:102250000895BF92CF92DF92EF92FF920F931F9358
:10226000CF93DF93EC01809121020E94850FB82E5D
:10227000F0903917E0903A178FE297E10E94A2544C
:10228000882309F4A9C1FE188F2D0E94B710E82EEB
:1022900080919502882309F4B1C085E08093CF0234
:1022A0008FEF96E10E94274C882389F010929502C7
:1022B000D0939B02C0939A02AE0170E060E08FE27F
:1022C00097E10E94D25480E48093A2021BC08FEF5A
:1022D00096E10E94914C90939B0280939A02AC01EC
:1022E00070E060E08FE297E10E94D2548091A202F8
:1022F0008F5F8E3108F480C08093A2028091A20289
:10230000813408F78091F50381110CC08091FC03A2
:10231000811108C08091FB03811104C08091A20249
:102320000E940711809102029091E002943109F419
:10233000F9C0983209F4F6C09C3009F4F7C0823035
:1023400008F4DDC090E08C179D0709F4E8C0C81BB5
:10235000D90B809181170E94A11081113DC1EF2DF1
:10236000F0E0EB53FC4F808181111BC0EE20C9F0DF
:102370008091CC028823A9F029E1F29EC0011124AA
:102380009C01215D304F690160E0C9010E94F74E58
:102390009E0150E040E004E110E06B2DC6010E9478
:1023A000C44E80911C02882309F420C18091E00270
:1023B000843109F4C1C0883209F418C19091FD0339
:1023C0008C3009F4D5C091110DC080919502811116
:1023D00009C08091FB03811105C08091F20388231D
:1023E00009F40AC137E28BE1F31609F4D7C083E19F
:1023F000F812FEC08FE0D2C08EE17ECF8091FD0347
:102400008823B1F185E08093CF028FEF96E10E949F
:10241000274C882319F01092FD0374CF8FEF96E1BB
:102420000E94914C90939B0280939A02AC0170E0C1
:1024300060E08FE297E10E94D25420919A0230919D
:102440009B022932310568F08091A202833320F08B
:1024500081508093A20205C02536310510F08F31DE
:10246000B8F78091A2028E3108F04CCF8EE12CCFCC
:10247000D0939B02C0939A02809102029091E00255
:102480009C3031F1943121F18230E8F0282F30E096
:10249000AE01421B530B2C173D0711F450E040E0F6
:1024A0009091CC028B5F911101C085E08093CF02A7
:1024B0008091CF028B3018F08AE08093CF024115D3
:1024C000510591F013C085E08093CF02AE01F0CFAB
:1024D00095E09093CF02823080F090E0AE01481BEF
:1024E000590B8C179D0711F441E050E070E060E05B
:1024F0008FE297E10E94D25405CFAE01E0CF8091E8
:102500009502811109C08091FD03811105C0CE01A2
:10251000880F991FC80FD91F209709F01ACFC1E063
:10252000D0E017CF823008F00DCFF1CF823008F025
:1025300009CFCC0FDD1FF0CF8091FD0381110DC0BD
:1025400080919502811109C08091FB03811105C022
:102550008091F203882309F44FC092E29F1508F49A
:1025600049CF81EF8F0D853008F044C089E016C057
:1025700091110CC080919502811108C08091FB03DC
:10258000811104C08091F2038823B1F120E22F155C
:1025900068F383EF8F0D873088F585E02091200266
:1025A00090913917222309F454C0E11029C02091D9
:1025B000B604281728F52F5F2093B6042091391709
:1025C0008091E10290E087962817190629F024F0FF
:1025D00080913A1780933917DF91CF911F910F9116
:1025E000FF90EF90DF90CF90BF90089580E0D6CF1E
:1025F00085E1D4CF8BE0D2CF83E0D0CF87E0CECFC0
:102600001092B604C92FE11020C020913A17EC2E89
:10261000F12C822F90E087968E159F057CF28C2FEF
:10262000821B0E94B710882319F0C0933917C6CFB8
:102630008091E10290E08796E816F90621F48091F6
:102640003A1780933917CF5FE0CF9F5F9093391788
:10265000B5CFE11012C02091B604281770F42F5F97
:102660002093B6049091391780913A17981708F083
:10267000B3CF8091E102895DADCF1092B604C92F2E
:10268000E11010C080913A178C1760F73C2F381B6F
:10269000832F0E94B710882319F0C0933917E2CF17
:1026A000C150F0CF915090933917DCCF80918017B3
:1026B000853059F48091CC02811107C09091811727
:1026C00081E0992321F0973011F080E0089508957A
:1026D00081E0809395028093940280939302089501
:1026E00080918017823020F0843068F0853011F1BD
:1026F0008CE291E090939B0280939A0290939902CE
:10270000809398020895609190027091910290E0F8
:1027100080E00E9471BB26E636E646EA5FE30E944F
:10272000D2BB0E9467BE70939B0260939A028CE2B8
:1027300091E0E4CF88EC90E090939B0280939A0222
:10274000F6CFDF92EF92FF920F931F93CF93DF9319
:1027500085ECE82E83E0F82E0CE814E0D0E0C0E031
:10276000DD24D394F70111927F0160E0CE01895EF0
:102770009C4E0E94F74E60E0CE01815D904F0E941A
:10278000F74EF801D1928F016996C83EF3E0DF075A
:1027900049F7DF91CF911F910F91FF90EF90DF905C
:1027A000089580910202811103C081E080930202AA
:1027B00080910202853018F084E0809302028091BB
:1027C0000102811103C081E0809301028091010226
:1027D000853018F084E0809301028091000281111D
:1027E00003C081E08093000280910002853018F0E0
:1027F00084E08093000208950F931F93CF93DF939B
:1028000000D000D0CDB7DEB78FEF9FEFDC0189831A
:102810009A83AB83BC8310E000E01E830D83BE016E
:102820006B5F7F4FCE0101960E94390FBE016A5F38
:102830007F4FCE0101960E94390F0F5F1F4F023369
:10284000110559F78CE190E09E838D83BE016B5F8B
:102850007F4FCE0101960E94390FBE016A5F7F4F04
:10286000CE0101960E94390F86E190E09E838D8310
:10287000BE016B5F7F4FCE0101960E94390FBE01F2
:102880006A5F7F4FCE0101960E94390F69817A817C
:102890008B819C81609570958095909526960FB65A
:1028A000F894DEBF0FBECDBFDF91CF911F910F9186
:1028B0000895EF92FF920F931F93CF93DF9300D071
:1028C00000D0CDB7DEB70E94FC1369837A838B8377
:1028D0009C83CE0101967C010CEF1FE01E830D83CB
:1028E000F70161917F01CE0105960E94AE0F0F5F47
:1028F0001F4F0115F0E11F0789F726960FB6F894D0
:10290000DEBF0FBECDBFDF91CF911F910F91FF9022
:10291000EF9008952F923F924F925F926F927F9225
:102920008F929F92AF92BF92CF92DF92EF92FF92DF
:102930000F931F93CF93DF93CDB7DEB7A1970FB659
:10294000F894DEBF0FBECDBF6091E70C6C53770BE0
:102950008091E50C9B01281B310987FD339544E6E6
:10296000429FC001439F900D11240E9439BD262F24
:1029700069A38091820277247394882311F0E2E0A6
:102980007E2E8091B40388248394882311F072E012
:10299000872E8091200299249394882311F062E07D
:1029A000962E80911E02AA24A394882311F052E04F
:1029B000A52E80911C02BB24B394882311F042E021
:1029C000B42E80919702CC24C394882311F032E076
:1029D000C32E80918502DD24D394882311F092E0E8
:1029E000D92E809196028111C5C0E1E0EF8F8091D0
:1029F000EE038111C2C0E1E0E8A3E0902502F0906F
:102A00007E178091050401E0811102E08091BF03EF
:102A100012E0811111E08091220241E0811142E037
:102A20008091B30331E0811132E08091B50322241B
:102A30002394882311F082E0282E809186029091C1
:102A40008702E8EEF3E0BF010E9425BD362E80919B
:102A5000880290918902BF010E9425BD462E809177
:102A60008A0290918B02BF010E9425BD562E809153
:102A70008C0290918D02BF010E9425BD662E80912F
:102A80008E0290918F02BF010E9425BD8091D902D4
:102A9000A1E08111A2E08091DA0271E0811172E07F
:102AA0008091DB0251E0811152E08091DC0291E0E3
:102AB000811192E08091DD02811162C081E0E9A183
:102AC0002F5FE53608F025E6E0912302E150E5307E
:102AD00008F058C0F0E0E450FD4FE08179828A822E
:102AE0009B82AC82BD82CE82DF82FF8DF887F8A107
:102AF000F987EA86FB860C871D872E873F86488AE2
:102B0000598A6A8A6B8BAC8B7D8B5E8B9F8B888F8F
:102B1000E98F4A8F3B8F2C8ECE0101967C0106E116
:102B200010E01E8F0D8FF70161917F01CE014D9650
:102B30000E94AE0F0F5F1F4F0233110591F70E94E5
:102B40005914A1960FB6F894DEBF0FBECDBFDF912A
:102B5000CF911F910F91FF90EF90DF90CF90BF909A
:102B6000AF909F908F907F906F905F904F903F902D
:102B70002F900895F2E0FF8F3ACFF2E0F8A33DCF17
:102B800082E09DCFE4E0AACF0F931F93CF93DF9312
:102B90001F921F92CDB7DEB706E110E01A830983BA
:102BA0006FEFCE0101960E94AE0F0F5F1F4F0233F1
:102BB0001105A1F70E9459140F900F90DF91CF914A
:102BC0001F910F910895EF92FF920F931F93CF9350
:102BD000DF93CDB7DEB768970FB6F894DEBF0FBEB0
:102BE000CDBF8091B10371E0813009F472E0809132
:102BF000160293E0813021F094E0823009F092E0F7
:102C00002091190230911A0282E02115310529F034
:102C100083E02130310509F084E02091920261E0E7
:102C2000211162E020911F0251E0211152E0209118
:102C3000B00341E0211142E020911D0231E0211159
:102C400032E02091AF03211155C021E0E091E10273
:102C5000E983E091E002EA83E0911802EB837C8350
:102C60007091D5027D837091D3027E837091D102E1
:102C70007F837091D40278877091D20279877091A6
:102C8000D0027A87709115027B87709121027C8730
:102C9000709117027D8770911B027E877091B2033D
:102CA0007F87988B898B6A8B5B8B4C8B3D8B2E8BB4
:102CB000CE0101967C0110E000E0188F0F8BF70128
:102CC00061917F01CE0147960E94AE0F0F5F1F4FAB
:102CD0000631110591F70E94591468960FB6F894C1
:102CE000DEBF0FBECDBFDF91CF911F910F91FF903F
:102CF000EF90089522E0AACF0F931F93CF93DF9315
:102D00001F921F92CDB7DEB710E000E01A8309834F
:102D10006FEFCE0101960E94AE0F0F5F1F4F06317D
:102D20001105A1F70E9459140F900F90DF91CF91D8
:102D30001F910F910895CF93DF93CDB7DEB76497BE
:102D40000FB6F894DEBF0FBECDBF2091890530913C
:102D50008A05215031092230310580F4FE01319677
:102D600094E1DF011D929A95E9F795E0998381112D
:102D70000EC085E18D83CF010E94347264960FB638
:102D8000F894DEBF0FBECDBFDF91CF91089584E1EF
:102D9000F1CFCF93DF93CDB7DEB764970FB6F8943A
:102DA000DEBF0FBECDBF2091890530918A0521502D
:102DB00031092230310580F4FE01319694E1DF01C2
:102DC0001D929A95E9F795E0998381110EC083E1F0
:102DD0008D83CF010E94347264960FB6F894DEBFE3
:102DE0000FBECDBFDF91CF91089582E1F1CF8091E9
:102DF000890590918A050197039708F0BEC16091FB
:102E0000E30C062E000C770B8CE390E00E946A78AE
:102E10006091E30C062E000C770B89E491E00E9490
:102E20006A786091E30C062E000C770B8BE490E03F
:102E30000E946A786091E30C062E000C770B8EE7F7
:102E400090E00E946A786091E30C062E000C770BEC
:102E50008FE790E00E946A786091E30C062E000CE8
:102E6000770B83EB90E00E946A786091E30C062E6A
:102E7000000C770B82E090E00E946A7880918017C6
:102E80006091E30C062E000C770B853009F029C108
:102E900087E390E00E946A786091E30C062E000CB4
:102EA000770B80918017823009F41EC1833009F4BA
:102EB00067C16451710980E691E00E946A7880914F
:102EC00081176091E30C062E000C770B823009F01D
:102ED00063C16E51710981E090E00E946A7860914F
:102EE000E30C062E000C770B6E5171098FE090E019
:102EF0000E946A786091E30C062E000C770B6852F2
:102F0000710980E190E00E946A786091E30C062EDE
:102F1000000C770B6E5171098DE991E00E946A787F
:102F20006091E30C062E000C770B6852710985E95D
:102F300091E00E946A786091E30C062E000C770BFA
:102F40006852710982E190E00E946A786091E30C16
:102F5000062E000C770B6852710983E190E00E9405
:102F60006A786091E30C062E000C770B68527109A9
:102F700084E190E00E946A786091E30C062E000CD8
:102F8000770B6852710985E190E00E946A78609140
:102F9000E30C062E000C770B6852710986E190E075
:102FA0000E946A786091E30C062E000C770B685241
:102FB00071098DE890E00E946A786091E30C062E1A
:102FC000000C770B685271098FE890E00E946A78D4
:102FD0006091E30C062E000C770B6852710983E9AF
:102FE00090E00E946A786091E30C062E000C770B4B
:102FF000685271098EE890E00E946A786091E30C53
:10300000062E000C770B6852710980E990E00E944F
:103010006A786091E30C062E000C770B68527109F8
:1030200082E990E00E946A786091E30C062E000C21
:10303000770B6852710984E990E00E946A78609188
:10304000E30C062E000C770B6852710981E990E0C1
:103050000E946A786091E30C062E000C770B8CE5D9
:1030600091E00E946A786091E30C062E000C770BC9
:1030700082EA91E00E946A786091E30C062E000CCF
:10308000770B80E991E00E946A786091E30C062E4C
:10309000000C770B83E891E00E946A786091E30C62
:1030A000062E000C770B8AE691E00E946A78609108
:1030B000E30C062E000C770B89E691E00E946A78FB
:1030C0008091EF038823E9F06091E30C062E000C59
:1030D000770B8091B403882309F429C18AEB91E02E
:1030E0000EC08BE691E0D6CE8BE791E00E946A7825
:1030F0006091E30C062E000C770B8CE791E00E94A8
:103100006A7880918117823009F414C1833009F400
:1031100046C1813009F42DC18091F503882369F1FE
:103120006091E30C062E000C770B82E690E00E9483
:103130006A786091E30C062E000C770B8FE791E024
:103140000E946A786091E30C062E000C770B89E8E8
:1031500091E00E946A786091E30C062E000C770BD8
:1031600083E690E00E946A786091E30C062E000CE2
:10317000770B88E490E00E946A7889E20C942469D5
:1031800085E290E00E946A786091E30C062E000CC4
:10319000770B86E290E0B3CF81E090E00E946A78FE
:1031A0006091E30C062E000C770B8FE090E00E94FC
:1031B0006A786091E30C062E000C770B8DE991E0A4
:1031C0000E946A786091E30C062E000C770B645124
:1031D000710982E190E00E946A786091E30C062E0A
:1031E000000C770B6451710983E190E00E946A78CA
:1031F0006091E30C062E000C770B6451710984E199
:1032000090E00E946A786091E30C062E000C770B28
:103210006451710985E190E00E946A786091E30C45
:10322000062E000C770B6451710986E190E00E9434
:103230006A788091F5036091E30C062E000C770B01
:10324000882309F46AC06550710980E190E00E940A
:103250006A786091E30C062E000C770B65507109BB
:1032600085E991E00E946A786091E30C062E000CDB
:10327000770B8091EF0381119ACE645171098DE82B
:1032800090E00E946A786091E30C062E000C770BA8
:10329000645171098FE890E00E946A786091E30CB4
:1032A000062E000C770B6451710983E990E00E94AF
:1032B0006A786091E30C062E000C770B645171095B
:1032C0008EE890E00E946A786091E30C062E000C74
:1032D000770B6451710980E990E00E946A786091EF
:1032E000E30C062E000C770B6451710982E990E023
:1032F0000E946A786091E30C062E000C770B6451F3
:10330000710984E990E00E946A786091E30C062ECE
:10331000000C770B6451710999CE80E190E00E9416
:103320006A786091E30C062E000C770B99CF89EB3D
:1033300091E0E5CE6091E30C062E000C770B82E362
:1033400090E00E946A786091E30C062E000C770BE7
:1033500084E591E00E946A788091F503882309F45E
:103360000CCF6091E30C062E000C770B84E390E009
:1033700002CF6091E30C062E000C770B87E390E000
:103380000E946A788091F503882309F4F6CE609153
:10339000E30C062E000C770B8AE390E0ECCE6091F4
:1033A000E30C062E000C770B87E491E0E4CEAB0132
:1033B0002091890530918A0521503109233031054A
:1033C00028F421E06AEB7FEF0C94C273089580919A
:1033D00080178330D1F08530B1F168E873E1823035
:1033E000C9F48CE791E00E94D7198091811782304F
:1033F00009F43FC0833009F442C0813009F044C071
:1034000068E873E187E390E038C068E873E186E23A
:1034100090E0E9CF80E190E00E94D71968E873E17D
:103420008EE890E00E94D71968E873E180E990E0A7
:103430000E94D71968E873E180E691E00E94D719ED
:103440000E941655D2CF0E945613882351F08091C6
:10345000B40368E873E1882349F08AEB91E00E94A5
:10346000D71968E873E185E991E0D6CF89EB91E05F
:10347000F6CF68E873E182E390E00C94D71968E82E
:1034800073E187E491E0F9CF0895809189059091E7
:103490008A050197039798F48091B7039091B80338
:1034A0001816190654F48091B9039091BA03843F19
:1034B00021E0920710F00E9490780E94907910927B
:1034C000BB031092BD0361E070E085E20E941E62C2
:1034D0006091B9037091BA0386E40C94B25580915F
:1034E000B7039091B803181619060CF070C08091BC
:1034F000B9039091BA03843F21E0920708F467C0B2
:1035000021E02093BD032091890530918A05223066
:10351000310509F43FC02330310519F02130310560
:10352000F9F42091BC0361E0211101C060E00E9428
:1035300099736091E20C062E000C770B8091B90311
:103540009091BA030E946A7861E08091B9039091EA
:10355000BA030E9413780E94907981E08093570DFE
:1035600040E157E260E070E088EE9CE00E94D254B7
:103570008091BD0361E070E0882311F062E070E0AB
:1035800085E20E941E626091B9037091BA0385E4DE
:103590000C94B2552091BC0361E0211101C060E0A0
:1035A0000E9499736091E20C062E000C770B8091BB
:1035B000B9039091BA030E946A7850E040E061E05C
:1035C0008091B9039091BA030E943A78C4CF0895CC
:1035D000CF93DF93C091B903D091BA038091A20336
:1035E000882309F44CC0C45FD140BE0190E080E064
:1035F0000E94AD7620918804309189042617370700
:1036000031F580918604909187049093850480938E
:103610008404609184047091850490E080E00E94AD
:103620006077C091B703D091B8036C177D07B4F0F1
:1036300060918404709185046150710970938504D0
:103640006093840490E080E00E946077EECF615048
:1036500071097093850460938404DBCFEB01CC5037
:10366000DE4F8091BD038823B1F00E94451AD093AC
:10367000BA03C093B903DF91CF910C946F1A2197CD
:10368000C43F81E0D80768F7C091B703D091B80371
:10369000CD50DE4FE6CFD093BA03C093B903BE013D
:1036A00086E4DF91CF910C94B255CF93DF93609174
:1036B000B9037091BA03C091B703D091B803809158
:1036C000A203882309F43FC0645F714090E080E06A
:1036D0000E94AD7620918604309187042617370723
:1036E000D1F4109285041092840460918404709146
:1036F000850490E080E00E9460776C177D0794F06D
:1037000060918404709185046F5F7F4F709385048E
:1037100060938404EECF6F5F7F4F70938504609356
:103720008404E3CFEB01CC50DE4F8091BD038823AE
:10373000B1F00E94451AD093BA03C093B903DF9148
:10374000CF910C946F1A6F5F7F4FCD50DE4FC6172D
:10375000D70710F0EB01E9CFC4EFD1E0E6CFD0936B
:10376000BA03C093B903BE0186E4DF91CF910C94F4
:10377000B2552091890530918A05215031092330B5
:10378000310518F460E00C9499730895209189052F
:1037900030918A05215031092330310510F40C9401
:1037A00090780895809180178250823020F08AE6C8
:1037B00091E00C94C61B8CE390E0FBCF8DE890E089
:1037C0000E94C61B8EE890E00E94C61B8FE890E026
:1037D0000E94C61B80E990E00E94C61B81E990E030
:1037E0000E94C61B82E990E00E94C61B83E990E01C
:1037F0000E94C61B84E990E00E94C61B89E491E008
:103800000E94C61B8CE491E00C94C61B8FE891E0EB
:103810000E94C61B8DEB91E00E94C61B87E390E0DF
:103820000E94C61B8BE691E00E94C61B8CE691E0CD
:103830000C94C61BCF92DF92EF92FF920F931F93CF
:10384000CF93DF936C01F62EC42F14160CF4C0E056
:10385000CA3B0CF4CAEB8091890590918A058230AD
:10386000910591F18330910519F0019709F048C055
:103870000C2E000CDD0B222381F06AEB7FEFC601DA
:103880000E946A786E2DC6010E94137820E0A8017C
:10389000BE01C6010E94C27308C0BE01C6010E94DB
:1038A0006A786E2DC6010E94137861E0F11001C0A4
:1038B00060E0C601DF91CF911F910F91FF90EF90D3
:1038C000DF90CF900C9499730C2E000CDD0B22230B
:1038D00061F06AEB7FEFC6010E946A7850E040E039
:1038E0006E2DC6010E943A78D1CFBE01C6010E945A
:1038F0006A7850E040E06E2DC6010E943A78D5CF3C
:10390000DF91CF911F910F91FF90EF90DF90CF90BB
:103910000895EF920F931F938091F003882331F065
:1039200080E691E00E94C61B1092F0038091EF03A5
:10393000882361F08EE491E00E94C61B89EB91E040
:103940000E94C61B8AEB91E00E94C61B8091B503C2
:10395000882351F08091AE0D882331F01092AE0D86
:103960001092AF0D0E94E71980918117823009F4FF
:103970009BC1833009F4CCC1813009F4AFC180917F
:103980008017909184179150943008F028C190913D
:10399000BE03992309F40FC14091E30CE12C10E020
:1039A00000E020E060E08330A9F0853009F4FAC03F
:1039B000823009F0EEC08DE791E00E941A1CEE24DF
:1039C000E3940AEF10E021E04091E30C61E08FE71F
:1039D00091E00EC084E690E00E941A1CEE24E3946D
:1039E00004E619E121E04091E30C61E083E690E018
:1039F0000E941A1C81E08093A7038091A60388236C
:103A000009F4EAC0809180174091E30CE12C10E0AA
:103A100000E020E060E0833009F0D0C084E690E070
:103A20000E941A1CEE24E39404E619E121E040917F
:103A3000E30C61E088E490E00E941A1C81E080932E
:103A4000A503809180178450823008F580918417F7
:103A50008530E8F48AEB9DE00E945C542091811748
:103A600030918017683B7B408105910508F091C13A
:103A70006091E30C223009F08AC1685244E650E0BC
:103A8000343009F09BC180E190E00E945D79809123
:103A90008117853059F4E12C04E610E021E04091D3
:103AA000E30C60E083EA91E00E941A1C8091811788
:103AB000863059F4E12C04E610E021E04091E30C5B
:103AC00060E084EA91E00E941A1C81E08093F50393
:103AD00087E00E94D855809182028823F9F0809176
:103AE0008302909184020297C9F468E070E080E05C
:103AF00090E00E94510A695F7F4F8F4F9F4F28EEE1
:103B000033E0629FA001639F500D729F500D1124FE
:103B100070E060E084EC9DE00E94D25480E00E945E
:103B20004310809181178230A1F0E0918417E15019
:103B3000FF0BEE0FFF1FE351F44F4591549170E0DE
:103B400060E08DE29EE00E94D25410922B0E109203
:103B50002C0E1092490E10924A0E8FEF0E94071100
:103B60001092120E1092130E42E350E060E070E0EB
:103B700080E09EE00E94D2541092F40348E95AE398
:103B800060E070E08EEC9DE01F910F91EF900C943F
:103B9000D2548BE990E00E941A1CEE24E39403E1D6
:103BA00011E011CF8FE491E00E941A1CEE24E394FF
:103BB00008EC10E008CF1092A7031FCF853049F41E
:103BC0008FE491E00E941A1CEE24E3940CE211E0D1
:103BD0002DCF85E090E0F6CF1092A50332CF409133
:103BE000E30CE12C10E000E020E060E0833009F419
:103BF0003FC0853009F442C08230E9F587E891E0A2
:103C00000E941A1C8091BE03882309F445C080914C
:103C1000801791E09093A7034091E30CEE24E39486
:103C2000823079F504EA16E021E061E089E891E06C
:103C30000E941A1C8091A603882371F2809180173C
:103C400091E09093A5034091E30CEE24E3940CEBF8
:103C500012E0833021F10CE211E0823001F504EA38
:103C600016E021E061E089E891E00E941A1CE9CEAB
:103C700081E690E0C5CF8BE990E0C2CF8FE491E080
:103C8000BFCF0CE211E0833011F40CEB12E021E025
:103C900061E082E690E0CCCF1092A703CBCF21E089
:103CA00061E088E490E0E1CF85E390E00E94C61BEC
:103CB000E12C10E000E020E04091E30C60E083E3C1
:103CC00090E00E941A1CEE24E39402E513E021E048
:103CD0004091E30C61E084E390E0C7CF8BE390E098
:103CE0000E94C61BE12C10E000E020E04091E30CB4
:103CF00060E089E390E00E941A1CEE24E39408EE51
:103D000013E021E04091E30C61E08AE390E0ADCF65
:103D100080918705909188058D36910550F4E12CAE
:103D200010E000E020E04091E30C60E086E491E0E8
:103D30009CCF86E491E00E94C61B8091841783305B
:103D4000E1F050F4813091F0823009F07ACE609148
:103D5000E30C85EF90E00EC08430A1F0853009F0CF
:103D600070CE6091E30C8DE790E004C06091E30CAD
:103D700083E191E00E94117964CE6091E30C87EDBC
:103D800090E0F8CF6091E30C89EB90E0F3CF6550C1
:103D900075CE8AEB9DE02230A1F4343041F40E94CC
:103DA0005C542091E30C2852AB01622F6CCE0E9430
:103DB0005C542091E30C2852AB01622F85E991E01D
:103DC00064CE343031F40E945C542091E30C2550D1
:103DD000EBCF0E945C542091E30C2550EDCFEF9285
:103DE0000F931F9383E591E00E94C61B82E390E04E
:103DF0000E94C61B88E591E00E94C61BEE24E39456
:103E000010E000E020E04091E30C60E087E591E005
:103E10000E941A1C809181178230D1F420E04091D9
:103E2000E30C60E083E591E00E941A1C81E080933E
:103E3000F30340E050E0BA0187E39EE00E94D254D1
:103E40000E9402588FE01F910F91EF900C94D8556B
:103E50001092120E1092130E42E350E060E070E0F8
:103E600080E09EE00E94D254E1CFEF920F931F9327
:103E70004091E30C80918117EE24E39410E000E080
:103E800020E060E0823031F583E591E00E941A1C69
:103E900081E08093FC03809181178230B9F548EB73
:103EA0005BE060E070E087E39EE00E94D254809186
:103EB00080178250823040F48CE291E09093990216
:103EC000809398020E94A11381E11F910F91EF90BE
:103ED0000C94D85588E691E00E941A1C80918017B6
:103EE0008450823040F420E04091E30C61E089E6A8
:103EF00091E00E941A1CEE24E39410E000E020E020
:103F00004091E30C60E085E591E0C0CF40EA5FE0DE
:103F100060E070E087E39EE00E94D2541092080EA9
:103F20001092090E1092120E1092130E42E350E0FE
:103F300060E070E080E09EE0B8CFEF920F931F93B7
:103F4000CF93C82F81E090E0909302048093010406
:103F50001092FF031092FE03109200048091B503AB
:103F6000882309F476C040E355E760E070E086EA14
:103F70009DE00E94D254C1110EC00E948F10682F84
:103F800070E088E00E941E620E948F10682F70E02F
:103F900081E30E94B25580918917853041F4809168
:103FA0002402882321F061E08DE20E94707B8BE483
:103FB00090E00E94C61B8EE790E00E94C61B8FE730
:103FC00090E00E94C61B83E290E00E94C61B8CE535
:103FD00091E00E94C61B80E991E00E94C61B82EA24
:103FE00091E00E94C61B809180178330B9F1853023
:103FF00009F4ACC0823009F046C0EE24E39410E02E
:1040000000E020E04091E30C60E08BE791E00E944B
:104010001A1C08ED1EE021E04091E30C61E08CE702
:1040200091E00E941A1C80918117823009F427C107
:10403000833009F440C1813009F02DC1EE24E394AE
:1040400004E813E021E04091E30C61E087E390E0B5
:1040500020C11092AE0D1092AF0D8DCFEE24E394DF
:1040600010E000E020E04091E30C60E085E290E0A9
:104070000E941A1C08ED1EE021E04091E30C61E073
:1040800086E290E0CECF809181174091E30CCC2363
:1040900089F18230F9F44E51EE24E39410E000E00F
:1040A00020E060E08FE090E00E941A1C4091E30C59
:1040B000485200E516E421E061E080E190E00E94D2
:1040C0001A1C40E556E460E070E08AEB9DE00E9437
:1040D000D254A9CFEE24E39410E000E020E060E0A9
:1040E0008FE090E00E941A1C00E516E421E0409168
:1040F000E30CE2CF8230D1F44E51EE24E39410E091
:1041000000E020E060E081E090E00E941A1C409115
:10411000E30C485204EF11E021E061E080E190E01F
:104120000E941A1C40E050E0BA01CFCFEE24E39485
:1041300010E000E020E060E081E090E00E941A1CC6
:1041400004EF11E021E04091E30CE7CF0E94561309
:104150004091E30C8823D9F1EE24E39410E000E0D1
:1041600020E060E081E090E00E941A1C04EF11E082
:1041700021E04091E30C61E085E991E00E941A1C86
:104180008091B403882371F000ED17E021E04091A5
:10419000E30C61E08AEB91E00E941A1C81E08093BD
:1041A000EF03C0CFEE24E39410E000E020E0409164
:1041B000E30C60E08EE491E00E941A1C0CEF18E022
:1041C00021E04091E30C61E089EB91E0E5CF809143
:1041D0008117CC2369F18230D9F44E51EE24E39457
:1041E00010E000E020E060E08DE991E00E941A1C00
:1041F0004091E30C485200E117E221E061E085E9DB
:1042000091E00E941A1C40E157E260E070E05DCF4F
:10421000EE24E39410E000E020E060E08DE991E01E
:104220000E941A1C00E117E221E04091E30CE6CF66
:104230008230A9F44E51EE24E39410E000E020E037
:1042400060E081E090E00E941A1C4091E30C48522B
:1042500004EF11E021E061E085E991E061CFEE2417
:10426000E39410E000E020E060E081E090E00E9454
:104270001A1C04EF11E021E04091E30CECCFEE2496
:10428000E39404E813E021E04091E30C61E082E371
:1042900090E00E941A1C109223171092241710927B
:1042A000F90385E00E947C6282E3CF911F910F9118
:1042B000EF900C94D855EE24E39404E813E021E049
:1042C0004091E30C61E087E491E0E3CFEF920F933C
:1042D0001F9380918117823009F472C0833091F16D
:1042E000813009F474C080918017909184179150A7
:1042F000943008F04FC0833069F0853009F447C02E
:10430000823009F041C08DE791E00E94C61B8FE723
:1043100091E006C084E690E00E94C61B83E690E030
:104320000E94C61B80918202882321F089E090E0E0
:104330000E94C61B88E490E00E94C61B82E690E0C3
:104340000E94C61B8091830290918402009709F419
:1043500045C0019709F462C01092A7031092A5030B
:1043600080918117853021F483EA91E00E94C61B79
:1043700080918117863009F069C084EA91E01F912D
:104380000F91EF900C94C61B80E690E0BECF8FE4B7
:1043900091E0BBCF833059F0853079F0823051F411
:1043A00087E891E00E94C61B89E891E0B9CF81E6D9
:1043B00090E0B6CF8BE990E0B3CF8FE491E0B0CF3F
:1043C00083E390E00E94C61B84E390E0B9CF89E3C9
:1043D00090E00E94C61B8AE390E0B2CF82E090E0BA
:1043E00090938402809383028091890590918A053D
:1043F000039741F48AE490E00E94C61B89E490E0B0
:104400000E94C61BE12C10E000E020E04091E30C8C
:1044100060E089E490E00E941A1C9ECF82E090E068
:1044200090938402809383028EE690E00E94C61BE4
:104430008FE690E00E94C61BE12C10E000E020E037
:104440004091E30C60E08FE690E0E5CF1F910F9183
:10445000EF900895EF920F931F938091D6028530CD
:1044600020F51092D60280E490E00E94C61BEE2454
:10447000E39410E000E020E04091E60C60E080E48E
:1044800090E00E941A1C8091D60226E4829FC0010F
:10449000112464E670E00E9439BD66546093E20C1A
:1044A0001F910F91EF900C94920F85508093D6023C
:1044B000EACFEF920F931F938091D602803628F1B6
:1044C00084E68093D60280E490E00E94C61BEE242E
:1044D000E39410E000E020E04091E60C60E080E42E
:1044E00090E00E941A1C8091D60226E4829FC001AF
:1044F000112464E670E00E9439BD66546093E20CBA
:104500001F910F91EF900C94920F8B5F8093D602C6
:10451000EACFEF920F931F938091D702853020F559
:104520001092D70280E490E00E94C61BEE24E39430
:1045300010E000E020E04091E60C60E080E490E0D4
:104540000E941A1C8091D70226E4829FC001112488
:1045500064E670E00E9439BD66546093E30C1F91DD
:104560000F91EF900C94F71685508093D702EACF05
:10457000EF920F931F938091D702803628F184E643
:104580008093D70280E490E00E94C61BEE24E3945F
:1045900010E000E020E04091E30C60E080E490E077
:1045A0000E941A1C8091D70226E4829FC001112428
:1045B00064E670E00E9439BD66546093E30C1F917D
:1045C0000F91EF900C94F7168B5F8093D702EACF90
:1045D000EF920F931F93CF93C82F809189059091ED
:1045E0008A050197039738F48091E60C082E000C99
:1045F000990B0E949B7AC11131C080910104909166
:104600000204019721F18091F803811120C080E418
:1046100090E00E94C61BEE24E39410E000E020E04E
:104620004091E30C60E080E490E00E941A1C8091CD
:10463000D802823361F48FE390E00E94C61B20E031
:104640004091E30C60E08FE390E00E941A1C89E245
:10465000CF911F910F91EF900C942469CF911F91EE
:104660000F91EF9008959C019091E60C9A3B31F4E4
:104670008091E40C2230310539F408952130310560
:10468000E1F39093E40C8AEB8093E60C80E00C94C9
:10469000E8222091E70C822F8C53990BAC0180917A
:1046A000E60C082E000C990B84179507F1F0809109
:1046B000D8028530B0F41092D8023091D802349FDD
:1046C000C001359F900D11246CE97FEF0E9439BD28
:1046D0002C53620F6093E60C6093E40C80E00C9422
:1046E000E82285508093D802E8CF08958091E60CA7
:1046F000882319F18091D8028036E8F084E680930F
:10470000D8022091E70C822F8C53990BAC01309189
:10471000D802349FC001359F900D11246CE97FEFC2
:104720000E9439BD2C53620F6093E60C6093E40C39
:1047300080E00C94E8228B5FE2CF08950F931F93E3
:10474000122F202F0E945974AB01BC011123C9F014
:10475000B62FA52F942F882788279927BB27052FA9
:10476000162F272F3327002722273327802B912B23
:10477000A22BB32BBC01CD01642B1F910F910C9484
:104780002B0EBA01FACF2F923F924F925F926F9207
:104790007F928F929F92AF92BF92CF92DF92EF92D1
:1047A000FF920F931F93CF93DF9300D000D01F92FF
:1047B000CDB7DEB7809121020E94850F282E80910F
:1047C0001D0215E0882331F06091811781E00E947D
:1047D0003E55182F80E00E94C70F90913A17890F1D
:1047E000898381E00E94C70F30903A17380E82E02B
:1047F0000E94C70F20913A17280F2E8383E00E9452
:10480000C70F90913A17890F8F83809181172BEFF3
:10481000280F223008F4C6C0843009F4C3C0709059
:104820001E027110CEC000E020E0422D612F81E019
:104830000E949E232B013C0120E0422D612F81E04C
:104840000E949E234B015C0120E0422D612F81E0FC
:104850000E949E236B017C0120E0422D612F81E0AC
:104860000E949E236A837B838C839D83398130934E
:104870009E05C301B2010E942F7430929E05C501AE
:10488000B4010E942F746E8160939E05C701B6012A
:104890000E942F748F8180939E056A817B818C8119
:1048A0009D810E942F7480911F02811145C18981D1
:1048B0008F5F80939E05C301B2010E942F74809187
:1048C0003A179981891708F46FC080917D17885035
:1048D00080939E05C301B2010E942F7481E0830D75
:1048E00080939E05C501B4010E942F7480913A17F0
:1048F000831508F45CC030907D17E8EF3E0E3092CF
:104900009E05C501B4010E942F748E818F5F809334
:104910009E05C701B6010E942F7480913A172E811F
:10492000821708F446C030917D1738503983898149
:1049300080939E05C701B6010E942F748F818F5FFF
:1049400080939E056A817B818C819D810E942F745A
:1049500080913A179F81891780F1E0917D17E85087
:10496000E983398130939E056A817B818C819D81A9
:1049700027960FB6F894DEBF0FBECDBFDF91CF9163
:104980001F910F91FF90EF90DF90CF90BF90AF906D
:104990009F908F907F906F905F904F903F902F905F
:1049A0000C942F7415E03BCF8981815091CF3A94BC
:1049B000A6CF6E8161506983BACF2F8121502983A0
:1049C000D0CF6981862E912C892F90E0A32CB12C19
:1049D000EE81CE2ED12C2F81E22EF12CF401E81B9A
:1049E000F90BEB53FC4F20812223C1F0F501E81BAA
:1049F000F90BEB53FC4F2081222381F0F601E81BD9
:104A0000F90BEB53FC4F2081222341F0F701E81B07
:104A1000F90BEB53FC4F80818111A7C00E94A113B9
:104A2000609190027091910290E080E00E9471BBD1
:104A300020E030E040EC5FE30E94D2BB0E9467BE02
:104A40009B01AC0180913A17B401681B7109E9E13F
:104A50006E2E669EC001679E900D112401E010E04D
:104A6000622D815D904F0E94C44E609190027091C2
:104A7000910290E080E00E9471BB20E030E040ECC9
:104A80005FE30E94D2BB0E9467BE9B01AC01809194
:104A90003A17B501681B7109669EC001679E900DAB
:104AA0001124622D815D904F0E94C44E609190024E
:104AB0007091910290E080E00E9471BB20E030E0B4
:104AC00040EC5FE30E94D2BB0E9467BE9B01AC0139
:104AD00080913A17B601681B7109669EC001679EF6
:104AE000900D1124622D815D904F0E94C44E609103
:104AF00090027091910290E080E00E9471BB20E0F2
:104B000030E040EC5FE30E94D2BB0E9467BE9B0195
:104B1000AC0180913A17B701681B7109669EC0010C
:104B2000679E900D1124622D815D904F0E94C44EAE
:104B300080911F02882329F127960FB6F894DEBFD3
:104B40000FBECDBFDF91CF911F910F91FF90EF90DE
:104B5000DF90CF90BF90AF909F908F907F906F909D
:104B60005F904F903F902F900895712CE1CF3A9431
:104B70008DC03E8131503983DDC08F8181508A8361
:104B80002EC1772031F1609190027091910290E0F6
:104B900080E00E9471BB20E030E040EC5FE30E94C7
:104BA000D2BB0E9467BE9B01AC016FEF861A960ACA
:104BB00080913A17881A910869E1689DC001699D42
:104BC000900D112401E010E0622D815D904F0E9454
:104BD000C44E90903A17898110917D1718509816FD
:104BE00010F419811150772009F447C060919002A8
:104BF0007091910290E080E00E9471BB20E030E073
:104C000040EC5FE30E94D2BB0E9467BE9B01AC01F7
:104C1000812F8919990BBC0199E1992E969EC001AB
:104C2000979E900D112401E010E0622D815D904F60
:104C30000E94C44E609190027091910290E080E0D9
:104C40000E9471BB20E030E040EC5FE30E94D2BBE9
:104C50000E9467BE9B01AC019FEFA91AB90A80911F
:104C60003A17A81AB1089A9CC0019B9C900D112478
:104C7000622D815D904F0E94C44E10913A1713151A
:104C800008F475CF30907D17E8EF3E0E772009F4D9
:104C900047C0609190027091910290E080E00E9484
:104CA00071BB20E030E040EC5FE30E94D2BB0E9489
:104CB00067BE9B01AC01832D811B990BBC0189E16F
:104CC000B82EB69EC001B79E900D112401E010E0F1
:104CD000622D815D904F0E94C44E60919002709150
:104CE000910290E080E00E9471BB20E030E040EC57
:104CF0005FE30E94D2BB0E9467BE9B01AC019FEFA5
:104D0000C91AD90A80913A17C81AD108BC9CC001A7
:104D1000BD9C900D1124622D815D904F0E94C44E68
:104D200010913A17EE811E1708F423CF20917D17BA
:104D300028502983772009F447C060919002709130
:104D4000910290E080E00E9471BB20E030E040ECF6
:104D50005FE30E94D2BB0E9467BE9B01AC018981C8
:104D6000811B990BBC01E9E1E69FC001E79F900D13
:104D7000112401E010E0622D815D904F0E94C44E2D
:104D8000609190027091910290E080E00E9471BB6E
:104D900020E030E040EC5FE30E94D2BB0E9467BE9F
:104DA0009B01AC016FEFE61AF60A80913A17E81AF8
:104DB000F108E9E1EE9DC001EF9D900D1124622DF7
:104DC000815D904F0E94C44E20913A1729833F8104
:104DD000231708F4D2CE60917D1768506A8377203C
:104DE00009F4AACE609190027091910290E080E067
:104DF0000E9471BB20E030E040EC5FE30E94D2BB38
:104E00000E9467BE2A81E9812E1B330BA90129E18B
:104E1000249FF001259FF00D112401E010E09B017B
:104E2000AC01622DCF01815D904F0E94C44E84CEB3
:104E30008F929F92AF92BF92CF92DF92FF920F9389
:104E40001F93CF93DF93C82F809121020E94850F7B
:104E5000F82E0E94D11380911E0281113AC000E009
:104E600020E04FEF60E081E00E949E23C0939E050A
:104E70000E942F7480911F02811114C120E04FEF16
:104E800060E081E00E949E2321E02C0F20939E058C
:104E90000E942F7480913A178C17C8F0C0917D172B
:104EA000C85000E020E04FEF60E081E00E949E23C8
:104EB000C0939E05DF91CF911F910F91FF90DF90DE
:104EC000CF90BF90AF909F908F900C942F74C15053
:104ED000E8CFCC2ED12C80913A179601281B3109AE
:104EE000F901EB53FC4F80818F113DC0D9E1D29F76
:104EF000C001D39F900D11246F2D895E9C4E0E949E
:104F0000F74E609190027091910290E080E00E94D3
:104F100071BB20E030E040EC5FE30E94D2BB4B016C
:104F20005C016091020270E090E080E00E9473BB3F
:104F30009B01AC01C501B4010E94F5BD0E9467BE92
:104F40009B01AC0180913A17B601681B7109D69F8D
:104F5000C001D79F900D112401E010E060E0895E50
:104F60009C4E0E94C44E80911F0281119BC08601FD
:104F70000F5F1F4F80913A179801281B3109F901E3
:104F8000EB53FC4F80818F113DC0D9E1D29FC0010E
:104F9000D39F900D11246F2D895E9C4E0E94F74E79
:104FA000609190027091910290E080E00E9471BB4C
:104FB00020E030E040EC5FE30E94D2BB4B015C019B
:104FC0006091020270E090E080E00E9473BB9B0160
:104FD000AC01C501B4010E94F5BD0E9467BE9B01F2
:104FE000AC0180913A17B801681B7109D69FC001C6
:104FF000D79F900D112401E010E060E0895E9C4E87
:105000000E94C44E80913A1790E0C1508C159D05C6
:105010001CF0C0917D17C850D0E09E01281B390BB1
:10502000F901EB53FC4F80818F113CC019E1129FB5
:10503000C001139F900D11246F2D895E9C4E0E941C
:10504000F74E609190027091910290E080E00E9492
:1050500071BB20E030E040EC5FE30E94D2BB4B012B
:105060005C016091020270E090E080E00E9473BBFE
:105070009B01AC01C501B4010E94F5BD0E9467BE51
:105080009B01AC0180913A17C81BD1091C9FC0013C
:105090001D9F900D112401E010E060E0895E9C4EA0
:1050A0000E94C44EDF91CF911F910F91FF90DF902E
:1050B000CF90BF90AF909F908F900895CF92DF9246
:1050C000EF92FF920F931F93CF93DF93EC0185E054
:1050D0008093CF020E94D1138FE297E10E94A254E5
:1050E000882309F4B1C06091020270E0CE010E94F1
:1050F00025BDEB0180919502882309F4C2C08FEF92
:1051000096E10E94274C882309F4A7C010929502CB
:10511000AE0170E060E08FE297E10E94D254D0933C
:105120009B02C0939A0286E28093A2028091F503CB
:1051300081110CC08091FC03811108C08091FB0398
:10514000811104C08091A2020E94071180918117F1
:105150000E94A110811178C08091A1028111C1C06B
:105160008091CC02882321F0809139170E94182762
:105170008091B4048F5F843008F0B6C08093B4048B
:105180008091B4040E94C70FC0913A17C80FC09312
:1051900039178091CC02882309F456C080912102EE
:1051A0000E94850FD82F80911D02882309F49FC08B
:1051B0006091811781E00E943E559091E0029C3001
:1051C00009F482E200E020E04D2F682F81E00E9488
:1051D0009E236B017C01C0939E050E942F740C2FAF
:1051E00010E080913A17F801E81BF109EB53FC4FEE
:1051F000D08380911F02811127C081E08C0F8093A2
:105200009E05C701B6010E942F7480913A1790E065
:10521000F801E81BF90BEA53FC4FD083C15080170B
:1052200091071CF0C0917D17C850C0939E05C7011F
:10523000B6010E942F7480913A172C2F281B330B34
:10524000F901EB53FC4FD083DF91CF911F910F9168
:10525000FF90EF90DF90CF9008958FEF96E10E943E
:10526000914CAC0170E060E08FE297E10E94D25473
:105270008FEF96E10E94914C90939B0280939A024B
:1052800052CF8091FD03882321F18FEF96E10E9498
:10529000274C882319F01092FD0348CF8FEF96E139
:1052A0000E94914CAC0170E060E08FE297E10E94B7
:1052B000D2548FEF96E10E94914C90939B02809381
:1052C0009A028091A20281508E3108F02DCF8EE19A
:1052D0002BCFAB0170E060E08FE297E10E94D254E7
:1052E00025CF1092A10244CF1092B40449CF85E09B
:1052F00064CFCF92DF92EF92FF920F931F93CF93E1
:10530000DF9380911D0215E0882331F060918117B1
:1053100081E00E943E55182F8091E0028C3009F404
:1053200012E2809180178250823068F1D0E0C0E0B4
:105330008C2F0E94B7108823C9F000E020E0FE0106
:10534000EB53FC4F4081612F81E00E949E236B0153
:105350007C018C2F0E94B71090913A179150890FC1
:1053600080939E05C701B6010E942F742196C83212
:10537000D105F1F6DF91CF911F910F91FF90EF9042
:10538000DF90CF900895C0E08091E002C81790F7B9
:10539000EC2FF0E0EB53FC4F00E020E04081612F68
:1053A00081E00E949E2320913A172C0F20939E05A6
:1053B0000E942F74CF5FE8CFFF920F931F93CF937C
:1053C000DF93D82F809115020E94850FF82E8091CF
:1053D000B00314E1882331F06091811780E00E94CE
:1053E0003E55182F8091F103082E000C990BED2FDC
:1053F000F0E08E179F073CF12091E1022817190673
:10540000A9F0A4F0809192028823A9F02D3081F4B4
:10541000EA52F44FC49100E020E04F2D612F80E06C
:105420000E949E23C0939E050E942F74DF5FDACFF7
:10543000E953F44FEFCF2D3019F4E654F44FEACF8F
:10544000E555F44FE7CFDF91CF911F910F91FF907A
:1054500008950F931F93CF93DF938091CC02811116
:1054600075C280911D0215E0882331F0609181178B
:1054700084E00E943E55182F80911B020E94850FE8
:10548000C82FD0918B048091FB03882309F499C025
:10549000DD2309F464C0A59A739A809102018860A3
:1054A00080930201809102018061809302018091CA
:1054B00002018062809302018091020180648093E6
:1054C00002018091190290911A02009709F43EC2DC
:1054D000D0E0019779F500E020E04C2F65E084E012
:1054E0000E949E2310929D050E94447420E04C2F40
:1054F00065E084E00E949E2321E020939D050E94A8
:10550000447420E04C2F6BE084E00E949E2322E054
:1055100020939D050E94447420E04C2F6BE084E0B2
:105520000E949E2323E020939D050E94447420E066
:105530004C2FAFC08091DE028150990BD81719060D
:105540000CF004C200E020E04C2F65E084E00E94F3
:105550009E23D0939D050E944474DF5FEBCFA598F6
:10556000739880910201877F8093020180910201EC
:105570008F7E80930201809102018F7D80930201D2
:10558000809102018F7B809302018091190290919A
:105590001A02892B09F4DAC18091DE028150990B3D
:1055A000D81719060CF0D2C100E020E04FEF60E000
:1055B00084E00E949E23D0939D050E944474DF5F87
:1055C000EBCFD83008F0C2C1ED2FF0E08827E451CE
:1055D000F54D8F4F0C944DBDF42A272B6E2BAE2B1F
:1055E000EC2B222C4F2C7B2CA598739880910201D8
:1055F000877F80930201809102018F7E8093020158
:10560000809102018F7D80930201809102018F7B46
:10561000809302018091190290911A02892B09F45A
:1056200095C1C0E08091DE028150990BC817190620
:105630000CF08CC100E020E04FEF60E084E00E94BD
:105640009E23C0939D050E944474CF5FEBCFA59825
:10565000739880910201877F8093020180910201FB
:105660008F7E80930201809102018062809302010B
:1056700080910201806480930201809119029091CF
:105680001A02009709F462C100E020E04C2F019754
:1056900069F46FE084E00E949E2324E020939D053E
:1056A0000E94447420E04C2F6FE00CC0612F84E016
:1056B0000E949E2324E020939D050E94447420E0D4
:1056C0004C2F612F84E00E949E2325E020939D05AE
:1056D000DF91CF911F910F910C944474A59873980A
:1056E00080910201886080930201809102018061B3
:1056F0008093020180910201806280930201809177
:1057000002018064809302018091190290911A0233
:10571000009709F41BC100E020E04C2F019789F4A9
:105720006BE084E00E949E2322E020939D050E946E
:10573000447420E04C2F6BE084E00E949E2323E021
:10574000C5CF612F84E00E949E2322E020939D0517
:105750000E94447420E04C2F612FEECFA59A739ADB
:105760008091020188608093020180910201806132
:1057700080930201809102018062809302018091F6
:1057800002018064809302018091190290911A02B3
:10579000009709F4DBC000E020E04C2F019781F472
:1057A00065E084E00E949E2310929D050E9444744F
:1057B00020E04C2F65E084E00E949E2321E086CF0C
:1057C000612F84E00E949E2310929D050E944474E4
:1057D00020E04C2F612FEFCFA59A739A80910201A0
:1057E00088608093020180910201806180930201B0
:1057F00080910201806280930201809102018064A5
:10580000809302018091190290911A02009709F485
:105810009DC0D0E0019709F45ECE8091DE028150F8
:10582000990BD81719060CF091C000E020E04C2F1E
:10583000612F84E00E949E23D0939D050E944474B2
:10584000DF5FEBCFA59A739A809102018860809305
:105850000201809102018061809302018091020126
:105860008F7D80930201809102018F7B80930201E2
:105870008091190290911A02892B09F467C000E007
:1058800020E04FEF60E084E00E949E2324E020931C
:105890009D050E94447420E04FEF60E013CFA59A6D
:1058A000739A80910201877F8093020180910201A7
:1058B0008F7E80930201809102018F7D809302018F
:1058C000809102018F7B8093020180911902909157
:1058D0001A02892BD9F100E020E04FEF60E084E06C
:1058E0000E949E2322E020939D050E94447420E0A4
:1058F0004FEF60E021CFA598739880910201877FD8
:1059000080930201809102018F7E80930201809139
:1059100002018F7D80930201809102018F7B809331
:1059200002018091190290911A02892B79F000E00E
:1059300020E04FEF60E084E00E949E2310929D05DE
:105940000E94447420E04FEF60E035CFDF91CF91AB
:105950001F910F9108950F93CF931092FA03C0E017
:1059600000E020E04FEF60E080E00E949E23C093C3
:105970009E050E942F74CF5FC73391F7C091080F27
:105980008091070F8C1768F000E020E04FEF60E097
:1059900082E00E949E23C0939D050E944474CF5FC5
:1059A000EFCFCF910F9108950F93CF93A598739850
:1059B00080910201877F80930201809102018F7E96
:1059C00080930201809102018F7D8093020180917A
:1059D00002018F7B809302018091CC02882311F019
:1059E0002C982D9810928B048091190290911A0294
:1059F000892B51F18091CC02C0E0811114C08091BB
:105A0000DE028150990BC8171906F4F400E020E07B
:105A10004FEF60E082E00E949E23C0939D050E94AC
:105A20004474CF5FECCF8091DE028C1768F000E009
:105A300020E04FEF60E082E00E949E23C0939D052E
:105A40000E944474CF5FEFCFCF910F910895EF92F2
:105A50000F931F93CF93DF938BEF9EE00E94A2548E
:105A6000882309F45AC18091CC028111CCC00E94D4
:105A700056139091EF03882309F48DC08091FB03A6
:105A8000811189C08091FC03811185C08091FD0343
:105A9000811181C08091F20381117DC0911138C0C4
:105AA0004091E30C8091B403EE24E394882309F43D
:105AB00084C000ED17E021E061E08AEB91E00E94F4
:105AC0001A1C0E94F57A81E08093EF038091B50360
:105AD0008823F1F040E355E760E070E086EA9DE05E
:105AE0000E94D2548091EF03811112C00E9456137C
:105AF000882309F473C08091FD03811109C080914E
:105B0000FB03811105C08091F203882309F466C06C
:105B10000E94D42C00919F021091A002609101027A
:105B200070E0C8010E9425BDEB0180918017825072
:105B3000823008F4CCC08AEB9DE00E945C54209136
:105B40009502672B682B692B09F4B4C0222309F452
:105B5000A1C0C0919F02D091A0028FEF96E10E9458
:105B6000914CC45DDE4FC81BD90B8091FB03882389
:105B700031F0C0919F02D091A002CC0FDD1FAE0189
:105B800070E060E08BEF9EE0DF91CF911F910F916D
:105B9000EF900C94D254992309F4A8CF8EE491E0AD
:105BA0000E94C61B89EB91E00E94C61B8AEB91E024
:105BB0000E94C61B1092EF0395CF10E000E020E09A
:105BC00060E08EE491E00E941A1C0CEF18E021E0E6
:105BD0004091E30C61E089EB91E071CF80918B04FF
:105BE0009091FB03992359F0882329F010928B049C
:105BF0000E94292A8FCF81E080938B04F9CF8730D0
:105C0000A8F78F5FF9CF0E94D42C8091EF038823EF
:105C100009F480CF8091B503882341F18091FB0383
:105C2000811124C08091FC03811120C08091FD036B
:105C300081111CC08091F203811118C085E991E0A7
:105C40000E94C61BEE24E39410E000E020E04091A7
:105C5000E30C61E085E991E00E941A1C40E355E7FE
:105C600060E070E086EA9DE00E94D2548EE491E00C
:105C70000E94C61B89EB91E00E94C61B8AEB91E053
:105C80000E94C61B1092EF030E94F7168FE60E9437
:105C90007C6240CF8091FD03882309F466CF8FEFAB
:105CA00096E10E94914CC0919F02D091A002C80F32
:105CB000D91F5BCF222371F3C0919F02D091A00224
:105CC0008FEF96E10E94914CCA56DF4F4CCF8091E6
:105CD0009502882381F08FEF96E10E94914C4091CC
:105CE0009F025091A0022091900230919102421B9C
:105CF000530BEA01DCCF8091FD03882309F435CFF3
:105D00008FEF96E10E94914CEC01C80166E070E0D3
:105D10000E9425BDC60FD71F28CFDF91CF911F91BD
:105D20000F91EF9008950F93CF93C0E08091E1021F
:105D3000C81768F400E020E04FEF60E080E00E94C8
:105D40009E23C0939E050E942F74CF5FEFCF1092C9
:105D5000F103CF910F910895EF920F931F93CF937B
:105D6000DF938BE397E10E94A254882309F449C191
:105D7000C091F1038C2F0C2E000C990B2091E102A5
:105D80002817190611F00CF06AC00E94932E109289
:105D9000F103D0E0C0E08091FC03811118C0809134
:105DA000FD03811114C080919502811110C0809172
:105DB000FB0381110CC080918017853021F4809104
:105DC000F203811104C00E945613882351F0809180
:105DD000F003882331F080E691E00E94B91B109215
:105DE000F00340914517042F10E0909195028091A7
:105DF00080178250823008F093C0911104C08091C6
:105E0000FD03882361F08FEF96E10E94914C209171
:105E1000900230919102021B130B080F191F809101
:105E2000FB03882339F085E09801829F8001839FDE
:105E3000100D112480910002AE01400F511F8230DD
:105E400058F0843009F4B6C008F076C0823009F406
:105E500086C0833009F49BC090E080E08BC08091C5
:105E60008017853099F50E945613811131C08091B9
:105E7000F20381112DC080919502811129C080917A
:105E8000FD03811125C08091F503811121C080910E
:105E9000FB0381111DC08091FC03811119C0809109
:105EA000F003811115C0C11113C04091E30C44519E
:105EB000EE24E39408E715E021E061E080E691E05C
:105EC0000E941A1C81E08093F00302C0843099F292
:105ED0008091A30381115DCF8091F1030E94DC29A1
:105EE0008091F1038F5F8093F1039091801794501C
:105EF000923008F04ECF9091FB0391114ACF082EBB
:105F0000000C990B2091E1022817190611F00CF0F2
:105F100040CF80914517CDE4D1E0C81BD1093BCFDC
:105F2000911105C08091FD03882309F478CF8FEF8C
:105F300096E10E94914C71CF853009F44EC08630B5
:105F400009F08ACF809180178450823008F442C0D3
:105F5000CA014333510570F082E390E00BC0809199
:105F6000801784508230C0F4CA014630510510F0C9
:105F700085E090E0481B590B70E060E08BE397E10F
:105F8000DF91CF911F910F91EF900C94D25480919B
:105F900080178450823038F4CA014B30510550F3D9
:105FA0008AE090E0E7CFCA014531510518F384E15A
:105FB00090E0E0CF809180178450823038F4CA019D
:105FC00040315105B8F28FE090E0D4CFCA014F3193
:105FD000510580F28EE190E0CDCF80918017845002
:105FE000823038F4CA014A31510520F289E190E04B
:105FF000C1CFCA014932510508F4BCCF88E290E014
:10600000B9CFDF91CF911F910F91EF9008950F932A
:10601000CF938091F903811119C0C0E08091E00213
:10602000C81780F400E020E04FEF60E081E00E94BC
:106030009E2320913A172C0F20939E050E942F74C7
:10604000CF5FECCFCF910F910C94A113CF910F9113
:1060500008950F931F93CF93DF93182F60918117AB
:1060600085E00E943E55D82F1093ED03C0917C1718
:10607000112309F44CC08091CC02882309F447C055
:106080008091F503882341F0E0918417F0E0E35E0E
:10609000F14F9081911104C09091FC03992371F00C
:1060A00080918117811120C080918417D3E08230C4
:1060B000D9F0A0F4813081F0D1E016C0882341F0FE
:1060C000E0918417F0E0E35EF14F80818823E9F0EE
:1060D0008091FB03882341F0D5E006C0DDE08330EA
:1060E00019F0D3E1843041F780917D17C81700F58E
:1060F00000E020E04FEF6D2F85E00E949E23C093CB
:106100009E050E942F74CF5FEFCFD0E0EDCF80913E
:106110007D17C81768F400E020E04FEF60E085E0ED
:106120000E949E23C0939E050E942F74CF5FEFCFE5
:10613000DF91CF911F910F9108950F93CF9380918D
:10614000B203882399F0C091060F8091050F8C1738
:1061500068F000E020E04FEF60E083E00E949E23C3
:10616000C0939D050E944474CF5FEFCFCF910F91F4
:106170000895EF920F931F938091F503882321F0E8
:106180000E9466210E940258809180178330A1F1FD
:10619000853009F443C08230B1F58CE791E00E946C
:1061A000C61B8BE791E00E94C61BEE24E39410E02F
:1061B00000E020E04091E30C60E082E090E00E948B
:1061C0001A1C80918017833009F044C020E0409170
:1061D000E30C60E087E290E00E941A1C8091811736
:1061E000823009F442C0833009F472C0813009F072
:1061F00040C087E390E03BC085E290E00E94C61B70
:1062000086E290E0D0CF81E090E00E94C61B8FE054
:1062100090E00E94C61B80E190E0C5CF81E090E055
:106220000E94C61B85E991E00E94C61B8091EF0386
:10623000882309F4BACF8EE491E00E94C61B89EB53
:1062400091E00E94C61B8AEB91E00E94C61B10924F
:10625000EF03ABCFEE24E39410E000E020E04091A8
:10626000E30C60E083E290E0B7CF82E390E00E942D
:10627000C61B8091FC0381111CC0EE24E39410E046
:1062800000E020E04091E30C61E08BE490E00E94AC
:106290001A1C20E04091E30C61E08EE790E00E9440
:1062A0001A1C20E04091E30C60E08FE790E00E9430
:1062B0001A1C8091CC02811102C00E949D308091F5
:1062C0008917853041F41F910F91EF900C94F410D1
:1062D00087E491E0CCCF1F910F91EF9008950F9339
:1062E000CF93C091080F8091070F8C1768F000E0E2
:1062F00020E04FEF60E082E00E949E23C0939D0566
:106300000E944474CF5FEFCFCF910F91089580E04A
:106310000E94293080E00E94D41010922D17109214
:106320002E170E94073080919C02882351F08091A3
:106330003A17809339178091080F8093B504109213
:10634000B6048091010490910204009739F42091E1
:10635000A102211103C021E02093A1022091CC02CF
:10636000211106C02091FB03222311F0892B21F477
:106370000E946F310E949D300C940258EF920F934F
:106380001F9380910304811103C082E50E947C6207
:1063900010921C0E10921D0E83EB90E00E94C61B03
:1063A00084E591E00E94C61B80918117823039F10B
:1063B0004091E30C809180178250EE24E39410E02A
:1063C00000E020E060E0823008F45AC083E691E00B
:1063D0000E941A1C809180178450823020F489E634
:1063E00091E00E94C61BEE24E39410E000E020E060
:1063F0004091E30C60E084EB90E00E941A1C109244
:10640000FC0380E00E94431080E00E94F70F80911F
:1064100080178250823040F4809181170E94A11031
:10642000811102C00E9487311092FB0382E10E9419
:10643000D85580919602882321F00E9402580E942C
:1064400070130E94681380E00E949D1F80E00E94EC
:10645000293080E00E94D4101092080E1092090E8C
:106460001092120E1092130E4091A40250E070E0B0
:1064700060E08FE297E11F910F91EF900C94D2545E
:1064800086E591E0A5CF0E94932E0E94D42C109215
:106490001C0E10921D0E1092FC031092F30310922A
:1064A000FD031092F7031092F60381E080939C02A3
:1064B0000E9487310E946813809180178250823039
:1064C00008F45AC08091DF028093451786E990E076
:1064D0009093A00280939F024091451750E070E096
:1064E00060E08BE397E10E94D25440919F0250916B
:1064F000A00270E060E08BEF9EE00E94D2544091D9
:10650000A40250E070E060E08FE297E10E94D25474
:106510004CE251E060E070E085E29FE00E94D254DE
:106520000E94F4108EE18093A2028091F8038823E8
:1065300079F01092F80370E060E086E00E941E623D
:106540006091F80370E083E30E94B2550E94A113AA
:106550008091FB038823B9F01092FB030E948F10F7
:10656000682F70E088E00E941E620E948F10682FE2
:1065700070E081E30C94B25580910302809345173B
:1065800088E592E0A5CF08950E94A110882351F1DB
:106590000E9487310E94A11380918017843019F0E6
:1065A000853089F0089544E650E06091E30C8FE077
:1065B00090E00E945D7944E650E06091E30C80E158
:1065C00090E00C945D7944E650E06091E30C8DE935
:1065D00091E00E945D7944E650E06091E30C85E92A
:1065E00091E0EFCF08950F9300E021E00E949E23F9
:1065F0000F9108950F93CF93DF9381E08093FA0377
:1066000067E080E00E943E55D82FC0E08091E10213
:10661000C81768F400E020E04FEF6D2F80E00E9483
:106620009E23C0939E050E942F74CF5FEFCF67E03B
:1066300081E00E943E55D82FC0E08091E002C8174B
:1066400080F400E020E04FEF6D2F81E00E949E2358
:1066500020913A172C0F20939E050E942F74CF5F34
:10666000ECCF67E082E00E943E55D82FC091080F22
:106670008091070F8C17B8F08091B103813059F4E5
:106680004FEF6D2F82E00E94F332C0939D050E9470
:106690004474CF5FEDCF00E020E04FEF6D2F82E03C
:1066A0000E949E23F2CF86E3DF91CF910F910C944D
:1066B000D855EF920F931F93CF938DEC9EE00E94DD
:1066C000D65383EB9EE00E94D65389E99EE00E9458
:1066D000D6538FE79EE00E94D6538DE69DE00E9440
:1066E000D65385E69EE00E94D6538BE49EE00E943E
:1066F000D6538091EF0381110EC00E945613882358
:1067000051F08091FD03811106C08091FB0381113E
:1067100002C08091F2039091CC02911143C2811189
:1067200041C280911B020E94850FC82F8091801763
:106730009EEF980F923008F059C081EF9EE00E94C2
:106740005C54643F71408105910508F043C02C9A68
:106750008091190290911A020097D1F0019729F4C3
:1067600000E020E04C2F6FE009C08091801700E02E
:1067700020E04C2F65E0823009F063E084E00E9465
:106780009E232091DE02215020939D050E94447497
:1067900080912402882349F081EF9EE00E945C549E
:1067A000643F714081059105A8F52D9A80911902E9
:1067B00090911A02892BB9F100E020E04C2F6BE098
:1067C00084E00E949E232091DE0220939D050E947A
:1067D000447429C02C988091190290911A02892B37
:1067E000B9F200E020E04FEF60E0C8CF2C9A209192
:1067F000190230911A022115310551F2213031056B
:1068000009F4AECF843009F4ABCF00E020E04C2F88
:1068100063E1B4CF2D988091190290911A0200E0A3
:10682000892B09F0D6C181EF9EE00E94A2548823F3
:1068300021F081EF9EE00E94E5548091B30388230C
:1068400009F4CBC18091CC0281110DC081E080930D
:10685000CC028EE40E947C6284E10E94D8550E94A2
:106860006F310E949D3085E69EE00E944A5481115E
:1068700006C085E69EE00E9438548823A1F18FE38C
:1068800090E00E94C61B80E490E00E94C61B86E553
:1068900090E00E94C61B87E590E00E94C61B809195
:1068A0002002882309F455C210922002EE24E394BA
:1068B00010E000E020E04091E30C60E080E490E034
:1068C0000E941A1C8091010490910204019759F0D2
:1068D00020E04091E30C60E087E590E00E941A1C04
:1068E00081E20E947C628BE49EE00E944A54811106
:1068F00006C08BE49EE00E943854882399F185E518
:1069000090E00E94C61B84E590E00E94C61B809127
:106910009702882309F43DC21092970280E00E94FA
:1069200043108CE290E00E94C61BEE24E39410E03A
:1069300000E020E04091E30C60E08CE290E00E94F7
:106940001A1C8091010490910204019759F020E0F3
:106950004091E30C60E085E590E00E941A1C8FE115
:106960000E947C628FE79EE00E944A54811106C01B
:106970008FE79EE00E9438548823B9F180E590E0CB
:106980000E94C61B81E590E00E94C61B2091910EDB
:106990003091920E90912402232B09F01EC2209177
:1069A000010430910204232B61F42091C50E309133
:1069B000C60E2130310529F4809100048F5F809349
:1069C0000004911112C089E00E947C6281E08093F2
:1069D0002402EE24E39410E000E020E04091E30C78
:1069E00060E080E590E00E941A1C89E99EE00E9428
:1069F0004A54811106C089E99EE00E9438548823D8
:106A000091F084E490E00E94C61BEE24E39410E031
:106A100000E020E04091E30C60E084E490E00E941C
:106A20001A1C1092B60383EB9EE00E944A54811117
:106A300006C083EB9EE00E943854882309F110922F
:106A40000004809122028823D9F00E948F108823AD
:106A500009F4D6C18091010490910204892B81F43C
:106A600088E290E00E94C61BEE24E39410E000E070
:106A700020E04091E30C60E088E290E00E941A1C64
:106A80008DEC9EE00E944A54811106C08DEC9EE080
:106A90000E9438548823C1F110920004809180171D
:106AA0008250823008F4BBC181E691E00E94C61B8F
:106AB000EE24E39410E000E020E04091E30C60E07D
:106AC00081E691E00E941A1C8091DF0E9091E00E09
:106AD000892B09F0BDC181E080937F1780917E17DB
:106AE000813061F48091010490910204892B31F48A
:106AF00082E090E09093FF038093FE038CE40E9479
:106B00007C628FE30E94D855809101049091020429
:106B1000892B09F04AC28091F803811146C2809105
:106B2000FA03811142C2909180178091B6038111BE
:106B300011C22091AB0E3091AC0E232B09F0BDC1D8
:106B40008CEF890F823030F5943009F093C183E0E7
:106B5000809380178093910D8CE00E947C628EE27E
:106B60000E94D85589E99EE00E944A54811106C0CE
:106B700089E99EE00E943854882361F0EE24E39472
:106B800010E000E020E04091E30C60E08EE490E053
:106B90000E941A1C0E947013CF911F910F91EF90C9
:106BA0000C9443322C982D988091190290911A02DE
:106BB000892B09F438CE00E020E04FEF60E084E05C
:106BC0000E949E232091DE02215020939D050E9469
:106BD000447420E04FEF60E0F3CD8DE69DE00E942D
:106BE0003854882309F459C08DE390E00E94C61BF5
:106BF00084E691E00E94C61B85E691E00E94C61BD8
:106C000086E691E00E94C61B87E691E00E94C61BC3
:106C10008EE390E00E94C61B88E290E00E94C61BB3
:106C200082E490E00E94C61B84E490E00E94C61BB0
:106C3000EE24E39410E000E020E04091E30C60E0FB
:106C40008EE390E00E941A1CC091E30C0E94DABA15
:106C500025E030E040E050E00E94A6BCFB01EE0FD2
:106C6000FF1FE950F44F8591949108E710E021E06F
:106C70004C2F60E00E941A1C809101049091020444
:106C8000019709F058C010E000E020E04091E30CCB
:106C900060E082E490E00E941A1C8DE69DE00E9474
:106CA0004A54882351F188E290E00E94C61B8CE28E
:106CB00090E00E94C61BEE24E39410E000E020E088
:106CC0004091E30C60E088E290E00E941A1C20E012
:106CD0004091E30C60E08CE290E00E941A1C8091ED
:106CE000010490910204019769F520E04091E30CC2
:106CF00060E082E490E00E941A1C8091CC02209116
:106D00007F0D3091800D232B09F49ECD882309F44B
:106D1000AACD1092CC020E9407308FE40E947C62C0
:106D200085E10E94D8558091FA03882309F49BCD10
:106D30000E94FA3298CD8091FA038111AECF109261
:106D40009C02ABCF8091FA038111D7CF10929C02A5
:106D5000D4CF81E080932002EE24E39410E000E0A1
:106D600020E04091E30C60E08FE390E00E941A1C69
:106D70008091010490910204019709F4B4CD20E0C0
:106D80004091E30C60E086E590E00E941A1C82E2EC
:106D9000A8CD81E0809397028DE390E00E94C61B0E
:106DA000EE24E39410E000E020E04091E30C60E08A
:106DB0008DE390E00E941A1C8091010490910204DE
:106DC000019709F4CFCD20E04091E30C60E084E529
:106DD00090E00E941A1C80E2C3CD992309F405CEED
:106DE0008AE00E947C6210922402EE24E39410E078
:106DF00000E020E04091E30C60E081E590E0F3CD1D
:106E000087E791E00E94C61BEE24E39410E000E0C7
:106E100020E04091E30C60E087E791E02FCE809185
:106E2000DF0E9091E00E019709F04ECE80910104A3
:106E300090910204019709F047CEEE24E39410E00C
:106E400000E020E04091E30C60E082E090E03ACE88
:106E500010927F1780910104909102048130910576
:106E600021F49093FF038093FE038DE40E947C62E3
:106E700080E448CE82E0809380178093910D8BE070
:106E80000E947C628FE20E94D85589E99EE00E94B0
:106E90004A54811107C089E99EE00E943854882332
:106EA00009F478CEEE24E39410E000E020E0409175
:106EB000E30C60E08DE490E06BCE8EEF890F8230C2
:106EC00008F068CE923019F584E0809380178093A3
:106ED000910D8DE00E947C628DE20E94D85589E977
:106EE0009EE00E944A54811107C089E99EE00E94F9
:106EF0003854882309F44ECEEE24E39410E000E0E9
:106F000020E04091E30C60E08EE590E041CE85E02A
:106F1000809380178093910D8EE00E947C628CE2BA
:106F20000E94D85589E99EE00E944A54811107C009
:106F300089E99EE00E943854882309F42BCEEE2480
:106F4000E39410E000E020E04091E30C60E083E097
:106F500091E01ECE8091910D891739F1833069F04F
:106F6000853091F08230B9F4809380178BE00E94D5
:106F70007C628FE20E94D8550DCE809380178CE002
:106F80000E947C628EE2F6CF809380178EE00E9492
:106F90007C628CE2EFCF84E0809380178093910D28
:106FA0008DE00E947C628DE2E5CFCF911F910F9121
:106FB000EF900895EF92FF920F931F93CF93DF937B
:106FC000EC0185E29FE00E94A254882309F4ECC101
:106FD00080919302882309F494C089E09FE00E9485
:106FE000274C882309F4ACC010929302AE0170E0E4
:106FF00060E085E29FE00E94D254D0939902C09352
:107000009802809117020E94850FF82E80911D0230
:1070100015E0882331F06091811782E00E943E558F
:10702000182F0E945613882359F0809181178111DF
:1070300007C08091170286950E94850FF82E1BE0ED
:107040008091CC02E090B50490912002992309F43C
:10705000C6C0811127C08091B103813009F0ADC055
:107060004F2D612F82E00E94F332E0929D050E9435
:1070700044741091B504812F012E000C990B2091BE
:10708000080F00E02817190609F09FC020E04FEF15
:1070900060E082E00E949E232091070F20939D05CF
:1070A0000E9444748091B5048F5F8093B504082ECC
:1070B000000C990B2091070F2817190624F48091D2
:1070C000080F8093B5048091B203882309F46CC142
:1070D0009091B50490FD68C19091F603911164C13F
:1070E0009091B704911160C190910202963008F01E
:1070F000C2C0943008F008C1923008F007C121974F
:10710000BEC08091F603882379F10E949D3089E00A
:107110009FE00E94274C882399F01092F6038091FB
:10712000EA0D882309F46DCF8091CC02811169CFDB
:107130008091B704811165CF81E08093B70461CF5E
:1071400089E09FE00E94914CAC0170E060E085E234
:107150009FE00E94D25489E09FE00E94914C90935E
:107160009902809398024DCFD0939902C0939802D0
:10717000809102028230B8F0853040F0CE01049751
:10718000C430D10559F4C1E0D0E00FC090E0C81779
:10719000D907C9F39E01281B390BC901C817D907A4
:1071A00090F3EC0102C0209771F3AE0170E060E053
:1071B00085E29FE00E94D25424CF00E020E04F2DD2
:1071C000612F82E00E949E2350CF20E04FEF60E0CD
:1071D00082E00E949E23115010939D0561CF811182
:1071E00026C08091B1038130A1F54F2D612F82E03F
:1071F0000E94F332E0929D050E9444741091B50400
:10720000812F012E000C990B2091070F00E0281709
:10721000190609F034F520E04FEF60E082E00E94AB
:107220009E232091080F20939D050E944474809115
:10723000B50481508093B504082E000C990B209161
:10724000080F2817190609F00CF43DCF8091070F9D
:1072500038CF00E020E04F2D612F82E00E949E2376
:10726000C9CF20E04FEF60E082E00E949E231F5FC5
:1072700010939D05DACF9A3008F041CF2497C230A1
:10728000D10510F4C2E0D0E0F090060F86950FEF24
:107290000F0D080F809117020E94850F182F809103
:1072A0008A04082E000C990BF816190619F014F030
:1072B000F0928A04F090811736E0F31629F00E94CC
:1072C0005613882309F477C080918A04082E000C95
:1072D000990B0817190609F0ACF486E0F81609F4C2
:1072E0006CC080919A058F5F853090F4982F9370D1
:1072F00079F080939A0580919A05813059F0823017
:1073000009F45BC08DE007C02397B9CF2297B7CFB0
:1073100081E0EFCF8BE090912002992309F463C0C4
:10732000A89788F59091CC0291112DC090911602EA
:10733000913009F444C0923009F447C000E020E0E5
:10734000412F682F83E00E949E2320918A0420937E
:107350009D050E944474C0918A048C2F0C2E000C51
:10736000990B2091060F00E02817190691F520E0EF
:107370004FEF60E083E00E949E232091050F209351
:107380009D050E94447480918A048F5F80938A04D3
:10739000082E000C990B2091050F2817190624F4CC
:1073A0008091060F80938A04DF91CF911F910F91F6
:1073B000FF90EF90089580E0AECF81E0ACCF412FF9
:1073C000682F83E00E94F332C0CF612F0E9489763C
:1073D000BCCF20E04FEF60E083E00E949E23C150CD
:1073E000C0939D05CECFA89780F59091CC029111C6
:1073F0002CC0909116029130D1F19230F1F100E061
:1074000020E0412F682F83E00E949E2320918A0470
:1074100020939D050E944474C0918A048C2F0C2EE9
:10742000000C990B2091050F00E02817190609F0B0
:1074300044F520E04FEF60E083E00E949E2320911E
:10744000060F20939D050E94447480918A04815008
:1074500080938A04082E000C990B2091060F2817A0
:10746000190609F00CF4A0CF8091050F9BCF412F96
:10747000682F83E00E94F332C9CF612F0E94897682
:10748000C5CF20E04FEF60E083E00E949E23CF5FF6
:10749000C0939D05D8CF3F924F925F926F927F929B
:1074A0008F929F92AF92BF92CF92DF92EF92FF9214
:1074B0000F931F93CF93DF9380919C028823B9F0A1
:1074C00010929C021092B6048091080F8093B5042C
:1074D000809180178250823008F4EFC080913A1773
:1074E00090912002992309F4E6C0809339170E94F5
:1074F0008F109091FC038111E4C020910104309120
:107500000204232B09F4DDC08091F7038111D9C057
:107510009111DAC08091FB03811136C0109295025F
:107520001092930281E08093FB0380918017825038
:1075300044EF51E060E070E0823090F48091811778
:107540000E94A110811102C00E94873140E050E0EA
:10755000BA018FE297E10E94D25440E050E0BA01B4
:1075600087EE9EE00E94D2540E94B9300E948F1094
:10757000682F70E087E00E941E620E948F10682FC3
:1075800070E080E30E94B255809181170E94A110A3
:10759000811108C08091040220E1829FC001112462
:1075A0000E94DA37809180178250823008F418C127
:1075B0008091A402EAE08E9FC00111240E9429114B
:1075C00087EE9EE00E94A254882309F4EFC080E079
:1075D0000E94293080E00E94D41040919002509186
:1075E000910270E060E087EE9EE00E94D2548AE54E
:1075F0000E940711C09181178C2F0E94A11088232F
:1076000009F443C68091010490910204019759F452
:1076100080912D17811107C040E050E0BA0185E24A
:1076200097E10E94D25485E297E10E94A2548823F8
:1076300009F4E7C51091CC028091010490910204F5
:10764000892B09F00DC5D091FD03DD2309F408C590
:10765000C0E0112309F4A4C410E08091E002C8172F
:1076600008F0CBC400E020E04FEF60E081E00E9432
:107670009E2320913A172C0F20939E050E942F7471
:10768000111117C060913A176C0F60939E0570E05E
:1076900080916817909169176817790750F486E60A
:1076A00097E10E94CE0C11E0672B682B692B09F43F
:1076B00010E0CF5FD2CF8E5F18CF83E08093B40409
:1076C00016CF992309F405C28091FB03811134C0C0
:1076D000109295021092930280918017825044EF8D
:1076E00051E060E070E0823090F4809181170E9458
:1076F000A1108111B9C00E94873140E050E0BA0169
:107700008FE297E10E94D25440E050E0BA0187EE48
:107710009EE00E94D25480919602882341F080918D
:10772000E10281508093F10380E00E94DC2981E036
:107730008093FB030E94B9308091EE03811107C052
:1077400080918117823019F081E00E94431087E315
:107750009EE00E94A254882309F4C8C04091E30C23
:1077600080918117EE24E39410E000E020E0823065
:1077700009F07DC061E084E591E00E941A1C8091CF
:10778000841740918C0250918D02823009F4A2C07E
:1077900008F093C040918E0250918F02813009F41D
:1077A00099C0409186025091870294C087EE9EE076
:1077B0000E945C5420919002309191023695279559
:1077C000890130E020E0601771078207930708F015
:1077D0000ECF81E00E94293081E00E94D41007CFB3
:1077E00080919002909191029C01220F331F820F91
:1077F000931F0E945E2887EE9EE00E94A254882379
:10780000A1F040919002509191025695479570E0F9
:1078100060E087EE9EE00E94D25480E00E94293012
:1078200080E00E94D4108EE1E3CE87EE9EE00E94BD
:107830005C542091900230919102369527953695AF
:107840002795890130E020E06017710782079307D0
:1078500008F0D0CE86E20E94071181E00E94293014
:1078600081E00E94D410C6CE0E94A11346CF60E0F2
:1078700082EB90E00E941A1CC091E30C0E94DABADD
:1078800025E030E040E050E00E94A6BCFB01EE0F96
:10789000FF1FE950F44F8591949108E710E021E033
:1078A0004C2F60E00E941A1C08EE13E021E040918A
:1078B000E30C61E083EB90E060CF40918A0250914D
:1078C0008B02833039F040918802509189028430D4
:1078D00009F067CF70E060E084E19EE00E94D2543E
:1078E0008091EE03811102C00E94431080918117A4
:1078F0000E94A110811110C080919602882321F06E
:107900008091F103181644F480910402F0E18F9FF6
:10791000C00111240E94DA37809180178250823092
:1079200008F462C08091960281114FC08091A40238
:107930002AE0829FC00111240E9429118CE30E9439
:10794000071180911C0E8823B1F18091811782303C
:1079500091F18091EE03882319F081E00E94431099
:1079600081E00E94F70F80E09EE00E94A2548823ED
:1079700009F495C01092080E1092090E42E350E0EF
:1079800060E070E08AE09EE00E94D254809185021F
:10799000882339F081E00E9429308091850281118D
:1079A00007C08091ED03811103C081E00E9429305E
:1079B00081E00E94D41084E19EE00E94A2548823BA
:1079C00009F418CE0E94BE3115CE8091F10318162D
:1079D0000CF05FC08091A402EAE08E9FC0011124E8
:1079E0000E9429118EE1ABCF87EE9EE00E94A25447
:1079F000882331F14091900250919102569547951C
:107A000070E060E087EE9EE00E94D2548091811782
:107A10000E94A110811195CF80911E02C0E08111BA
:107A200003C00E9487318DCF8C2F0E94C70F909189
:107A30003A17890F0E941827CF5FC430A9F781CF6A
:107A400087EE9EE00E945C5420919002309191025A
:107A50003695279536952795890130E020E0601707
:107A600071078207930708F06CCF8091960281110D
:107A70000CC08EE10E940711809181170E94A11015
:107A800081115FCF0E94C3235CCF8091F103181650
:107A900084F380E00E9407110E946F3152CF8AE088
:107AA0009EE00E94A254882309F477CF1092120E10
:107AB0001092130E42E350E060E070E080E09EE040
:107AC0000E94D25480918502882309F46ACF80E015
:107AD00062CF60919A0270919B02809194028823F8
:107AE00009F4BDC0109294028FEF96E10E94854C7C
:107AF000609198027091990289E09FE00E94854C04
:107B00008091801782508230D0F460919002709101
:107B1000910205E110E028EB3BE040E050E08FEF00
:107B200096E10E944C4C6091050270E028EB3BE02E
:107B300040E050E089E09FE00E944C4C41C08AEB5D
:107B40009DE00E945C542091A402672B682B692B56
:107B5000A1F0622F70E009E010E020E737E140E09B
:107B600050E08FEF96E10E944C4C6091040270E06F
:107B700020E737E140E050E0DDCF622F70E08091F8
:107B8000EF03882391F003E010E02CED35E040E0B6
:107B900050E08FEF96E10E944C4C6091040270E03F
:107BA0002CED35E040E050E0C5CF70939B02609330
:107BB0009A028091040290E0909399028093980237
:107BC00020919A0230919B029091801792509230AE
:107BD00008F003C1C9010E945E288091EA0D882344
:107BE00009F452C180918017853009F04DC1809110
:107BF0002D17811107C040E050E0BA0185E297E1FE
:107C00000E94D25485E297E10E94A254882309F48D
:107C10003BC18091CC02C0E0882309F4E2C080918E
:107C2000E002C81708F028C160E170E080E090E051
:107C30000E94510AAB01BC01495C5F4F6F4F7F4FFF
:107C400000E020E063E181E00E949E2320913A174A
:107C50002C0F20939E050E942F74CF5FE0CF809160
:107C6000F703882309F4ACCF1092F7038FEF96E166
:107C70000E94854C609198027091990289E09FE082
:107C80000E94854C80918017823009F560919002A6
:107C90007091910290E080E00E9471BB26E636E68A
:107CA00046EA5FE30E94D2BB0E9467BE04E110E097
:107CB00024EC39E040E050E08FEF96E10E944C4C1C
:107CC00024EC39E040E050E06CE271E033CF8330E7
:107CD000F9F4609190027091910290E080E00E942E
:107CE00071BB26E636E646EA5FE30E94D2BB0E94FD
:107CF00067BE04E110E024E630E040E050E08FEFA2
:107D000096E10E944C4C24E630E040E050E0DCCFAD
:107D10009091EA0D992331F16091E20D7091E30D9C
:107D20008091E40D9091E50DB3E0CB2ED12CE12CA8
:107D3000F12CA70196010E94D8BC08E010E06CE28B
:107D400071E08FEF96E10E944C4C6091E20D7091D2
:107D5000E30D8091E40D9091E50DA70196010E943D
:107D6000D8BCB2CF9091EF03853099F4911113C034
:107D700008E010E021E43AE040E050E06CE271E01D
:107D80008FEF96E10E944C4C21E43AE040E050E055
:107D90009BCF992389F008E010E020E632E240E032
:107DA00050E06CE271E08FEF96E10E944C4C20E6CF
:107DB00032E240E050E088CF08E010E024E039E211
:107DC00040E050E06CE271E08FEF96E10E944C4C95
:107DD00024E039E240E050E077CFC9010E94291148
:107DE000FCCE80911802C81708F046C02091080FF9
:107DF0002C0F3327331F8091B504082E000C990BEC
:107E000001972817390741F48091B70481111FC0E9
:107E10008091F60381111BC08091B1038130C9F4B8
:107E200060E170E080E090E00E94510AAB01BC018B
:107E3000495C5F4F6F4F7F4F63E182E00E94F332F6
:107E40002091080F2C0F20939D050E944474CF5F52
:107E5000C8CF60E170E080E090E00E94510AAB0181
:107E6000BC01495C5F4F6F4F7F4F00E020E063E152
:107E700082E00E949E23E4CF44E650E060E070E0A0
:107E800085E297E10E94D254C091CC028091811783
:107E90000E94A110C111AECB811106C08091980241
:107EA000909199020E94DA378091B704882309F4EF
:107EB000A1CBC091E20DD091E30D82EE9DE00E9436
:107EC0005C542091E20D3091E30D4091E40D50910E
:107ED000E50DC21BD30B6C0F7D1FE4E6E69FC001CE
:107EE000E79F900D1124BC0190E080E00E94D8BC77
:107EF0002F30310518F41092B70420E0822F0E9431
:107F0000850F482F9091B504292F092E000C330BB3
:107F10008091B103509120025523D1F05091080F68
:107F2000CFEF5217130659F5813059F46BE082E018
:107F30000E94F3322091070F20939D050E94447404
:107F400059CB00E020E06BE082E00E949E23F2CF5C
:107F50005091070F5217130609F084F4813039F459
:107F60006BE082E00E94F3322091080FE5CF00E041
:107F700020E06BE082E00E949E23F6CFC1E0C90FB3
:107F8000813039F46BE082E00E94F332C0939D05AA
:107F9000D5CF00E020E06BE082E00E949E23F6CF88
:107FA00080911802C81748F500E020E04FEF60E02C
:107FB00082E00E949E232091080F2C0F20939D05A4
:107FC0000E944474112319F01D2FCF5FE9CF6091F7
:107FD000080F6C0F60939D0570E08091521790918F
:107FE00053176817790788F780E597E10E94CE0C50
:107FF000672B682B692B41F7E8CF1123C9F04EE1BD
:1080000050E060E070E085E297E1DF91CF911F9151
:108010000F91FF90EF90DF90CF90BF90AF909F9027
:108020008F907F906F905F904F903F900C94D254C0
:1080300010922D1710922E171092FD03DF91CF9101
:108040001F910F91FF90EF90DF90CF90BF90AF9076
:108050009F908F907F906F905F904F903F9008958A
:108060008091F503882309F450C080918417C7E9F3
:10807000823061F028F4C9E7813041F0CDED06C0CF
:10808000C5EB833019F0C9EC8430C1F7D8E2112375
:1080900009F44DC010E04C2E512C712C612C8091B4
:1080A000E002181708F099C080911D02A5E0BA2ED1
:1080B000882331F06091811781E00E943E55B82EEF
:1080C000CD2ED12CF12CE12CC414D504E604F704F8
:1080D00064F4C301B2016C197D098E099F090E94E5
:1080E000510AC60ED71EE81EF91E00E020E04C2DF6
:1080F0006B2D81E00E949E2320913A17210F20933F
:108100009E050E942F741F5FCACF8091FB038111CF
:108110000BC08091FC03811107C08091F303C9E774
:10812000D2E3882309F4B3CFC9E2D4E1B0CF10E0A1
:108130008C2E912CB12CA12C80911802181708F0CC
:108140004CC080911D02F5E07F2E882331F06091B4
:10815000811782E00E943E55782ECD2ED12CF12C35
:10816000E12C8091B1038130F9F4C814D904EA04F8
:10817000FB0464F4C501B4016C197D098E099F09E3
:108180000E94510AC60ED71EE81EF91E4C2D672DFF
:1081900082E00E94F3322091080F210F20939D0569
:1081A0000E9444741F5FC8CFC814D904EA04FB04BA
:1081B00064F4C501B4016C197D098E099F090E9400
:1081C000510AC60ED71EE81EF91E00E020E04C2D15
:1081D000672D82E00E949E23DECFD23399F5C93706
:1081E00089F56FE170E080E090E00E94510AAB01F8
:1081F000BC014A5B5F4F6F4F7F4F85E297E10E9462
:10820000D2548091F503811119CF8091FC03811123
:1082100015CF8091FB03811111CF8091A202DF91D4
:10822000CF911F910F91FF90EF90DF90CF90BF9073
:10823000AF909F908F907F906F905F904F903F9006
:108240000C940711809184174AE550E060E070E0DB
:10825000823099F258F444E650E060E070E08130FA
:1082600061F24CE350E060E070E0C7CF40E550E0E1
:1082700060E070E0833009F4C0CF46E450E060E095
:1082800070E0843009F4B9CFECCF8091CC02882320
:1082900009F4D4CE80911D02882309F4F6C06C2F16
:1082A00081E00E943E55C82F8091E0028C3009F495
:1082B000C2E2809180178250823008F4EBC05FE206
:1082C000852E5FE0952E65ECA62E63E0B62E7CE849
:1082D000C72E74E0D72EE7E1EE2EE3E1FE2ED0E0CC
:1082E00033243394C4010E94B54E882319F1F6015A
:1082F0003082C4010E94034F182FF50180838D2F17
:108300000E94B7108823B1F000E020E0412F6C2FCD
:1083100081E00E949E232B013C018D2F0E94B7100B
:1083200090913A179150890F80939E05C301B20135
:108330000E942F74809121020E94850F782EC40123
:108340000E94904E882309F441C0F5018081871571
:10835000E8F1F60180818823C9F1F5017082F60108
:108360001082672DC7010E94F74E8091E002209194
:108370009A0230919B028C3009F489C0C901880FA0
:10838000991F280F391F50E040E005E110E060E040
:10839000C7010E94C44E8D2F0E94B7108823B1F0F0
:1083A00000E020E0472D6C2F81E00E949E232B01EE
:1083B0003C018D2F0E94B71090913A179150890F70
:1083C00080939E05C301B2010E942F74C7010E94D1
:1083D000B54E882309F1C7010E94034F182FF501FC
:1083E00080838D2F0E94B7108823B1F000E020E039
:1083F000412F6C2F81E00E949E232B013C018D2F89
:108400000E94B71090913A179150890F80939E0562
:10841000C301B2010E942F74C7010E94904E8823AD
:1084200019F1F601808181111FC0F5011082F6015A
:1084300030828D2F0E94B7108823B1F000E020E039
:108440004FEF60E081E00E949E232B013C018D2FC5
:108450000E94B71090913A179150890F80939E0512
:10846000C301B2010E942F74DF5FF9E18F0E911CEE
:108470002FEFA21AB20A8FEFC81AD80A99E1E90EB3
:10848000F11CD83209F02ECFD9CDC5E00DCF220F87
:10849000331F79CF80911E02882309F4CFCD8091BC
:1084A000FC03882351F0809181179BEF980F923045
:1084B00008F4A9C0843009F4A6C0809121020E946A
:1084C000850F782ED0E089E1682E11E0E72DE1508C
:1084D000FF0B5F018091E002D81708F0AFCDED2EC1
:1084E000F12CD69D60011124C601815D904F4C0195
:1084F0000E94B54E8823E1F0F701E457FB4F10834B
:10850000C4010E94034F582E0091FC03012720E074
:10851000482F6C2F81E00E949E2320913A172D0F47
:1085200020939E050E942F74F701EB53FC4F50825D
:10853000C4010E94904E882301F1F701EB53FC4FD8
:108540004F0180818A151B04C1F4F701E457FB4FEA
:108550008081882391F00091FC03012720E0472DC2
:108560006C2F81E00E949E2320913A172D0F2093BB
:108570009E050E942F74F4017082C601895E9C4E94
:108580006C010E94B54E8823E1F0C6010E94034FA2
:10859000982E0091FC03012720E0482F6C2F81E0EA
:1085A0000E949E2320913A172D0F20939E050E9432
:1085B0002F74F701EB53FC4F9082F701E457FB4F08
:1085C0001082C6010E94904E8823D9F0F701E4572B
:1085D000FB4F6F018081811114C000E020E04FEF5C
:1085E00060E081E00E949E2320913A172D0F209396
:1085F0009E050E942F74F701EB53FC4F1082F60189
:108600001083DF5F67CFC5E058CFBF92CF92DF9274
:10861000EF92FF920F931F93CF93DF9300D000D080
:10862000CDB7DEB79C012D5B31403093B80320936A
:10863000B7032115310509F433C137FF12C0109279
:10864000B8031092B70381E08093B90466E57CE03B
:10865000CE0101960E94C70ACE0101960E94BF0A70
:108660001FC14091CD025091CE02BA016D5B7140A5
:10867000261737070CF024C14817590708F420C102
:1086800084EF91E09093BA038093B9030E94817FB5
:108690006B017C010E94DABA20E031E040E050E05A
:1086A0000E94A6BC9B01AC012C0D3D1D4E1D5F1D03
:1086B00065E979EE81ED9BE50E9409BD292F3327FD
:1086C00044275527262737274827592765E979EE74
:1086D00081ED9BE50E9409BD9B01AC01E7EC2E27D3
:1086E000E1E03E27E1E14E27E3E55E2769EB70E933
:1086F0008AE698E20E9409BDDC01CB0127E58227CA
:1087000023E792272AE2A2272AEAB2279C01AD0199
:108710006DE056954795379527956A95D1F72827A7
:1087200039274A275B2765E979EE81ED9BE50E94B1
:1087300009BD8B019C01EFE03695279517950795AC
:10874000EA95D1F7AB01BC01402751276227732777
:108750000091B7031091B8036801012E000CEE08D8
:10876000FF0884E090E0A0E0B0E08C159D05AE0528
:10877000BF0540F432E0880F991FAA1FBB1F3A952E
:10878000D1F7F3CF0197A109B109C12CD12C760102
:108790000097A105B10551F0B695A79597958795D6
:1087A000EFEFCE1ADE0AEE0AFE0AF2CFF694E79455
:1087B000D794C794C0928B05D0928C05E0928D051A
:1087C000F0928E0581E090E002C0880F991FCA9454
:1087D000E2F70197092E000CAA0BBB0B80938F05C3
:1087E00090939005A0939105B093920540939305C3
:1087F00050939405609395057093960510928904A3
:10880000109288041092870410928604F12CE12CB7
:10881000BB24B394680121E0C21AD108E016F10626
:108820008CF5609186047091870490E080E00E944E
:108830006077601771075CF060918604709187041F
:108840006F5F7F4F7093870460938604EECFBB20E9
:1088500041F08091860490918704909389048093DD
:108860008804EC14FD0449F08091860490918704FB
:10887000019690938704809386048FEFE81AF80A94
:10888000B12CCCCF6091B9037091BA036D5B71408C
:1088900090E080E00E94AD7670938504609384043C
:1088A00026960FB6F894DEBF0FBECDBFDF91CF91F5
:1088B0001F910F91FF90EF90DF90CF90BF900895A0
:1088C0001092B8031092B70381E08093BA0461E07C
:1088D0007CE0BECEFA0180818150982F9F3FC9F085
:1088E000292F30E0FB01E20FF31F40814E3711F0DA
:1088F0009150F4CF8F3F69F0482F50E0FB01E40F17
:10890000F51F90819E3719F4281B2083282F815052
:10891000F1CF08952091F104260F3327331F213220
:108920003105ECF420915E05FC0190E080E02430FC
:1089300069F082E00895A091F1042191AC014153C6
:108940005B4FA40FB52FB11D2C930196861798F39A
:108950008091F104680F6093F10480E0089581E054
:108960000895089508950895E091170580911605DA
:10897000E81730F4F0E0E85EFA4F808190E0089567
:108980008FEF9FEF089590911705809116052FEFB7
:108990003FEF981748F4E92FF0E0E85EFA4F2081A6
:1089A00030E09F5F90931705C901089580911605E7
:1089B00090911705891B990B0895CF92DF92EF9242
:1089C000FF920F931F93CF93DF937C01CB018A011A
:1089D00020918605222389F0EB016B01C40ED51E80
:1089E000CC15DD0569F06991D701ED91FC910190FD
:1089F000F081E02DC7011995F3CF642F0E948A44BE
:108A0000C801DF91CF911F910F91FF90EF90DF9000
:108A1000CF900895CF93DF931F92CDB7DEB76983D0
:108A2000209186052223F9F020918405203258F008
:108A300021E030E0FC013383228390E080E00F905E
:108A4000DF91CF91089580918505E82FF0E0EC59F2
:108A5000FA4F998190838F5F809385058093840579
:108A600081E090E0ECCF61E0CE0101960E948A4463
:108A7000F7CF90E080E008958F929F92AF92BF92DF
:108A8000CF92DF92EF92FF92CF93C42F9B01AC0164
:108A90000E9484BD6B017C016C2F70E090E080E04F
:108AA0000E9471BB4B015C0120E030E040E85FE3D5
:108AB000C701B6010E946CBB87FF16C0A5019401D7
:108AC000C701B6010E94DABE20E030E040E05FE37B
:108AD0000E94D2BBCF91FF90EF90DF90CF90BF90DC
:108AE000AF909F908F900895A701960160E070E08D
:108AF00080E090E40E9483BDA50194010E94DABE4B
:108B00009F7720E030E040E05FE30E94D2BB9B0112
:108B1000AC0160E070E080E89FE30E9483BDDACFA3
:108B20008F929F92AF92BF92CF92DF92EF92FF927D
:108B3000CF93DF936B017C01EA0120E030E0A901D3
:108B40000E946CBB882309F469C120E030E040E852
:108B50005FE3C701B6010E946CBB882309F45EC1C4
:108B6000FE013297EE31F10508F058C18827E45430
:108B7000FA4B8F4F0C944DBDDA45DF45F64505465F
:108B80001746264628462D463A463C4641464E461E
:108B900050465B466F4686469B46AA46F2461B47B2
:108BA0003B477947AF47DC474C4867488648D84839
:108BB000E5485949A7019601C701B601A4C0A7011C
:108BC000960160E070E080E89FE30E9483BD9B0116
:108BD000AC010E94D2BB9B01AC0160E070E080E878
:108BE0009FE30E9483BD6B017C0118C142E0C70175
:108BF000B601DF91CF91FF90EF90DF90CF90BF90C3
:108C0000AF909F908F900C943C4520E030E040E482
:108C100050E4C701B601DF91CF91FF90EF90DF9054
:108C2000CF90BF90AF909F908F900C94DABEA70129
:108C3000960160E070E080E89FE30E9483BD20E041
:108C400030E040E450E40E94DABEC5CF43E0CFCF2D
:108C500020E030E040E850E4DCCFA701960160E07E
:108C600070E080E89FE30E9483BD20E030E040E8B0
:108C700050E4E9CF44E0BBCF20E030E040EA50E4EC
:108C8000C8CFA701960160E070E080E89FE30E94F2
:108C900083BD20E030E040EA50E4D5CF45E0A7CFE7
:108CA0002BED3FE049EC5FE3C701B6010E94D2BB68
:108CB0000E94F0BD90CF2BED3FE049EC5FE3C70190
:108CC000B6010E94D2BBDF91CF91FF90EF90DF9071
:108CD000CF90BF90AF909F908F900C942ABF2BEDB8
:108CE0003FE049E450E4C701B6010E94D2BB0E94B4
:108CF000F0BD20E030E040E85FE30E9483BD20E06B
:108D000030E040E05FEB0E94D2BB6DCF20E030E06E
:108D100040E85FE3C701B6010E9483BD20E030E078
:108D200040E251E40E94D2BB9B01AC0160E070E0E4
:108D300080E090E470CF20E030E040E251ECC701E9
:108D4000B6010E94D2BB9B01AC0160E070E080E004
:108D500090E479CFA7019601C701B6010E9484BDB6
:108D60004B015C0120E030E040E85FE30E9483BDFE
:108D70006B017C0120E030E040E85FE3C501B40115
:108D80000E946CBB87FF15C020E030E040E251E458
:108D9000C701B6010E94D2BB9B01AC0160E070E04C
:108DA00080E090E40E94DABE20E030E040E05FE343
:108DB000AACF20E030E040E251ECC701B6010E94AA
:108DC000D2BB9B01AC0160E070E080E090E40E94C7
:108DD000DABE9B01AC0160E070E080E090E40E94AC
:108DE00083BDE2CFA7019601C701B6010E94D2BBA5
:108DF0009B01AC0160E070E080E89FE30E9483BDCE
:108E00000E9438BF20E030E040E85FE30E9483BD6D
:108E10006B017C01F7FAF094F7F8F094C701B60102
:108E2000DF91CF91FF90EF90DF90CF90BF90AF9008
:108E30009F908F90089520E030E040E85FE3C70105
:108E4000B6010E9483BD9B01AC010E94D2BB9B0175
:108E5000AC0160E070E080E89FE30E9483BDDF9199
:108E6000CF91FF90EF90DF90CF90BF90AF909F9009
:108E70008F900C9438BFA7019601C701B6010E94DC
:108E800084BD6B017C0120E030E040E85FE30E949C
:108E90006CBB87FF11C0A7019601C701B6010E94F4
:108EA000D2BB9B01AC0160E070E080E89FE30E94D0
:108EB00083BD0E9438BF1DCF20E030E040E050E489
:108EC000C701B6010E9483BD9B01AC010E94D2BBC9
:108ED0009B01AC0160E070E080E89FE30E9483BDED
:108EE0000E9438BF20E030E040E85FE30E9484BD8C
:108EF0005BCF20E030E040E85FE3C701B6010E94AD
:108F000083BD4B015C0120E030E040E251E40E946F
:108F1000D2BB9B01AC0160E070E080E090E40E9475
:108F2000DABE6B017C0127E636E646EE5DE3C5015D
:108F3000B4010E9483BD2BED3FE049EC50E40E9458
:108F4000D2BB27E636E646EE5EE30E94F5BD0E9400
:108F50002ABF9B01AC01C701B6019058D4CE20E0D6
:108F600030E040E251ECC701B6010E94D2BB9B0148
:108F7000AC0160E070E080E090E40E94DABE4B015A
:108F80005C012AE939E949E95DE3C701B6010E94BC
:108F900083BD2BED3FE049EC50E40E94D2BB2AE9AF
:108FA00039E949E95EE30E94F5BD0E942ABF9B01B1
:108FB000AC01C501B40167C0A7019601C701B601A4
:108FC0000E9484BD20E030E040E85FE30E9483BD62
:108FD0006B017C0127E636E646EE5DE30E9483BD29
:108FE0002BED3FE049EC50E40E94D2BB27E636E689
:108FF00046EE5EE30E94F5BD0E942ABF4B015C0174
:1090000020E030E040E85FE3C701B6010E9484BD84
:1090100020E030E040E85FE30E946CBB87FF19C0AE
:1090200020E030E040E251E4C701B6010E94D2BB2B
:109030009B01AC0160E070E080E090E40E94DABE49
:1090400020E030E040E05FEB0E94D2BBA50194013C
:109050005ACE20E030E040E251ECC701B6010E9458
:10906000D2BB9B01AC0160E070E080E090E40E9424
:10907000DABE9B01AC01C501B4010E94D2BB20E065
:1090800030E040E05FE30E94D2BB20E030E040E807
:109090005FE30E9484BDA7CD20EB36EE4CE250E4A6
:1090A000C701B6010E94D2BB20E63DEC49ED5FE36B
:1090B0000E9483BD4B015C01A7019601C701B60167
:1090C0000E94D2BB9B01AC01C501B4011CCE20E0C3
:1090D00030E040E85FE3C701B6010E9483BD6B0149
:1090E0007C0120EB36EE4CE250E40E94D2BB20E63D
:1090F0003DEC49ED5FE30E9484BD4B015C01A7019B
:109100009601C701B6010E94D2BB51CFA7019601BB
:10911000C701B6010E9484BD6B017C0120E030E0F4
:1091200040E85FE30E946CBB87FF1DC020E030E099
:1091300040E05FE3C701B6010E94D2BBA7019601E0
:109140000E94D2BB4B015C012FEF32E146E650E4B6
:10915000C701B6010E94D2BB2FEF32E146E250E4D4
:109160000E9483BDAFCF20E030E040E050E4C70173
:10917000B6010E9483BD6B017C0120E030E040E03D
:109180005FE30E94D2BBA70196010E94D2BB4B01B4
:109190005C012FEF32E146E650E4C701B6010E94C0
:1091A000D2BB2FEF32E146E250E40E9484BDFFCEF5
:1091B000A701960160E070E080E89FE30E9483BD14
:1091C0004EE150E00E94904506CD2CE83EE24AEB8D
:1091D0005EE3C701B6010E946CBB87FF0BC020E0B5
:1091E00030E042EF50E4C701B6010E94D2BB9B01C0
:1091F000AC01E2CC2CE83EE24AE35FE3C701B601F2
:109200000E946CBB87FF19C029EE32EA4BE05FE396
:10921000C701B6010E9483BD6B017C0120E030E0F4
:1092200042EF50E40E94D2BBA70196010E94D2BB3C
:1092300020E030E040E45FE32CCF2FE23AEB48E659
:109240005FE3C701B6010E946CBB87FF19C02DE523
:1092500034E741E55FE3C701B6010E9483BD6B01BE
:109260007C0120E030E042EF50E40E94D2BBA70135
:1092700096010E94D2BB20E030E040E75FE309CFD7
:1092800027E13DE544E75FE3C701B6010E9483BDE6
:109290006B017C0120E030E042EF50E40E94D2BB41
:1092A000A70196010E94D2BB20E030E04CE75FE3CB
:1092B000F0CEA7019601C701B6010E9484BD4B0103
:1092C0005C0120E030E040E05FE3C701B6010E94AE
:1092D0006CBB87FF07C04DE150E0C501B4010E949F
:1092E000904562CD20E030E040E85FE3C501B40185
:1092F0000E9483BD4EE150E00E94904520E030E0A6
:1093000040E05FE30E94D2BB20E030E040E05FE35A
:10931000C0CE2EEFDC01E22F1D92EA95E9F7FC01A9
:10932000E250FF4FDF011D922A95E9F7EC5FFE4FF7
:1093300010828F5E9D4FFC01108211821282138277
:1093400008950F931F93CF93DF93EC018C01055E7B
:109350001D4FD8018D919C91DC01ED91FC91008411
:10936000F185E02D1995892B59F0F80180819181C3
:10937000DC01ED91FC910284F385E02D1995E9CF94
:10938000CE010E948949FE01E65EFD4FCD5FDD4FB3
:1093900088818083DF91CF911F910F9108958F92E3
:1093A0009F92AF92BF92CF92DF92EF92FF920F9374
:1093B0001F93CF93DF93EC017B018A016C018FEE49
:1093C000C81A8DEFD80AF60180819181A281B381FC
:1093D000892B8A2B8B2B61F4D8018C9181113DC094
:1093E000FE01EE5FFD4F1082CD5FDD4F81E063C077
:1093F0000E94817FF60180809180A280B3806819ED
:1094000079098A099B09FE01EB5EFD4F80809180FE
:10941000A280B380681579058A059B05E8F23A9722
:109420008081882339F066E373E0329780819181EF
:109430000E946A0BFE01EE5FFD4F10823296118290
:109440001082CD5FDD4F8DEF8883D6011D921D9276
:109450001D921C92139780E0CDC08E010C5F1D4FB2
:10946000D801ED91FC911197E730F10508F060C14A
:109470008827E25CF54B8F4F0C944DBD454A5D4A01
:10948000694A724AA04ABD4A074BF70180818E376C
:1094900059F481E090E08D939C930E94817FF601C6
:1094A0006083718382839383FE01EE5FFD4F1082A0
:1094B000CD5FDD4F83E08883CECFD7018C91FE0155
:1094C000E25FFD4F808382E090E0F801918380832A
:1094D000EBCFD7018C91FE01E05FFD4F808383E0ED
:1094E00090E0F3CFD7018C919FEF980F9E3F48F407
:1094F000FE01E45FFD4F80833196108284E090E0AE
:10950000E4CF7E01F2E0EF0EFF1ED7011C92F801BE
:10951000118210828FEFFE01ED5FFD4F8083389640
:109520008081882339F06AE473E0329780819181E9
:109530000E946A0BCE010E948949D7018C915AC0C2
:10954000DE01A35FBD4F8C91FE01E45FFD4F908172
:10955000891708F0A9CFF7012081FE01E80FF11D5E
:10956000E250FF4F20838F5F8C9398139DCF85E04F
:1095700090E0D8018D939C9397CFFE01E45FFD4F5F
:1095800020816091170870911808AE0142505F4F1A
:10959000DA0180E030E0FD01E41BF50BE217F30790
:1095A00038F4ED91E827E60FF72FF11D8081F3CF16
:1095B000F7019081981303C086E090E0DACF7E0136
:1095C000B2E0EB0EFB1EF7011082D8011D921C9237
:1095D0003196108238968081882339F06FE573E0E8
:1095E0003297808191810E946A0BCE010E94894945
:1095F000F7018081DF91CF911F910F91FF90EF9044
:10960000DF90CF90BF90AF909F908F9008951D9264
:109610001C92F7018081813809F073C0FE01E05F80
:10962000FD4F80818F3F79F0AE0142505F4F2EE7B2
:10963000FA01E80FF11D9081992319F02083890F19
:10964000F7CF8EE780838E01045F1D4FD8018C9188
:10965000FE01EE5FFD4F808382E03196808333967A
:109660002081318121153105A1F07E01B2EFEB1A85
:10967000BDEFFB0AF701808136979081891780F44E
:1096800090E0880F991F820F931FDC01ED91FC91F0
:109690001995F6011082118212821382D8014ECFE1
:1096A000FE01E55FFD4F8081882399F35E01B7EFEE
:1096B000AB1ABDEFBB0AF50180809180CAEBDFE0F9
:1096C000FE016491662359F0D401ED91FC91019063
:1096D000F081E02DC40119952196892B89F7F501B8
:1096E000C081D181D7014C9150E070E060E02AE068
:1096F000CE010E941E0B63E373E0CE010E940F0BAC
:10970000C8CF8E010E5F1D4FF80110828EEF31968B
:10971000808338968081882339F060E773E0329740
:10972000808191810E946A0BCE010E948949B6CF47
:10973000FE01E55FFD4F80818823A1F167E873E0BA
:109740007E01B7EFEB1ABDEFFB0AF7018081918133
:109750000E940F0BD701AD90BC90F801C080D18062
:109760000D2C000CEE08FF082AE0B701A601F7FE59
:1097700011C0D501ED91FC910190F081E02D6DE2D9
:10978000C501199544275527BA014C195D096E0981
:109790007F092AE0C5010E941E0B63E373E0C50147
:1097A0000E940F0BCE010E948949F801118210829C
:1097B0007BCE10925E0581E080935D0510923805A6
:1097C00061E084E10E94707B61E085E10E94707B32
:1097D000E9EBF0E080818E7F808380818D7F8083C4
:1097E00088E48093B80085E48093BC000895CF920C
:1097F000DF92EF920F931F93CF93DF9368EE73E0A6
:109800000E9425BDEB016B0184EBC80ED11CCB017E
:109810008D549F4F0E94C61BC6010E94C61BCE01DD
:109820008B549F4F0E94C61BEE24E39410E000E08F
:1098300020E04091E30C60E0C6010E941A1CDF9119
:10984000CF911F910F91EF90DF90CF9008950F93DC
:109850001F93FC01828D938D009781F481E000813C
:10986000118122813381448155816681778104177A
:1098700015072607370769F080E00BC00197E1F76D
:1098800081E04081518162817381452B462B472BBA
:1098900099F71F910F910895CF92DF92EF92FF9267
:1098A0000F931F93CF93DF93EC0169017A018E85AB
:1098B0009F85998B888B7B8B6A8B198F088FCC82C5
:1098C000DD82EE82FF820E94817F688779878A87A6
:1098D0009B87CD28CE28CF2821F48A899B899F8712
:1098E0008E87188219821A821B821B8E1A8E1F8AFB
:1098F0001E8A1D8A8E859F85DF91CF911F910F91C2
:10990000FF90EF90DF90CF9008950F931F9310E09A
:1099100000E020E030E0A9010E944C4C1F910F9123
:1099200008952F923F924F925F926F927F928F9203
:109930009F92AF92BF92CF92DF92EF92FF920F93DE
:109940001F93CF93DF93CDB7DEB762970FB6F8942E
:10995000DEBF0FBECDBF9A8B898BDC0154968C91F4
:1099600054978111C9C01C964D905C90712C612C4C
:1099700060E070E0CB0121E0A989BA8958962D906A
:109980003C9059972114310409F498C0222309F41A
:1099900095C0FD016087718782879387CD010E9402
:1099A000274C882371F0A989BA8956968D919C918C
:1099B0008230910509F4C1C008F0B9C0019709F4DB
:1099C000CDC0E989FA898589811178C00481158122
:1099D000268137810D871E872F87388B828D938D47
:1099E000009709F4D4C0019709F42AC1E989FA89DA
:1099F000E288F3880D851E852F853889012B022B7F
:109A0000032B09F488C1C088D188CE14DF0409F47F
:109A100082C160817181828193810E9471BB4B01FF
:109A20005C016D857E858F8598890E9471BB9B0145
:109A3000AC01C501B4010E94F5BDA1010E94904591
:109A40004B015C012601712C612CEC14FD0408F41F
:109A50003EC1EC18FD08B70190E080E00E9471BBA8
:109A6000A50194010E94D2BB6B017C01C301B2012C
:109A70000E9471BB9B01AC01C701B6010E9484BD6D
:109A80006B017C0120E030E0A9010E946CBB87FDE6
:109A900036C120E03FEF4FE757E4C701B6010E940F
:109AA000D5BE18160CF42FC1C701B6010E9467BEBF
:109AB000A989BA891F967C936E931E97A989BA8942
:109AC0001E968D919C9162960FB6F894DEBF0FBEE4
:109AD000CDBFDF91CF911F910F91FF90EF90DF905D
:109AE000CF90BF90AF909F908F907F906F905F903E
:109AF0004F903F902F9008950E94817FE989FA89C5
:109B0000C084D184E284F3842B013C014C185D08AD
:109B10006E087F08C484D584F12CE12C21E04C141C
:109B20005D046E047F0408F027CF20E025CF843049
:109B30009105D9F0059709F044CFA989BA895A96B9
:109B40008D919C910097E1F0019709F03ACFA98996
:109B5000BA895B961C921E925A9733CFE989FA898B
:109B600010821182128213822CCFE989FA898481B2
:109B70009581A681B78180839183A283B38321CF0E
:109B800081E090E0E989FA89938F828F1ACFA989C1
:109B9000BA890D911D912D913C91139709871A87D0
:109BA0002B873C87A9019A014B833C835301980181
:109BB0004B815C8160E070E080E090E06B82BC8271
:109BC0005201CB80DC80E12CF12C00E010E00E94FF
:109BD0005CBDF9010D851E852F8538894801590125
:109BE000C12CD12C76019F0189829A82AB82BC82E2
:109BF000CD82DE82EF82F8865401CB80DC80E12CBE
:109C0000F12C00E010E00E946EBD74F429853A85C5
:109C10004B855C85420E531E641E751E4D925D92EF
:109C20006D927C921397E2CE0D851E852F85388923
:109C3000A989BA890D931D932D933C931397D6CE82
:109C4000A989BA890D911D912D913C9109871A8797
:109C50002B873C87A9019A014B833C835301420126
:109C6000C12CD12C760198014B815C8160E070E0C1
:109C700080E090E049829A826B82BC82CD82DE8253
:109C8000EF82F8865201CB80DC80E12CF12C00E0E1
:109C900010E00E9465BDA0E00E9477BD81F07CF0DD
:109CA00089859A85AB85BC8584199509A609B7096C
:109CB000E989FA8980839183A283B38397CEA989A6
:109CC000BA891D921D921D921C9213978FCEC301CB
:109CD000B6010E9471BB2B013C01CE18DF08B60112
:109CE00090E080E00E9471BBA50194010E94D2BB6C
:109CF0009B01AC01C301B2010E9483BDC1CEC12C46
:109D0000D12C7601D1CEC12CDD24DA948FE7E82E58
:109D100087E4F82EC9CEE989FA89F786E686CECEA1
:109D20000F931F93FC018789908D009781F481E048
:109D3000008111812281338144815581668177813F
:109D4000041715072607370769F080E00BC0019755
:109D5000E1F781E04081518162817381452B462B7F
:109D6000472B99F71F910F910895CF93DF93EC0143
:109D70000E94904E811106C08A8991E08927DF9167
:109D8000CF91089580E0FBCFCF92DF92EF92FF92C8
:109D90000F931F93CF93DF93EC0169017A018E85B6
:109DA0008F87688B1E8B0D8BCC82DD82EE82FF82CB
:109DB0000E94817F688779878A879B87CD28CE28F4
:109DC000CF2811F488898E87188219821A821B8203
:109DD000188E1F8A1C8A1B8A1A8A8E85DF91CF9162
:109DE0001F910F91FF90EF90DF90CF9008950F9308
:109DF0001F9310E000E020E030E0A9010E94C44E73
:109E00001F910F9108952F923F924F925F926F9200
:109E10007F928F929F92AF92BF92CF92DF92EF92FA
:109E2000FF920F931F93CF93DF93CDB7DEB7629767
:109E30000FB6F894DEBF0FBECDBF9A8B898BDC01C5
:109E400051968C9151978111CAC01C964D905C908F
:109E5000712C612C60E070E0CB0121E0A989BA8906
:109E600055962D903C9056972114310409F49AC0D0
:109E7000222309F497C0FD01608771878287938749
:109E8000CD010E94904E882371F0A989BA8953961A
:109E90008D919C918230910509F4C2C008F0BAC03E
:109EA000019709F4CEC0E989FA89828981117AC0C3
:109EB00004811581268137810D871E872F87388B76
:109EC0008789908D009709F4D5C0019709F42BC1BB
:109ED000E989FA89D0880D851E852F853889012B5F
:109EE000022B032B09F48BC1C784CD1409F487C15D
:109EF00060817181828193810E9471BB4B015C0101
:109F00006D857E858F8598890E9471BB9B01AC0110
:109F1000C501B4010E94F5BDA1010E9490454B010D
:109F20005C010C2D10E0ED2CF12C2801012E000C11
:109F300066087708DC1408F43DC1B701601B710B9B
:109F4000072E000C880B990B0E9473BBA50194018E
:109F50000E94D2BB6B017C01C301B2010E9473BBA2
:109F60009B01AC01C701B6010E9484BD6B017C015D
:109F700020E030E0A9010E946CBB87FD35C120E0E4
:109F800030E04FE753E4C701B6010E94D5BE181672
:109F90000CF42EC1C701B6010E9467BEA989BA8917
:109FA0001E966C93A989BA891E968C9162960FB6FB
:109FB000F894DEBF0FBECDBFDF91CF911F910F91FF
:109FC000FF90EF90DF90CF90BF90AF909F908F90D9
:109FD0007F906F905F904F903F902F9008950E94D8
:109FE000817FE989FA8900851185228533852B01D6
:109FF0003C01401A510A620A730AC484D584F12CC8
:10A00000E12C21E04C145D046E047F0408F026CF9F
:10A0100020E024CF84309105D9F0059709F043CF93
:10A02000A989BA8957968D919C910097E1F0019783
:10A0300009F039CFA989BA8958961C921E92579770
:10A0400032CFE989FA8910821182128213822BCFD2
:10A05000E989FA8984819581A681B781808391837A
:10A06000A283B38320CF81E090E0E989FA89908FC1
:10A07000878B19CFA989BA890D911D912D913C919A
:10A08000139709871A872B873C87A9019A014B836D
:10A090003C83530198014B815C8160E070E080E07B
:10A0A00090E06B82BC825201CB80DC80E12CF12CF1
:10A0B00000E010E00E945CBDF9010D851E852F8532
:10A0C000388948015901C12CD12C76019F01898220
:10A0D0009A82AB82BC82CD82DE82EF82F886540106
:10A0E000CB80DC80E12CF12C00E010E00E946EBD02
:10A0F00074F429853A854B855C85420E531E641E97
:10A10000751E4D925D926D927C921397E1CE0D85F6
:10A110001E852F853889A989BA890D931D932D93A2
:10A120003C931397D5CEA989BA890D911D912D9194
:10A130003C9109871A872B873C87A9019A014B8399
:10A140003C8353014201C12CD12C760198014B81F3
:10A150005C8160E070E080E090E049829A826B82EE
:10A16000BC82CD82DE82EF82F8865201CB80DC8019
:10A17000E12CF12C00E010E00E9465BDA0E00E94FF
:10A1800077BD81F07CF089859A85AB85BC85841983
:10A190009509A609B709E989FA8980839183A28381
:10A1A000B38396CEA989BA891D921D921D921C92E5
:10A1B00013978ECEC301B2010E9473BB2B013C01E9
:10A1C000B8016E197F09072E000C880B990B0E94AD
:10A1D00073BBA50194010E94D2BB9B01AC01C301DA
:10A1E000B2010E9483BDC2CEC12CD12C7601D2CE49
:10A1F000C12CD12C8FE7E82E83E4F82ECBCEE98951
:10A20000FA89D686CFCE8F929F92AF92BF92CF928D
:10A21000DF92EF92FF920F931F93CF93DF931F92E2
:10A220001F92CDB7DEB78C0119828FEF8A83680148
:10A2300025EEC21A2DEFD20AD6018D919C91DC0138
:10A24000ED91FC910084F185E02D1995F801E75E10
:10A25000FD4F7F01892B09F449C081E089834801C2
:10A26000FDEF8F1A9F0A580126EEA21A2DEFB20AAF
:10A27000D6018D919C91DC01ED91FC910084F185DA
:10A28000E02D1995892B09F1F60180819181DC017E
:10A29000ED91FC910284F385E02D19958A83AE013E
:10A2A0004F5F5F4FBE016E5F7F4FC8010E94CF4975
:10A2B000F7018083D4018C91F50180838330C1F252
:10A2C00018161CF0C8010E94A149F70180810F9067
:10A2D0000F90DF91CF911F910F91FF90EF90DF9042
:10A2E000CF90BF90AF909F908F900895AE014F5F39
:10A2F0005F4FBE016E5F7F4FC8010E94CF49D701FB
:10A300008C93F801ED5FFD4F808177968083D8CFE5
:10A31000BF92CF92DF92EF92FF920F931F93CF9352
:10A32000DF931F92CDB7DEB78C016B01B42EDB013A
:10A330008D919C91F801E15FFD4F7F018F3F910569
:10A3400008F475C08FEF80836801F80180E0919177
:10A350009E3709F067C0D7018C9346E053E0B801FF
:10A36000C8010E946A44409117085091180898014A
:10A3700022503F4F80E0D601ED916D01E827E40FB8
:10A38000F52FF11D80812A173B07A9F7F801E3504B
:10A39000FE4FB082F7019081F801E250FE4F9083AA
:10A3A0009EEF31969083319680838EEFF82E680170
:10A3B000B5EECB1ABDEFDB0AF60180819181B801C1
:10A3C00064507E4FDC01ED91FC910280F381E02D21
:10A3D00044E050E01995F601808191814F2D50E0C5
:10A3E000DC01ED91FC910280F381E02DB80119951B
:10A3F000F60180819181B8017E5FDC01ED91FC91D5
:10A400000280F381E02D42E050E019958F2D0F90EE
:10A41000DF91CF911F910F91FF90EF90DF90CF9040
:10A42000BF9008958F5F8E3F09F091CF96CF982F00
:10A430008FEF8083F80180E0891728F421912E376F
:10A4400019F5F7018083D6018C918983AE014F5FA6
:10A450005F4FB801C8010E946A44F6012081318132
:10A460004091170850911808D80180E03327BD01AA
:10A47000601B710B6217730748F4ED91E827E40F36
:10A48000F52FF11D8081F3CF8F5FD6CFF801E35018
:10A49000FE4FB082D7019C9131969083F601908156
:10A4A000F801E150FE4F908331968083D601FC90F5
:10A4B0007ECFCF93DF9391E09093CE048823B9F0C1
:10A4C000C091B800D091BA008091BC008A7B809383
:10A4D000BC0060E084E10E94707B60E085E10E9446
:10A4E000707B0E94D94BD093BA00C093B800DF9123
:10A4F000CF91089585ED8093BC0080916005909187
:10A500006105A0916205B09163050796A11DB11D7B
:10A5100023E0B695A795979587952A95D1F7209131
:10A52000BC0024FD03C010925E05089540916005B3
:10A53000509161056091620570916305452B462B32
:10A54000472B69F30097A105B10541F02AE22A954E
:10A55000F1F700C00197A109B109E1CF80915F0532
:10A560000C9459521F920F920FB60F9211240BB6F2
:10A570000F922F933F934F935F936F937F938F939C
:10A580009F93AF93BF93EF93FF938091B900887F20
:10A59000803609F44DC008F040C0883209F4A9C0E3
:10A5A00028F5803109F49DC0C8F4882309F4FBC064
:10A5B000883009F496C0FF91EF91BF91AF919F91C0
:10A5C0008F917F916F915F914F913F912F910F905C
:10A5D0000BBE0F900FBE0F901F901895883109F495
:10A5E00088C0803241F780935C0514C0803409F440
:10A5F0009DC040F48033B9F38833E9F680935C055D
:10A6000085ECB0C0803509F485C0883509F496C062
:10A61000883489F60E947A52CECF883909F48CC0EA
:10A6200038F5883729F050F4883611F0803719F65C
:10A6300083E080935E051092150557C0883809F4B1
:10A640007BC0803919F0803809F0B5CF80911505AD
:10A65000803208F071C0E091150581E08E0F809383
:10A6600015058091BB00F0E0EB50FB4F80833DC0AF
:10A67000803B39F0E0F4803A09F479C0883A09F077
:10A680009ACF84E080935E051092F2041092F10458
:10A69000E091EF04F091F00419958091F10481119B
:10A6A0000FC081E08093F1041092CF0409C0803C78
:10A6B00009F4A6CF883C09F4A3CF883B09F07BCFEF
:10A6C000E091F20481E08E0F8093F204F0E0E15318
:10A6D000FB4F80818093BB009091F2048091F10444
:10A6E00029C0809139058093BB0085EC8093BC0024
:10A6F00062CF90915B0580915A05981758F5E091CB
:10A700005B0581E08E0F80935B05F0E0E65CFA4F1D
:10A710008081E9CFE0915B0581E08E0F80935B053E
:10A720008091BB00F0E0E65CFA4F808390915B057E
:10A7300080915A059817C8F285E8D8CFE0915B055B
:10A7400081E08E0F80935B058091BB00F0E0E65CBA
:10A75000FA4F808380915D0581115CCF81E0809309
:10A76000380584EA8093BC0010925E0524CF85EC06
:10A770008093BC0010925E0580911505803230F404
:10A78000E0911505F0E0EB50FB4F1082609115054C
:10A7900070E0E091F304F091F40485EF94E01995F2
:10A7A0001092150508CF10925C0534CFCF92DF923E
:10A7B000EF92FF920F931F93CF93DF93EC01888169
:10A7C0000E94477B8C010E94817F2C893D89201744
:10A7D000310731F06E8B7F8B888F998F1D8B0C8B9F
:10A7E000CE88DF88E88CF98C6C197D098E099F0969
:10A7F000CA80DB80EC80FD806C157D058E059F0591
:10A8000030F08A899B89998B888B1B8B0A8B2889CE
:10A8100039898A899B892817390781F04A855B85A0
:10A8200042305105A1F48E819F81A885B98501969A
:10A83000A11DB11D8E839F83A887B987DF91CF911A
:10A840001F910F91FF90EF90DF90CF9008954115E9
:10A85000510531F42130310589F7892B21F3EECFF1
:10A860004130510559F7232B49F7019739F7DBCFD1
:10A87000FC0120893189848595852817390741F4A1
:10A8800081E042895389268537854217530709F0AD
:10A8900080E00895FC0120893189868597852817F5
:10A8A000390741F481E0428953892485358542176F
:10A8B000530709F080E008958F929F92AF92BF9264
:10A8C000CF92DF92EF92FF920F931F93CF93DF937C
:10A8D000FC012085211110C060E070E0CB01DF9108
:10A8E000CF911F910F91FF90EF90DF90CF90BF908D
:10A8F000AF909F908F900895EC010E94817F2985F1
:10A900002111EACF8C809D80AE80BF8008811981A3
:10A910002A813B816B017C01C818D908EA08FB0831
:10A92000C016D106E206F306B8F6080D191D2A1D59
:10A930003B1D68017901C61AD70AE80AF90AC7015E
:10A94000B601CDCFCF92DF92EF92FF921F93CF93BC
:10A95000DF93FC01108511110AC010E0812FDF91F7
:10A96000CF911F91FF90EF90DF90CF900895EC0171
:10A970008185882319F018861986F0CF0E94817F7F
:10A98000CC80DD80EE80FF806C197D098E099F09E7
:10A99000C880D980EA80FB806C157D058E059F05F7
:10A9A00050F7DBCFCF93DF93EC01488359836A8361
:10A9B0007B830E94817F6C837D838E839F8381E074
:10A9C00088871986DF91CF9108950F931F93CF93B6
:10A9D000DF93EC010E94817F8B019C018C819D8122
:10A9E000AE81BF81488159816A817B81081B190B27
:10A9F0002A0B3B0B041715072607370738F4CE013F
:10AA0000DF91CF911F910F910C94D254840F951F19
:10AA1000A61FB71F8C839D83AE83BF8381E0888789
:10AA20001986DF91CF911F910F91089582E190E0F7
:10AA30000E94B91B83E190E00E94B91B84E190E081
:10AA40000E94B91B85E190E00E94B91B86E190E06D
:10AA50000C94B91B6091BC0381E068276093BC0330
:10AA60008091B7039091B8031816190634F48091B9
:10AA7000B9039091BA030C9499730895982FE62F17
:10AA8000603411F4E0918217F0E03197E730F1057E
:10AA900078F48827E15BFA4A8F4F0C944DBD5655E8
:10AAA0007A557F558F5581558355855583E1089596
:10AAB000933020F4913040F085E00895933031F0E8
:10AAC0009430D1F381E0089584E1089580919A054E
:10AAD0008F5F853068F4982F937051F080939A05BA
:10AAE00080919A05813059F0823061F38DE00895AC
:10AAF00081E0F4CF80918017833099F408958BE042
:10AB000008958AE1089589E10895923031F09430F2
:10AB100021F0911108C08FE1089581E208958EE13E
:10AB200008958FE0089580E2089586E497E10E94F9
:10AB3000A2548823B1F080E597E10E94510E86E689
:10AB400097E10E94510E4091CF0250E070E060E02A
:10AB500086E497E10E94D2548091A3038111109260
:10AB6000A3030895CF93DF931F921F92CDB7DEB753
:10AB7000EDEBF4E021E0208381836283738394E032
:10AB80009483E6E4FAE02083818362837383948371
:10AB900085E090E09A83898341E0BE016F5F7F4F3B
:10ABA000CF010E9488510F900F90DF91CF910895AF
:10ABB00070E060E00C94B255EEE1FEE08091DD02C1
:10ABC00080838091DC0281838091DB02828380918B
:10ABD000DA0283838091D902848308958091E00210
:10ABE000843161F0883221F08C3031F48FE001C083
:10ABF00087E08093A402089585E0FBCF8AE0F9CF37
:10AC00008091190290911A02892B21F088E080939B
:10AC1000A30208951092A30208959091E1028091F9
:10AC2000E002890F27E0280F20937D1790933A17B1
:10AC300080937C17809118022091B20340911902F1
:10AC400050911A02452BA9F09091A3023FEF390FC2
:10AC50003093DE029093080F980F8FEF890F809347
:10AC6000070F9093060F8FEF820F890F8093050FC8
:10AC700008951092DE021092080F9FEF980F9093A4
:10AC8000070F8093060F820F8150F0CF8330B9F108
:10AC900098F4823009F442C080918E0290918F0224
:10ACA000885E9340803D27E0920708F446C0909369
:10ACB0008F0280938E0212C0843091F0853061F74C
:10ACC0008091860290918702885E9340803D27E0C4
:10ACD000920798F190938702809386020C94F74B29
:10ACE0008091880290918902885E9340803D27E0A0
:10ACF000920718F19093890280938802EFCF809198
:10AD00008A0290918B02885E9340803D27E09207F3
:10AD1000A0F090938B0280938A02E0CF80918C0206
:10AD200090918D02885E9340803D27E0920728F045
:10AD300090938D0280938C02D1CF08958330B9F126
:10AD400098F4823009F442C080918E0290918F0273
:10AD500088519C4F81362AEE920708F046C09093A6
:10AD60008F0280938E0212C0843091F0853061F79B
:10AD7000809186029091870288519C4F81362AEEFD
:10AD8000920798F590938702809386020C94F74B74
:10AD9000809188029091890288519C4F81362AEED9
:10ADA000920718F59093890280938802EFCF8091E3
:10ADB0008A0290918B0288519C4F81362AEE92072D
:10ADC000A0F490938B0280938A02E0CF80918C0252
:10ADD00090918D0288519C4F81362AEE920728F47B
:10ADE00090938D0280938C02D1CF0895EF920F93B0
:10ADF0001F938091F203882309F400C11092F2039B
:10AE00001092B7040E94061C8091010490910204E4
:10AE10000197C1F5809180178330D1F1853009F415
:10AE20005CC0823009F0DDC08BE791E00E94C61B58
:10AE3000EE24E39410E000E020E04091E30C60E0B9
:10AE40008BE791E00E941A1C8091B503882391F052
:10AE50008091AE0D81110EC08CE791E00E94C61B5F
:10AE600008ED1EE021E04091E30C61E08CE791E009
:10AE70000E941A1C40E355E760E070E086EA9DE01E
:10AE80000E94D2548CE01F910F91EF900C94D855F2
:10AE900085E290E00E94C61BEE24E39410E000E0FF
:10AEA00020E04091E30C60E085E290E00E941A1CF3
:10AEB0008091B5038823F1F28091AE0D8111DACF34
:10AEC00086E290E00E94C61B08ED1EE021E0409162
:10AED000E30C61E086E290E0CBCFEE24E39410E057
:10AEE00000E020E04091E30C60E082E691E00E9407
:10AEF0001A1C80918117823009F05AC04091E30CEE
:10AF0000485204EF11E021E061E085E991E00E9400
:10AF10001A1C8091EF03882389F04091E30C809103
:10AF2000B403EE24E394882309F44AC000ED17E04B
:10AF300021E061E08AEB91E00E941A1C1092FD036F
:10AF40001092F6030E9468131092EA0D1092EB0D16
:10AF500080918117823041F00E9407300E946F314A
:10AF600010922D1710922E1740E050E0BA018BE39B
:10AF700097E10E94D25440E050E0BA018FE297E19D
:10AF80000E94D25440E050E0BA0185E29FE00E9466
:10AF9000D25480918917853009F074CF80912402B2
:10AFA000882309F46FCF61E08DE20E94707B6ACF45
:10AFB000EE24E39400ED17E021E04091E30CA4CFF0
:10AFC00010E000E020E060E08EE491E00E941A1CB6
:10AFD0000CEF18E021E04091E30C61E089EB91E097
:10AFE000ABCFEE24E39410E000E020E04091E30CCE
:10AFF00060E08CE691E00E941A1C44CF1F910F91F3
:10B00000EF90089581E08093020280930102809383
:10B0100000020895EF920F931F938091EF0388230E
:10B0200081F04091E30C8091B403EE24E3948823F3
:10B03000D9F100ED17E021E061E08AEB91E00E9498
:10B040001A1C8091F503882309F46FC08091811741
:10B05000823009F455C1833009F466C1813009F4A6
:10B0600059C180918017833009F4F7C0853009F405
:10B0700042C1823009F013C180918417853009F4F0
:10B08000C0C08EEC9DE00E945C546838734181051D
:10B09000910588F4E12C10E000E020E04091E30C01
:10B0A00060E087E490E01AC008EE13E021E061E080
:10B0B00089EB91E0C4CF8EEC9DE00E945C54E12CC2
:10B0C00010E000E020E0603177428105910508F052
:10B0D00092C04091E30C60E08AE090E00E941A1C6C
:10B0E000809180178450823000F5809184178530DC
:10B0F000E0F48AEB9DE00E945C542091811730912E
:10B100008017683E73408105910508F012C1609177
:10B11000E30C223009F468524EE150E0343009F07B
:10B120001DC180E190E00E945D790E94662110922D
:10B13000CC0D1092CD0D1092F5031092A603109233
:10B14000BE0388E00E94D8551092080E1092090E96
:10B150001092120E1092130E80E00E94293080E0AF
:10B160000E94D4101092F40380E00E94431080E00B
:10B170000E94F70F1092D60D1092D70D1092350E37
:10B180001092360E10922B0E10922C0E1092A40DCF
:10B190001092A50D0E94D21B8091B503882309F45B
:10B1A0005DC18091AE0D81111BC0809180178330ED
:10B1B00009F4E5C0853009F40DC1823009F0EEC014
:10B1C0008CE791E00E94C61BEE24E39410E000E0BF
:10B1D00020E04091E30C61E08CE791E00E941A1CB2
:10B1E00040E355E760E070E086EA9DE01F910F9133
:10B1F000EF900C94D2544091E30C60E080E891E031
:10B200006DCF8EEC9DE00E945C54683873418105DF
:10B21000910550F4E12C10E000E020E04091E30CB7
:10B2200060E088E891E05ACF8EEC9DE00E945C548B
:10B23000E12C10E000E020E06031774281059105CB
:10B2400030F44091E30C60E08BE891E047CF40910F
:10B25000E30C60E08AE891E041CF8EEC9DE00E9433
:10B260005C54683873418105910550F4E12C10E07D
:10B2700000E020E04091E30C60E08BE090E02ECF16
:10B280008EEC9DE00E945C54E12C10E000E020E098
:10B29000603177428105910508F01BCFFFCE8EEC1F
:10B2A0009DE00E945C54683873418105910550F41B
:10B2B000E12C10E000E020E04091E30C60E083E846
:10B2C00091E00CCF8EEC9DE00E945C54E12C10E0EC
:10B2D00000E020E0603177428105910530F4409133
:10B2E000E30C60E082E891E0F9CE4091E30C60E08D
:10B2F00081E891E0F3CEE12C10E000E020E0EFCF18
:10B30000E12C10E000E020E04091E30C60E085E3F8
:10B3100090E0E4CEE12C10E000E020E04091E30C6E
:10B3200060E08BE390E0DACE86E491E00E94B91B06
:10B33000D7CE8AEB9DE02230A1F4343041F40E9454
:10B340005C542091E30C2852AB01622FEACE0E949C
:10B350005C542091E30C2852AB01622F85E991E007
:10B36000E2CE343031F40E945C54AB016091E30CC6
:10B37000D8CE0E945C54AB016091E30CEFCF86E223
:10B3800090E00E94C61BEE24E39410E000E020E071
:10B390004091E30C61E086E290E020CF80E190E014
:10B3A0000E94C61B80918117823061F44091E30CAA
:10B3B0004852EE24E39410E000E020E061E080E1F8
:10B3C00090E00CCFEE24E39410E000E020E0409108
:10B3D000E30CF4CF85E991E00E94C61B80918117B0
:10B3E000823029F54091E30C4852EE24E39410E0BA
:10B3F00000E020E061E085E991E00E941A1C809164
:10B40000EF03882309F4ECCE8091B4038823B9F0CC
:10B410008AEB91E00E94C61BEE24E39410E000E06A
:10B4200020E04091E30C61E08AEB91E0D7CEEE247E
:10B43000E39410E000E020E04091E30CDBCF89EBE7
:10B4400091E00E94C61BEE24E39410E000E020E0AF
:10B450004091E30C61E089EB91E0C0CE1F910F9128
:10B46000EF900895EF920F931F93CF93DF93209166
:10B47000F20321119CC0209101043091020421307B
:10B48000310509F094C0EC018091F50381110E940F
:10B490000A5880918117813009F4B6C0823009F4CE
:10B4A000B0C080918017833009F492C0853009F4D0
:10B4B000A5C0823009F097C080918417853009F4C7
:10B4C0007CC08AE090E00E94C61B87E490E00E9466
:10B4D000C61B80E891E00E94C61B89E490E00E94B0
:10B4E000C61B8AE490E00E94C61B8FE690E00E9493
:10B4F000C61B8EE690E00E94C61B81E08093F2039B
:10B500000E94061CBE018BE00E94B25580918017FC
:10B51000853009F04CC0EE24E39410E000E020E018
:10B520004091E30C60E08FE891E00E941A1C04EC6B
:10B5300019E021E04091E30C61E087E390E00E9494
:10B540001A1C8091EF038823B1F010E000E020E0A6
:10B550004091E30C60E08DEB91E00E941A1C89EBB6
:10B5600091E00E94C61B8EE491E00E94C61B8AEB0C
:10B5700091E00E94C61B81E090E00E94C61B85E915
:10B5800091E00E94C61B80918917853011F40E94BA
:10B59000F410AE0170E060E082EE9DE00E94D254B3
:10B5A00081E08093FD038093F7038093F603DF919E
:10B5B000CF911F910F91EF90089588E891E00E943C
:10B5C000C61B8BE891E00E94C61B8AE891E083CFFE
:10B5D0008BE090E00E94C61B87E490E00E94C61BAF
:10B5E0008AE090E078CF81E891E00E94C61B82E873
:10B5F00091E00E94C61B83E891E06DCF82E891E064
:10B600006ACF85E390E077CF8BE390E074CF8F92A1
:10B610009F92AF92BF92CF92DF92EF92FF920F93E1
:10B620001F93CF93DF93CDB7DEB7E8970FB6F894AB
:10B63000DEBF0FBECDBF86E697E10E94230F86E6F0
:10B6400097E10E94510E80E597E10E94230F80E56B
:10B6500097E10E94510E40E855E260E070E086E715
:10B6600097E00E94EB7340E855E260E070E089EDFE
:10B6700096E00E94EB7340E855E260E070E08CE3F6
:10B6800096E00E94EB7389ED96E09093620C8093B4
:10B69000610C84E690E0A0E0B0E08093630C9093AE
:10B6A000640CA093650CB093660C26E737E03093EA
:10B6B000500C20934F0C1092510C80935B0C909384
:10B6C0005C0CA0935D0CB0935E0C8CE396E09093C1
:10B6D000410A8093400A82E390E0A0E0B0E08093CA
:10B6E000420A9093430AA093440AB093450A3093C8
:10B6F0002F0A20932E0A1092300A80933A0A9093D0
:10B700003B0AA0933C0AB0933D0A40E051EE60E052
:10B7100070E08FE995E00E94EB731092530D109248
:10B72000540D1092550D8FE995E090930D0D809377
:10B730000C0D10922F0D1092300DE1E3FDE08DE421
:10B740009DE02FEF3FEF219331938E179F07D9F79D
:10B7500080910C0D90910D0DDC01ED91FC91008418
:10B76000F185E02D1995892B61F080910C0D909158
:10B770000D0DDC01ED91FC910284F385E02D19950E
:10B78000E7CF0E94817F68517C4FFE0131966F01A7
:10B790004B01B12CA12C34E1F32E05E011E10E9404
:10B7A00090798091550D811118C00E94817F681594
:10B7B00079058A059B0588F4D601EF2D1D92EA953F
:10B7C000E9F709831D83C6010E9434726AE070E0C4
:10B7D00080E090E00E944F7FE2CF0E9490798091BC
:10B7E000550D882309F49DC080914F0D9091500D07
:10B7F0009093880580938705009709F485C022E01F
:10B8000030E030938A05209389058D36910518F034
:10B8100080E00E949B168AE08093E70C2091D8027A
:10B820003EEC3203C00111246CE97FEF0E9439BD68
:10B8300062536093E60C6093E50C6093E40C809196
:10B840004F0D9091500D1E8E1D8E18A21F8E1AA2A4
:10B8500019A24AE0B6010E9442BBF6010190002005
:10B86000E9F73197AF014C195D09B601CE014D964C
:10B870000E949E0A68E07FE0CE01C3960E94C70A3C
:10B88000BE016D5C7F4FC6010E94F50ABE01635E7A
:10B890007F4FC6010E946B0AC6010E94BF0ACE01FB
:10B8A000C3960E94BF0ACE014D960E94BF0A0E9415
:10B8B000907900914D0D10914E0DC8010E940543E5
:10B8C0008091AF030E94C9168AEB9FEF0E949B7A7A
:10B8D0000E947B7A8091BA04811105C08091B904DD
:10B8E000882309F4C5C00C33110508F4C1C0EE2447
:10B8F000E39410E000E020E04091E30C60E08CE392
:10B9000090E00E941A1CB4C081E090E090938A05F8
:10B910008093890584E690E090938805809387055D
:10B920007ACF8AEB9FEF0E949B7A0E947B7A04E198
:10B93000D601E02F1D92EA95E9F715E0198381E021
:10B940008D83C6010E943472D6011D920A95E9F7D3
:10B95000198382E08D83C6010E9434726AE070E030
:10B9600080E090E00E944F7F0E9490798091530D7B
:10B97000882309F46FC0A8E5BDE0F601CE01459625
:10B980002D9121938E179F07D9F70E94907980916E
:10B99000540D8E01035E1F4F882309F40BC280E013
:10B9A00098E09093CE028093CD020E949079A0906F
:10B9B0004D0DB0904E0DC5010E940543FE017F96CE
:10B9C00082E1DF011D928A95E9F787E08D8F1F8E56
:10B9D0001E8E8CE089A3C8010E94347294E1892EE6
:10B9E000F801382D11923A95E9F726E0922E9D8EB6
:10B9F00089E089A3C8010E943472D8011D928A94FB
:10BA0000E9F79D8E8EE089A381E08BA3C8010E9497
:10BA1000347283E090E090938A058093890581E0F9
:10BA200090E0909388058093870566EF7EE0C801DB
:10BA30000E94C70AC8010E94BF0A8091BA048111FE
:10BA400004C08091B904882399F0BCE3AB16B1041B
:10BA500078F04DCF10928A05109289050E94737973
:10BA60006FEB7EE0C6010E94C70AC6010E94BF0AB2
:10BA700010921705109216051092850510928405F4
:10BA80000E94D94B81EBA82E84E4B82EB092F0042A
:10BA9000A092EF0402EB14E41093F4040093F30477
:10BAA0008CE08093B80066EA7FE0C6010E94C70A76
:10BAB000C6010E94BF0A80EA9FE09093880C8093A1
:10BAC000870C10921705109216051092850510929A
:10BAD00084050E94D94BB092F004A092EF04109319
:10BAE000F4040093F3046FEF7FEF90E080E00E9496
:10BAF000D17C182FEFE1FEE43197F1F700C0000090
:10BB000081110EC08FE999E39093DD0C8093DC0CDA
:10BB10006FE979E390E080E00E94D17C0E94D97DBA
:10BB2000612FC6010E94BF7A61E97FE0CE01C39612
:10BB30000E94C70ABE016D5C7F4FCE014D960E94E8
:10BB4000F50AB601CE014D960E946B0ACE014D96C4
:10BB50000E94BF0ACE01C3960E94BF0AC6010E947E
:10BB6000BF0A111136C181E08093CD0465E27FE008
:10BB7000C6010E94C70AC6010E94BF0A87E797E074
:10BB80009093DD0C8093DC0C67E777E090E080E039
:10BB90000E94D17C0E94D97D0E94817F6093BD0C60
:10BBA0007093BE0C8093BF0C9093C00C4091BB0C63
:10BBB0005091BC0C70E060E085EC9CE00E94D25497
:10BBC0004091870C5091880C70E060E081E99CE026
:10BBD0000E94D2546C98749A6D98759A0A9A129829
:10BBE00082E390E0A0E0B0E08093CF0E9093D00E7F
:10BBF000A093D10EB093D20E8093B50E9093B60E53
:10BC0000A093B70EB093B80E80939B0E90939C0EAA
:10BC1000A0939D0EB0939E0E8093810E9093820E02
:10BC2000A093830EB093840E80936F0D9093700D4C
:10BC3000A093710DB093720D8093670E9093680E70
:10BC4000A093690EB0936A0E80934D0E90934E0EA2
:10BC5000A0934F0EB093500E80912101887F846095
:10BC60008093210161E08DE20E949E7B9A9A3C9A2A
:10BC70003A9A579A80910A01886080930A019D9AA6
:10BC80006B9A80910101886080930101809101018C
:10BC900080618093010180910101806280930101A4
:10BCA00080910101806480930101249A259A8091FA
:10BCB000910E9091920E892B09F096C081E08093AD
:10BCC00024028091AB0E9091AC0E892B09F08FC0AD
:10BCD00082E080938017809180178093910D8CEF84
:10BCE0009FE00E9490BC8BAB8DEF9FE00E9490BCC8
:10BCF0008CAB8EEF9FE00E9490BC8DAB8FEF9FE0EE
:10BD00000E9490BC8EAB0E94FC130BA91CA92DA90C
:10BD10003EA9601771078207930709F068C38E0177
:10BD2000035E1F4FD12CC12CC6010E9490BCD801CC
:10BD30008D938D01BFEFCB1ADB0AE6E1CE16D1045D
:10BD400099F78D8D982F9D7F9D3009F052C080937B
:10BD5000E1028F3009F055C088E28093030287E248
:10BD60008093DF028E8D8C3039F0843129F084325B
:10BD700019F0883209F04AC08093E0028F8D8C3030
:10BD800059F099EE980F923038F08A3129F09DEDF4
:10BD9000980F923008F04DC0809318028931E8F571
:10BDA0008731E8F58C3009F43FC089E080930502C3
:10BDB00086E03DC06FEC7EE0C8010E94C70AC80162
:10BDC0000E94BF0A10928A05109289050E94737919
:10BDD0004FCE1092CD046BE37FE0C6010E94C70AEC
:10BDE000C6010E94BF0AECCE109224026ACF84E002
:10BDF00070CF8091CD04882309F4B4CF8DE0809377
:10BE0000E1028EE2809303028DE2AACF8091CD04FD
:10BE1000882309F4B3CF8CE0AFCF8A3131F68CE0C0
:10BE20008093050289E003C09FE090930502809310
:10BE300004028BA59FEF980F943110F48093B20306
:10BE40008CA59EEF980F933038F48330F1F1843055
:10BE500009F43FC0109216029EA58FEF890F823021
:10BE600030F481E0923008F480E0809392029FA544
:10BE70008FEF890F823030F481E0923008F480E057
:10BE800080931F0298A98FEF890F823030F481E0F0
:10BE9000923008F480E08093B00399A98FEF890F66
:10BEA000823030F481E0923008F480E080931D020B
:10BEB0008DA59EEF980F933090F4823061F083301F
:10BEC00009F46AC282E090E069C281E080931602C0
:10BED000C3CF82E0FBCF10921A021092190298A1F0
:10BEE0008FEF890F843030F481E0913009F480E0E5
:10BEF0008093B10389A19FEF980F9E3F10F4809328
:10BF0000D5028AA19FEF980F9E3F10F48093D30231
:10BF10008BA19FEF980F9E3F10F48093D1028CA1CC
:10BF20009FEF980F9E3F10F48093D4028DA19FEF56
:10BF3000980F9E3F10F48093D2028EA19FEF980F2E
:10BF40009E3F10F48093D0028FA19CEE980F913504
:10BF500010F48093150288A59CEE980F913510F48B
:10BF60008093210289A59CEE980F913510F480935F
:10BF700017028AA59CEE980F913510F480931B024E
:10BF80009AA98FEF890F823040F481E0923008F453
:10BF900080E08093AF030E94C9160E94EE550E9474
:10BFA00000560E940D56AE014F5F5F4F6A0106E1D9
:10BFB00010E0C8010E9490BCD6018D936D010F5F07
:10BFC0001F4F02331105A9F799818FEF890F823036
:10BFD00030F481E0923008F480E0809382029A810C
:10BFE0008FEF890F823030F481E0923008F480E0E6
:10BFF0008093B4039B818FEF890F823030F481E00E
:10C00000923008F480E0809320028C819FEF980F9B
:10C01000923078F491E0823008F490E090931E0220
:10C02000823009F4C0C18CE291E090939102809338
:10C0300090029D818FEF890F823030F481E0923041
:10C0400008F480E080931C029E818FEF890F82307C
:10C0500030F481E0923008F480E0809397029F8171
:10C060008FEF890F823030F481E0923008F480E065
:10C070008093850298858FEF890F823030F481E0BC
:10C08000923008F480E08093960299858FEF890FB3
:10C09000823030F481E0923008F480E08093EE0347
:10C0A0008A859EEF980F943090F4833029F0853084
:10C0B00019F0823009F07AC180938017809180173F
:10C0C0008093910D8093250281E08093B6038B8548
:10C0D0009FEF980F923040F4823009F469C181E0FB
:10C0E00080937E170E94097B9C858FEF890F823099
:10C0F00030F481E0923008F480E0809305049D855F
:10C100008FEF890F823030F481E0923008F080E0C8
:10C110008093BF039A8D8FEF890F823030F481E0D6
:10C12000923008F480E0809322029B8D8FEF890F7C
:10C13000823030F481E0923008F480E08093B303E1
:10C140009C8D8FEF890F823030F481E0923008F4BB
:10C1500080E08093B5039E8591509536C8F4909306
:10C16000D8022091E70CE22FEC53FF0B9E9FA00119
:10C170009F9F500D1124CA016CE97FEF0E9439BDC9
:10C180002C53620F6093E50C6093E40C6093E60C13
:10C190008F859FEF980F9C3358F448EE53E0849FAF
:10C1A0009001859F300D11243093870220938602E1
:10C1B00088899FEF980F9C3358F448EE53E0849F92
:10C1C0009001859F300D11243093890220938802BD
:10C1D00089899FEF980F9C3358F448EE53E0849F71
:10C1E0009001859F300D112430938B0220938A0299
:10C1F0008A899FEF980F9C3358F448EE53E0849F50
:10C200009001859F300D112430938D0220938C0274
:10C210008B899FEF980F9C3358F448EE53E0849F2E
:10C220009001859F300D112430938F0220938E0250
:10C230009C898FEF890F823030F481E0923008F4CE
:10C2400080E08093D9029D898FEF890F823030F48E
:10C2500081E0923008F480E08093DA029E898FEFCB
:10C26000890F823030F481E0923008F480E08093CE
:10C27000DB029F898FEF890F823030F481E09230AA
:10C2800008F480E08093DC02988D8FEF890F823074
:10C2900030F481E0923008F480E08093DD02898DF3
:10C2A0009FEF980F953058F4823009F499C008F048
:10C2B0008DC0813009F498C084E0809323020E94ED
:10C2C000DC5581E00E94E8220E9400560E940D5633
:10C2D00080911502853618F084E6809315028091CE
:10C2E0002102853618F084E680932102809117029E
:10C2F000853618F084E6809317020E9470130E941E
:10C3000043324091CF0250E070E060E086E497E174
:10C310000E94D25440ED57E060E070E08CEF9CE06A
:10C320000E94D25440E45FE160E070E088ED9DE05F
:10C330000E94D25448EE53E060E070E081EF9EE04E
:10C340000E94D25480910504811162C0EE24E394CE
:10C3500010E000E020E04091E30C60E086E791E02F
:10C360000E941A1C40E050E0BA0186EA9DE00E945B
:10C37000D254E8960FB6F894DEBF0FBECDBFDF9162
:10C38000CF911F910F91FF90EF90DF90CF90BF90D2
:10C39000AF909F908F90089581E090E090931A0263
:10C3A000809319029CCD84EF91E03FCE84E084CE4F
:10C3B00080937E1710927F171092811780918617B5
:10C3C000811192CE81E0809386178ECE833019F052
:10C3D000853009F071CF80932302809389176FCF46
:10C3E00091E090932402F7CF80932402F4CFEE24BF
:10C3F000E39410E000E020E04091E30C60E08FE582
:10C4000091E00E941A1C0E94C4150E947C1659CF0C
:10C4100080917E17813031F482E090E09093FF03A9
:10C420008093FE0340EA5FE060E070E08CEE9DE008
:10C430000E94D25481E0809306049BCFFF920F9319
:10C440001F93CF93DF93CDB7DEB764970FB6F89401
:10C45000DEBF0FBECDBF182FF62E072F1C8A1B8AFA
:10C46000682FCE010D960E94BF7A6FE87EE0CE0164
:10C4700001960E94C70ABE016F5F7F4FCE010796EB
:10C480000E94F50ABE01635F7F4FCE0107960E94AE
:10C490006B0ACE0107960E94BF0ACE0101960E9448
:10C4A000BF0ACE010D960E94BF0AE8ECF4E091E0CD
:10C4B00090831183F282038384E08483E5E2F8E0D1
:10C4C00090831183F2820383848385E090E09C8BC8
:10C4D0008B8B41E0BE016D5E7F4FCF010E94885182
:10C4E00064960FB6F894DEBF0FBECDBFDF91CF913B
:10C4F0001F910F91FF90089570E060E00C941E6210
:10C50000EF920F931F93CF93DF9300D000D0CDB75E
:10C51000DEB781E080930304109204041092F40DBE
:10C520001092F50D6FEA7EE0CE0101960E94C70AD7
:10C53000CE0101960E94BF0A8091060462E070E07D
:10C54000811102C061E070E082E00E941E62809171
:10C550000504811110C08CE891E00E94C61BEE24F6
:10C56000E39410E000E020E04091E30C60E08CE810
:10C5700091E00E941A1C8091FC0381110E94BE313F
:10C580008091FA03882361F0809101049091020464
:10C59000019731F08091F803811102C00E94AB2C09
:10C5A00080917E1780930602809180178093070206
:10C5B00080918317809308028091811780930902EC
:10C5C0008091841780930D0281E02091DF0E3091DD
:10C5D000E00E232B09F080E080930A028091CC02C8
:10C5E00080930B02809101049091020421E0009756
:10C5F00009F420E020930C022091870520930F027C
:10C600002091BD03222309F472C02091BB03222391
:10C6100009F46BC024E0209312022091BC03209304
:10C6200013022091A203209314022091240220934C
:10C630000E02019711F010929C028091D702809314
:10C64000100281E09091E60C9A3B09F080E0809323
:10C65000110281E08093A90383E08093AA0394E010
:10C660009093AE03EBEAF3E0DF011D928A95E9F7C0
:10C67000E6E0F2E0A5E2B8E085E192E021912D93B9
:10C680008E179F07D9F78FE090E09A83898346E061
:10C69000BE016F5F7F4F85E298E00E9488518091D4
:10C6A000FB03882349F00E948F10811105C070E0C0
:10C6B00060E087E00E941E6284E00E947C6261EA82
:10C6C0007EE0CE0101960E94C70ACE0101960E942B
:10C6D000BF0A26960FB6F894DEBF0FBECDBFDF911E
:10C6E000CF911F910F91EF90089523E094CF21E017
:10C6F00092CFEF920F931F9384E490E00E94C61BA9
:10C70000EE24E39410E000E020E04091E30C60E0D0
:10C7100084E490E00E941A1C8091910D8330C1F155
:10C72000853009F477C0823009F053C083E08093EC
:10C73000910D83E091E00E94C61B8EE590E00E947F
:10C74000C61B8EE490E00E94C61B8DE490E00E9420
:10C75000C61B20E04091E30C60E08EE490E00E9474
:10C760001A1C8CE10E947C628091F803811173C0D5
:10C770008091010490910204019709F46CC08091AA
:10C78000FA03811168C01F910F91EF900C9443320E
:10C7900084E08093910D83E091E00E94C61B8EE5BA
:10C7A00090E00E94C61B8EE490E00E94C61B8DE4C0
:10C7B00090E00E94C61BEE24E39410E000E020E02D
:10C7C0004091E30C60E08EE590E00E941A1C8BE142
:10C7D000C9CF85E08093910D83E091E00E94C61B54
:10C7E0008EE590E00E94C61B8EE490E00E94C61B7E
:10C7F0008DE490E00E94C61BEE24E39410E000E07C
:10C8000020E04091E30C60E083E091E00E941A1C7C
:10C810008AE1A8CF82E08093910D83E091E00E94AD
:10C82000C61B8EE590E00E94C61B8EE490E00E943D
:10C83000C61B8DE490E00E94C61BEE24E39410E03A
:10C8400000E020E04091E30C60E08DE490E00E9485
:10C850001A1C8DE187CF1F910F91EF900895CF9211
:10C86000DF92EF92FF920F931F93CF93DF9380E0BD
:10C870000E94C70FC0903A17C80E81E00E94C70FF0
:10C88000D0903A17D80E82E00E94C70FE0903A1776
:10C89000E80E83E00E94C70FF0903A17F80E10914F
:10C8A0007D171150C091BC048091E002D1E08C3022
:10C8B00009F0D5E08091E102C81708F0F4C086EADB
:10C8C0009DE00E94A254882309F4EDC08091E1020A
:10C8D000EC2FF0E090919202992309F4AFC08D30D3
:10C8E00009F0A9C0EA52F44FC49100E020E04FEFF4
:10C8F00064E180E00E949E23C0939E050E942F74F5
:10C900008091BC04C5E06C2F0E9419BD911192C1A9
:10C9100020E04FEF6D2F81E00E949E23C0929E0584
:10C920000E942F7420E04FEF6D2F81E00E949E2324
:10C93000D0929E050E942F7420E04FEF6D2F81E072
:10C940000E949E23E0929E050E942F7420E04FEFEC
:10C950006D2F81E00E949E23F0929E050E942F740D
:10C9600020E04FEF61E081E00E949E2310939E053E
:10C970000E942F748091190290911A02892B09F458
:10C9800065C020E04FEF65E084E00E949E23109296
:10C990009D050E94447420E04FEF65E084E00E9412
:10C9A0009E2321E020939D050E94447420E04FEFD8
:10C9B0006BE084E00E949E2322E020939D050E946C
:10C9C000447420E04FEF6BE084E00E949E2323E05C
:10C9D00020939D050E94447420E04FEF6FE084E0B7
:10C9E0000E949E2324E020939D050E94447420E031
:10C9F0004FEF6FE084E00E949E23C0939D050E944C
:10CA0000447420E04FEF6FE084E00E949E23209169
:10CA1000DE02215020939D050E94447420E04FEFD8
:10CA20006BE084E00E949E232091DE0220939D050E
:10CA30000E94447423C0E953F44F56CF8D3019F44B
:10CA4000E654F44F51CFE555F44F4ECFA59A739A63
:10CA500080910201886080930201809102018061CF
:10CA60008093020180910201806280930201809193
:10CA700002018064809302012C9A2D9A8091BC045B
:10CA80008F5F8093BC049091E102891377C110926B
:10CA9000AE0D1092AF0D4EE150E060E070E08CE919
:10CAA0009DE00E94D254C091BB048091E102C8175E
:10CAB00008F0A3C18CE99DE00E94A254882309F4E8
:10CAC0009CC18091E102EC2FF0E0909192029923B9
:10CAD00009F45EC18D3009F058C1EA52F44FC49197
:10CAE00000E020E04FEF60E080E00E949E23209174
:10CAF000E10221502C1B20939E050E942F748091EF
:10CB0000BB04C5E06C2F0E9419BD9111CAC220E080
:10CB10004FEF6D2F81E00E949E23C0929E050E94E0
:10CB20002F7420E04FEF6D2F81E00E949E23D09262
:10CB30009E050E942F7420E04FEF6D2F81E00E9430
:10CB40009E23E0929E050E942F7420E04FEF6D2FF0
:10CB500081E00E949E23F0929E050E942F7420E0A7
:10CB60004FEF61E081E00E949E2310939E050E949A
:10CB70002F748091190290911A02892B09F410C127
:10CB800020E04FEF65E084E00E949E2310929D0517
:10CB90000E94447420E04FEF65E084E00E949E23F1
:10CBA00021E020939D050E94447420E04FEF6BE04C
:10CBB00084E00E949E2322E020939D050E944474FD
:10CBC00020E04FEF6BE084E00E949E2323E020935F
:10CBD0009D050E94447420E04FEF6FE084E00E94C6
:10CBE0009E2324E020939D050E94447420E04FEF93
:10CBF0006FE084E00E949E23C0939D050E944474D0
:10CC000020E04FEF6FE084E00E949E232091DE023F
:10CC1000215020939D050E94447420E04FEF6BE06B
:10CC200084E00E949E232091DE0220939D050E94B5
:10CC30004474CEC000E020E04FEF60E081E00E944D
:10CC40009E23C0929E050E942F7420E04FEF60E06B
:10CC500081E00E949E23D0929E050E942F7420E0C6
:10CC60004FEF60E081E00E949E23E0929E050E94CB
:10CC70002F7420E04FEF60E081E00E949E23F0924D
:10CC80009E050E942F7420E04FEF60E081E00E943B
:10CC90009E2310939E050E942F74809119029091FB
:10CCA0001A02892B09F451C020E04FEF60E084E0C4
:10CCB0000E949E2310929D050E94447420E04FEF35
:10CCC00060E084E00E949E2321E020939D050E9465
:10CCD000447420E04FEF60E084E00E949E2322E055
:10CCE00020939D050E94447420E04FEF60E084E0B3
:10CCF0000E949E2323E020939D050E94447420E01F
:10CD00004FEF60E084E00E949E2324E020939D0585
:10CD10000E94447420E04FEF60E084E00E949E2374
:10CD2000C0939D050E94447420E04FEF60E084E0D2
:10CD30000E949E232091DE02215020939D050E9497
:10CD4000447420E04FEF60E06CCEA598739880911A
:10CD50000201877F80930201809102018F7E809380
:10CD60000201809102018F7D809302018091020176
:10CD70008F7B809302012C982D9880CE4EE150E05D
:10CD800060E070E086EA9DE08CCEE953F44FA7CED8
:10CD90008D3019F4E654F44FA2CEE555F44F9FCEF2
:10CDA000A59A739A80910201886080930201809114
:10CDB0000201806180930201809102018062809370
:10CDC0000201809102018064809302012C9A2D9AC5
:10CDD0008091BB048F5F8093BB049091E102891323
:10CDE00004C21092A40D1092A50D4EE150E060E037
:10CDF00070E082E99DE00E94D254C091A502CC234C
:10CE000009F445C182E99DE00E94A254882309F4F7
:10CE10003EC100E020E04C2F6D2F81E00E949E2358
:10CE2000C0929E050E942F7420E04091A5026D2FB4
:10CE300081E00E949E23D0929E050E942F7420E0E4
:10CE40004091A5026D2F81E00E949E23E0929E05F5
:10CE50000E942F7420E04091A5026D2F81E00E9476
:10CE60009E23F0929E050E942F7420E04091A5021F
:10CE700061E081E00E949E2310939E050E942F7422
:10CE80008091190290911A02892B09F462C020E066
:10CE90004091A50265E084E00E949E2310929D05CA
:10CEA0000E94447420E04091A50265E084E00E9465
:10CEB0009E2321E020939D050E94447420E0409130
:10CEC000A5026BE084E00E949E2322E020939D0552
:10CED0000E94447420E04091A5026BE084E00E942F
:10CEE0009E2323E020939D050E94447420E04091FE
:10CEF000A5026FE084E00E949E2324E020939D051C
:10CF00000E94447420E04091A5026FE084E00E94FA
:10CF10009E2325E020939D050E94447420E04091CB
:10CF2000A5026FE084E00E949E232091DE02215042
:10CF300020939D050E94447420E04091A5026BE07F
:10CF400084E00E949E232091DE0220939D050E9492
:10CF5000447480911802893108F04EC1873108F07D
:10CF60004EC165E18C3009F067E08091A502C09167
:10CF7000080F90912002992309F443C12FEF30E06C
:10CF8000A901481B5109CA0170E00E9439BDC60FB2
:10CF90008091070F8C1770F08091B103813009F0F8
:10CFA00034C14FEF65E082E00E94F332C0939D05EB
:10CFB0000E94447480912002882309F42EC180913C
:10CFC000080F8C17A0F42091070F4C2F4150550BE0
:10CFD0002417150664F000E020E04FEF60E082E0E7
:10CFE0000E949E23C150C0939D050E94447480916D
:10CFF000A50281508093A50281111DC110929A0D46
:10D0000010929B0D00E020E04FEF60E081E00E9475
:10D010009E23C0929E050E942F7420E04FEF60E097
:10D0200081E00E949E23D0929E050E942F7420E0F2
:10D030004FEF60E081E00E949E23E0929E050E94F7
:10D040002F7420E04FEF60E081E00E949E23F09279
:10D050009E050E942F7420E04FEF60E081E00E9467
:10D060009E2310939E050E942F740E94D42C0E9430
:10D070006F3183E70E947C6281E0809306040E9406
:10D08000955565E070E080E090E00E944F7FDF9171
:10D09000CF911F910F91FF90EF90DF90CF900C9464
:10D0A000955500E020E04FEF60E081E00E949E2374
:10D0B000C0929E050E942F7420E04FEF60E081E057
:10D0C0000E949E23D0929E050E942F7420E04FEF75
:10D0D00060E081E00E949E23E0929E050E942F74F2
:10D0E00020E04FEF60E081E00E949E23F0929E05D9
:10D0F0000E942F7420E04FEF60E081E00E949E23A9
:10D1000010939E050E942F748091190290911A022B
:10D11000892B09F451C020E04FEF60E084E00E94C9
:10D120009E2310929D050E94447420E04FEF60E022
:10D1300084E00E949E2321E020939D050E94447478
:10D1400020E04FEF60E084E00E949E2322E02093E5
:10D150009D050E94447420E04FEF60E084E00E944F
:10D160009E2323E020939D050E94447420E04FEF0E
:10D1700060E084E00E949E2324E020939D050E94AD
:10D18000447420E04FEF60E084E00E949E23C0934F
:10D190009D050E94447420E04FEF60E084E00E940F
:10D1A0009E232091DE02215020939D050E9444740D
:10D1B00020E04FEF60E034CDA59873988091020194
:10D1C000877F80930201809102018F7E809302010C
:10D1D000809102018F7D80930201809102018F7BFB
:10D1E000809302012C982D98F3CD4EE150E060E041
:10D1F00070E08CE99DE0FFCD8A3109F0B5CE69E0A1
:10D20000B4CE0E9419BDC80FC3CE00E020E04FEF9E
:10D2100065E082E00E949E23C9CE8091070FC81767
:10D2200008F0E5CE00E020E04FEF60E082E00E94F1
:10D230009E23CF5FD8CE45E050E060E070E082E909
:10D240009DE00E94D25423CF1F93CF93DF9300D051
:10D2500000D01F921F92CDB7DEB718861F8211E053
:10D260001093C2048093C30494E09093C704E4EC49
:10D27000F4E023E0DF011D922A95E9F7863309F4F3
:10D28000B0C080F4833009F4CFC0893209F4DCC027
:10D2900028960FB6F894DEBF0FBECDBFDF91CF91B9
:10D2A0001F910895853509F43DC1863509F44AC1B9
:10D2B000843571F76CE57EE0CE0101960E94C70AC5
:10D2C000CE0101960E94BF0A6091E70C6C53770B68
:10D2D0008091E50C9B01281B310987FD339544E6BD
:10D2E000429FC001439F900D11240E9439BD1092AE
:10D2F0005702109280021092810280917E178093D3
:10D300005802809125028093590280918017809362
:10D310005A0260935C028091B50380935D02809114
:10D320008202809362028091B403809363028091B1
:10D3300085028093640280919602809366028091B8
:10D34000EE038093650280910504809361028091D1
:10D35000220280935E028091BF03182710935F0220
:10D360008091AF0380937F0280912302811180938B
:10D370005B028091E002809367028091D3028093E8
:10D3800068028091D2028093690280912102809389
:10D390006A02809120028093600280911F02809334
:10D3A0006B0280911E0280936C0280911D0280931B
:10D3B000780280911C0280936D028091B303809368
:10D3C0006E0280911B0280937002809119029091ED
:10D3D0001A02009709F44FC0019709F49AC083E03C
:10D3E0004BC03091D3023093C4042091D2022093D9
:10D3F000C5041093460A8093470A3093480A209345
:10D40000490A8091C60480934A0A90934B0A86E0A9
:10D4100090E098878F8342E0BE01695F7F4F86E48A
:10D420009AE00E94885134CFE6EAF2E0A6E4BAE03E
:10D4300081918D9382E0EC3CF807D1F786E290E091
:10D4400098878F8346E0E8CF4091D8024093C40488
:10D450003091D7023093C5042091D6022093C604A0
:10D460001093460A8093470A4093480A3093490A2A
:10D4700020934A0ACACF81E080936F0280911802FC
:10D48000809371028091D102809372028091D002C8
:10D490008093730280911702809374028091B1038C
:10D4A0008130C9F1109275028091B20380937602A7
:10D4B00080911602813091F1823091F181E0809368
:10D4C00077028091E10280937902809192028093A9
:10D4D0007A028091D50280937B028091D40280935E
:10D4E0007C028091150280937D028091B00380932D
:10D4F0007E02E7E5F2E0A6E4BAE081918D9382E056
:10D50000E238F807D1F78BE290E098878F8343E009
:10D5100083CF82E0B1CF80937502C6CF82E0CFCFB8
:10D5200083E0CDCFEBE3F2E0A6E4BAE081918D9306
:10D5300082E0E735F807D1F78CE190E098878F8398
:10D5400044E06ACF65E77EE0CE0101960E94C70AFB
:10D55000CE0101960E94BF0A8091D90280932702D2
:10D560008091DA02809328028091DB028093290265
:10D570008091DC0280932A028091DD0280932B024D
:10D58000809186029091870228EE33E0B9010E94D3
:10D5900025BD60932C028091880290918902B90187
:10D5A0000E9425BD60932D0280918A0290918B028A
:10D5B000B9010E9425BD60932E0280918C0290914A
:10D5C0008D02B9010E9425BD60932F0280918E02C9
:10D5D00090918F02B9010E9425BD60933002809125
:10D5E00097028093260280910404811119C0109340
:10D5F00031021092320210923302109234021092D1
:10D6000035028EE18093360283E28093370288E20E
:10D610008093380282E3809339028CE380933A024C
:10D62000E6E2F2E0A6E4BAE08BE392E021912D93EA
:10D630008E179F07D9F785E190E098878F8345E0A3
:10D64000EBCEEF920F931F93CF93DF93CDB7DEB75F
:10D6500064970FB6F894DEBF0FBECDBF81508B35F7
:10D6600008F04FC18B01E82FF0E08827E55CF44912
:10D670008F4F0C944DBD7C6C966B816C8D6C816C66
:10D68000816C816C816C816C816C1B6D3B6D816CDC
:10D690001970816C816C816C816CDC6C816C816C2B
:10D6A000816C816CE26D816C816C816C816C816CB0
:10D6B000446F726FA26E9E6EA96EA66E3E6F416F32
:10D6C000596E5C6E5F6E816C9F71B271F86FD76F2F
:10D6D000B66F956F006D0F6D816C816CA56CC36C1E
:10D6E000816CAC6E3F6E446DA96D816C816C816CF8
:10D6F000816C816C816CE06CF06C816CB46E816CBF
:10D70000816C816C816C8071816C816C816C816CAD
:10D71000816C816C816C6D7171717871816C816CBF
:10D72000816C816C816C816CB671C97181E0809370
:10D73000A8031092C4031092E00D1092E10D6EEA5E
:10D740007DE0CE0101960E94C70ACE0101960E949B
:10D75000BF0A82E00E94D85580917E178093A6026E
:10D76000909180179093A702909183179093A802AD
:10D77000909181179093A90290917F17813009F4BD
:10D7800091E081E0913009F080E08093AA028091DD
:10D7900084178093B00281E090918817923009F04D
:10D7A00080E08093B202809104048093B102809162
:10D7B000F5038093B30281E02091010430910204CB
:10D7C000232B09F480E08093AC0280919702809330
:10D7D000AD02809124028093AE0220E030E048EC5C
:10D7E00052E46091C0037091C1038091C203909193
:10D7F000C3030E94D2BB0E9467BE70E07093C9024F
:10D800006093C8028091D3028093B6028091D202C5
:10D810008093B7028091CC028093AB02809120026A
:10D820008093AF02809102028093B5028091FC0345
:10D830008093B40280918705909188059093C502EA
:10D840008093C4028091A0039091A1039093C7029A
:10D850008093C6028091BD038093BC028091BB037C
:10D860008093BD028091BC038093BE028091A2038D
:10D870008093BF028091B9039091BA039093C10243
:10D880008093C0028091B7039091B8039093C30234
:10D890008093C20281E09091E60C9A3B09F080E00F
:10D8A0008093B8028091D8028093B9028091D70208
:10D8B0008093BA028091D6028093BB0283E00E94DB
:10D8C00024698091FB03882349F00E948F10811105
:10D8D00005C070E060E080E30E94B25584E00E94E1
:10D8E000D8556AE97DE0CE0101960E94C70ACE01B3
:10D8F00001960E94BF0A05C01092A80381E08093A0
:10D90000C40364960FB6F894DEBF0FBECDBFDF919F
:10D91000CF911F910F91EF90089564E47EE0CE01C6
:10D9200001960E94C70ACE0101960E94BF0A10927A
:10D93000A80381E08093C40340E45FE160E070E00D
:10D9400088ED9DE00E94D254DCCF81E080937F1768
:10D9500080917E17813061F48091010490910204DE
:10D96000892B31F482E090E09093FF038093FE03D3
:10D9700080910404882319F08CE40E947C628FE378
:10D980000E94D855BECF10927F17809101049091CC
:10D9900002048130910539F49093FF038093FE03D4
:10D9A00082E10E94D85580910404882319F08DE407
:10D9B0000E947C6280E4E4CF82E40E947C62A1CF7A
:10D9C00080910404882311F080E5F7CF8091010451
:10D9D00090910204019709F094CF0E94351F91CFD6
:10D9E00080910404882311F081E5E7CF8091010440
:10D9F00090910204019709F084CF0E94EF1E81CF1D
:10DA00008091220281117DCF81E08093B8040E9431
:10DA10008F10682F70E080E30E94B25572CF809122
:10DA2000220281116ECF1092B8040E948F10682FCD
:10DA300070E081E3F1CF809104048823B9F084E79A
:10DA40000E947C6280918017853009F45ACF0E9431
:10DA5000061CEE24E39404EC19E021E04091E30C71
:10DA600061E08BE691E00E941A1C4BCF80E797E1C2
:10DA70000E94325AE7CF80910404882311F085E791
:10DA80009CCF0E94F6563DCF8091970291E0892766
:10DA90006115710529F081E06230710509F080E0BF
:10DAA0008093970285E590E00E94C61B84E590E094
:10DAB0000E94C61B80919702882359F18DE390E064
:10DAC0000E94C61BEE24E39410E000E020E04091A9
:10DAD000E30C60E08DE390E00E941A1C8091010449
:10DAE00090910204019759F020E04091E30C60E02E
:10DAF00084E590E00E941A1C80E20E947C62809182
:10DB0000970262E070E0811102C061E070E089E399
:10DB100083CF8CE290E00E94C61BEE24E39410E0D9
:10DB200000E020E04091E30C60E08CE290E00E9495
:10DB30001A1C8091010490910204019701F320E0E6
:10DB40004091E30C60E085E590E00E941A1C8FE1B3
:10DB5000D4CF8091240291E089276115710529F0C5
:10DB600081E06230710509F080E08093240280E555
:10DB700090E00E94C61B81E590E00E94C61B809148
:10DB80002402EE24E39410E000E020E04091E30C56
:10DB900060E0882389F080E590E00E941A1C89E00B
:10DBA0000E947C628091240262E070E0811102C0D8
:10DBB00061E070E08AE330CF81E590E00E941A1CBA
:10DBC0008AE0EECF8091200291E0892761157105EE
:10DBD00029F081E06230710509F080E08093200235
:10DBE0008FE390E00E94C61B80E490E00E94C61B79
:10DBF00086E590E00E94C61B87E590E00E94C61B68
:10DC000080912002EE24E39410E000E020E04091B7
:10DC1000E30C60E08823F9F08FE390E00E941A1C87
:10DC20008091010490910204019759F020E0409105
:10DC3000E30C60E086E590E00E941A1C82E20E94FC
:10DC40007C628091200262E070E0811102C061E09C
:10DC500070E088E1E1CE80E490E00E941A1C80919F
:10DC6000010490910204019761F320E04091E30CDC
:10DC700060E087E590E00E941A1C81E2E0CFCB01D2
:10DC80000E9433238091E60C62E070E08A3B11F041
:10DC900061E070E088E30E94B2558091E60C62E09A
:10DCA00070E08A3B11F061E070E088E20E941E6241
:10DCB00028CE0E94492325CE0E94762322CE6536A7
:10DCC00008F004E6802F90E0029665E070E00E9484
:10DCD00039BD862F880F880F680F6093D802209176
:10DCE000E70C822F8C53990BFC012C536E9FC001C3
:10DCF0006F9F900D11246CE97FEF0E9439BD620F78
:10DD000016166CF41092E60C84E68093D80280918B
:10DD1000E60C8093E40C80E00E94E822F2CD862F8E
:10DD2000062E000C990B8E179F071CF06093E60CD3
:10DD3000EECF2093E60C1092D802E9CF0E94892200
:10DD400080E13BCE0E94B8228FE037CE0E942A228B
:10DD5000D8CD0E945922D5CD8091BD03882309F4E6
:10DD6000E6C20E94451ACDCD8091BD03882309F4F7
:10DD7000DEC28091BB0381114EC01092F00C109254
:10DD8000F10C2091890530918A05C901019703970B
:10DD900098F58091B9039091BA0323303105B1F120
:10DDA00020918705309188052A36310578F5209134
:10DDB000D602243620F470E060E00E946A788091F8
:10DDC000B9039091BA030E9468BA0E949079809139
:10DDD000D602843688F46FE070E080E090E00E9424
:10DDE0004F7F6091E20C062E000C770B8091B903F7
:10DDF0009091BA030E946A7881E08093BB0364E04B
:10DE000070E085E20E941E6287E4BACD0E9468BA83
:10DE10000E949079F1CF40E45FE160E070E088EE2D
:10DE20009CE00E94D2548091890590918A050197C7
:10DE30000397D8F481E08093570D8091B9039091B6
:10DE4000BA03FE01359620E1DF011D922A95E9F71C
:10DE500028E029839B838A8383E08C838D83CE0192
:10DE600001960E9434720E9490791092BB0363E085
:10DE700070E085E20E941E6288E482CD0E94551BFC
:10DE800040CD0E94E81A3DCD672B49F161E0023098
:10DE9000110509F060E06093BC038091B703909195
:10DEA000B8031816190634F48091B9039091BA0397
:10DEB0000E9499738091BC0362E070E0811102C0FE
:10DEC00061E070E08EE10E94B2558091BC0362E097
:10DED00070E0811102C061E070E086E2E7CE0E944E
:10DEE0002A55E8CF8091A20391E089276115710539
:10DEF00029F081E06230710509F080E08093A2038F
:10DF00008091A20362E070E0811102C061E070E0E4
:10DF10008FE10E94B2558091A20362E070E081110E
:10DF200002C061E070E087E2C1CE82E0809380179A
:10DF30008093910D81E08093B6038BE00E947C6218
:10DF40008FE20E94D855EE24E39410E000E020E038
:10DF50004091E30C60E08DE490E00E941A1C0E9466
:10DF600070130E94433268E27EE0BDCC83E0809370
:10DF700080178093910D81E08093B6038CE00E941E
:10DF80007C628EE20E94D855EE24E39410E000E01B
:10DF900020E04091E30C60E08EE490E00E941A1CC7
:10DFA0000E9470130E9443326CE07EE09CCC84E0BF
:10DFB000809380178093910D81E08093B6038DE06C
:10DFC0000E947C628DE20E94D855EE24E39410E01A
:10DFD00000E020E04091E30C60E08EE590E00E94DC
:10DFE0001A1C0E9470130E9443326AEE7DE07BCCC3
:10DFF00085E0809380178093910D81E08093B60334
:10E000008EE00E947C628CE20E94D855EE24E3945C
:10E0100010E000E020E04091E30C60E083E091E05C
:10E020000E941A1C0E9470130E94433264EC7DE02F
:10E030005ACC862F0E94217B882309F462CC609100
:10E04000811770E08EE00E94B2556091811770E0F8
:10E050008EE10E941E6280918117833039F4809195
:10E060008705909188058D369105C0F080918217C3
:10E070008330C1F0809181178034E9F4EE24E39479
:10E0800010E000E020E04091E30C60E088E290E0E6
:10E090000E941A1C81E08093A40333CC81E00E948B
:10E0A0009B16E8CF80918705909188058D36910564
:10E0B00008F780E0F4CF8091A403882371F0EE2468
:10E0C000E39410E000E020E04091E30C60E088E29F
:10E0D00090E00E941A1C1092A403809182170E9463
:10E0E000C43282E390E00E94C61B87E390E00E9466
:10E0F000C61B87E491E00E94C61B809101049091A9
:10E100000204019709F09BC08091B503882319F19F
:10E1100080918017833009F43AC0853009F467C0D4
:10E12000823009F043C08CE791E00E94C61BEE24C8
:10E13000E39410E000E020E04091E30C61E08CE724
:10E1400091E00E941A1C40E355E760E070E086EA27
:10E150009DE00E94D254E0918117E83008F06DC034
:10E16000F0E0EE24E39410E000E020E04091E30CC6
:10E1700060E08827E154FF488F4F0C944DBD197122
:10E1800040714D715A71197167716A71197186E226
:10E1900090E00E94C61BEE24E39410E000E020E033
:10E1A0004091E30C61E086E290E0CBCF80E190E02B
:10E1B0000E94C61B80918117823089F44091E30C44
:10E1C0004852EE24E39410E000E020E061E080E1BA
:10E1D00090E00E941A1C8FE60E947C62B4CFEE246D
:10E1E000E39410E000E020E04091E30CEFCF85E9FC
:10E1F00091E00E94C61B80918117823091F440917A
:10E20000E30C4852EE24E39410E000E020E061E0EB
:10E2100085E991E00E941A1C0E945613811193CF48
:10E22000DACFEE24E39410E000E020E04091E30C2C
:10E23000EECF86E090E00E941A1C0E94F7168091B3
:10E240001D02882351F080918117823021F40E94B1
:10E2500087310E94A1130E9479298091B0038823FD
:10E2600061F08091010490910204019731F481E002
:10E270008093A30380E00E94DC290E94292A41CBDD
:10E2800085E490E00E941A1C00ED17E021E0409127
:10E29000E30C61E087E390E0CECF80E390E00E9462
:10E2A0001A1C0CEB12E021E04091E30C61E082E3E8
:10E2B00090E0C1CF86E490E00E941A1C02EE14E0C8
:10E2C00021E04091E30C61E087E491E0B4CF87E97D
:10E2D00091E0B1CF88E991E0AECF84E50E94246956
:10E2E00010CB80910404882309F40BCB82E665CB24
:10E2F00080910404882311F083E65FCB86E5EECF9E
:10E300008091B7039091B803181619060CF0F9CA5A
:10E31000643FB1E07B0708F4F4CA8091BD03882311
:10E3200049F00E94451A1093BA030093B9030E9462
:10E330006F1AE7CA7093BA036093B903E2CA0E94E6
:10E34000E3150E948A148CE890E00E94C61BEE241C
:10E35000E39410E000E020E04091E30C60E08CE802
:10E3600090E081CB86E60E947C62EDCF0E947C1615
:10E370000E94C4158BE890E00E94C61BEE24E39433
:10E3800010E000E020E04091E30C60E08BE890E0DA
:10E390006ACB87E60E947C62EDCF8150823108F023
:10E3A0005AC0E82FF0E08827E752FE488F4F0C94C0
:10E3B0004DBDF971FD71EB71F171F5712B72007248
:10E3C00006720A721072147218721E7222722B7206
:10E3D00026722C723072809180008F77809380003B
:10E3E0000895809180008F7DF9CF80918000877F94
:10E3F000F5CF84B58F7784BD089584B58F7DFBCF2D
:10E400008091B0008F778093B00008958091B00024
:10E410008F7DF9CF809190008F7780939000089541
:10E42000809190008F7DF9CF80919000877FF5CF0C
:10E430008091A0008F778093A00008958091A00024
:10E440008F7DF9CF8091A000877FF5CF809120014B
:10E450008F77809320010895809120018F7DF9CFDF
:10E4600080912001877FF5CFCF92DF92EF92FF92CC
:10E470000F931F93CF93DF93CDB7DEB7DC010DB7BA
:10E480001EB73C91432F50E07A0181E0E81AF10871
:10E49000EDB7FEB7E41BF50B0FB6F894FEBF0FBE49
:10E4A000EDBF6DB77EB76F5F7F4F20E08AEAD82E51
:10E4B00090EFC92E822F90E08E159F050CF01BC1A6
:10E4C000233030F4FB01213021F1223021F1C082D0
:10E4D00013969C911397992309F49AC0233008F45A
:10E4E00038C0EDEFE20FEC3008F033C0F0E08827E1
:10E4F000E358FD488F4F0C944DBD1F738D7293727E
:10E5000099729F72AF72C372CE72D972E472F07256
:10E51000FC72D182DDCF3283DBCF14968C911497BD
:10E52000FB01848316C011968C911197FB018583A2
:10E5300010C012968C911297FB0186830AC05196E7
:10E540008C915197882339F052968C915297FB0108
:10E5500087832F5FAFCF16968C911697F8CF1A96B8
:10E560008C911A97882331F01B968C911B97FB0195
:10E570008087EFCF51968C915197882351F3539612
:10E580008C915397F4CF1A968C911A97882309F39C
:10E590001C968C911C97FB018187DBCF1A968C917E
:10E5A0001A978823B1F21D968C911D97FB018287E3
:10E5B000D0CF1E968C911E97882359F21F968C916E
:10E5C0001F97FB018387C5CF1E968C911E978823CA
:10E5D00009F4BFCF50968C915097FB018487B9CF37
:10E5E00017968C911797882309F4B3CF18968C91BE
:10E5F0001897FB018587ADCF17968C9117978823C5
:10E6000009F4A7CF19968C911997FB018687A1CFA2
:10E61000EDEFE20FE83008F09CCFF0E014969C910B
:10E6200014978827E95EFC488F4F0C944DBD1F73EB
:10E630002273427354735D7366736D737473FB015D
:10E64000938387CF95509C3008F083CFE92FF0E07B
:10E650008827E25DFC488F4F0C944DBD3A73A97238
:10E66000A9723A733E733A73A9723A73A9723E73F0
:10E670003E733A7311968C91119752CF16968C91E6
:10E6800016974ECF9A3031F048F4953019F0983003
:10E6900009F05FCF12968C91129748CF9C30D1F33E
:10E6A000903109F056CFF6CF983019F09A3009F032
:10E6B00050CF1B968C911B973FCF983019F09A3012
:10E6C00009F047CF1C968C911C9741CF9A3009F0E6
:10E6D00040CF18968C9118974ACF9A3009F039CFCD
:10E6E00019968C91199757CF9A3009F032CF179617
:10E6F0008C9117975BCF860F971F25E5DC012C9334
:10E7000080910C0D90910D0DDC01ED91FC9102803A
:10E71000F381E02D19950FB6F8941EBF0FBE0DBF03
:10E72000DF91CF911F910F91FF90EF90DF90CF90ED
:10E730000895CF93DF93CDB7DEB764970FB6F89403
:10E74000DEBF0FBECDBFFE01359620E1DF011D9279
:10E750002A95E9F729E029839B838A838DE08C83BE
:10E7600086E0611185E08D836F83CE0101960E9462
:10E77000347264960FB6F894DEBF0FBECDBFDF9142
:10E78000CF910895CF93DF93CDB7DEB764970FB6DF
:10E79000F894DEBF0FBECDBFFE01339632E1DF013C
:10E7A0001D923A95E9F73CE039839B838A838AE09E
:10E7B0008D837D876C875A8749872887CE0101968C
:10E7C0000E94347264960FB6F894DEBF0FBECDBFC0
:10E7D000DF91CF910895CF93DF93EC019A01AB01C4
:10E7E000E889F98982E08083211581EE38074105A7
:10E7F000510581F160E079E08DE390E00E94D8BCA2
:10E80000215031094109510956954795379527956A
:10E81000EC85FD851082EE85FF852083188EEC89BE
:10E82000FD8986E08083EA89FB898081806180831D
:10E83000EA89FB89808188608083EA89FB898081FD
:10E8400080688083EA89FB8980818F7D8083DF9166
:10E85000CF910895E889F989108220E1D9CF2091DC
:10E860009E05E22FF0E02091681730916917E217BA
:10E87000F30738F49B01AC01BF0186E697E10E94E3
:10E88000C40D8EE995E0089520919D05E22FF0E0FA
:10E890002091521730915317E217F30738F49B0178
:10E8A000AC01BF0180E597E10E94C40D8DE995E0C0
:10E8B0000895CF92DF92EF92FF920F931F93CF9321
:10E8C000DF93C62FD42F482F50E08A010C56184EE4
:10E8D000D8013C91823009F4C9C1843009F4C6C121
:10E8E000813049F480918017845062E0823008F0D2
:10E8F000BEC16AE0BCC1623208F02AC0E62FF0E077
:10E900008827EA57FB488F4F0C944DBD6376A87457
:10E91000867684768276B6757F767D767B769875F8
:10E920007976777675767376717637752D756E761E
:10E930006C766A76687639756676077646755875A8
:10E9400075759A75B875C575E6751E752375287544
:10E9500034E6C0E0232F30E0AFEFBFEF0E94FABCF7
:10E960002FEF30E040E050E00E94A6BCAAEFB5E0F7
:10E970000E94C5BCDC01CB019058AF4FBF4FCD0109
:10E98000BB2797FDB095AB2F8E3FF1E09F0708F0B6
:10E9900040C1382F8F3F910508F463C14EEF481BEB
:10E9A00050E03FEFED2FF0E031960C2F10E00F5FBD
:10E9B0001F4FC095D0E0309FD001319FB00D112482
:10E9C0002B2F33272C0F3D1FDF010E9455BD6B01FC
:10E9D0007C01CC24EE24FF24509F9001519F300DE8
:10E9E0001124232F33272C0F3D1F0E9455BD672F65
:10E9F000782F892F9927C62AD72AE82AF92A409FF3
:10EA00009001419F300D1124232F33272C0F3D1FE0
:10EA10000E9455BD982F872F762F66276627772768
:10EA200099276C297D298E299F29DF91CF911F91EC
:10EA30000F91FF90EF90DF90CF9008953091D50225
:10EA4000C091D40287CF3091D302C091D20282CF3D
:10EA50003091D102C091D0027DCF6D2F70E08FEF49
:10EA600090E00E9439BDD62FD795DD27D79530E6A7
:10EA70001DC06D2F70E08FEF90E00E9439BDD0E790
:10EA8000D69FD02D11243AEAC8EC64CF313931F049
:10EA9000303621F081E9F801808331E9211106C087
:10EAA000FA01E956FA4F80818F5F8083CFEF52CF12
:10EAB00062E0332329F0303619F0D8011C9230E09F
:10EAC0002111F4CFFA01E956FA4F80818F5F8083DC
:10EAD0000E9419BD9111EACFD8018C91811142C0D9
:10EAE00080E68C9381E08083C2CF62E03F3031F0DA
:10EAF000323D21F08FE0F80180833FE02111D6CF35
:10EB0000FA01E956FA4F80818F5F80830E9419BD18
:10EB10009111CCCFD8018C918F3031F482ED8C9350
:10EB200081E0808332EDC2CF8FE08C9381E08083DF
:10EB30003FE0BCCF62E0332329F0323D19F0F80109
:10EB4000108230E02111B2CFFA01E956FA4F8081EC
:10EB50008F5F80830E9419BD9111A8CFD8018C913D
:10EB60008823E1F2D8011C9281E0808330E09ECFBF
:10EB7000FA01E956FA4F808182598F3010F080EA0D
:10EB8000808330813150308391CF62E0FA01E956C1
:10EB9000FA4F211103C080818F5F808380810E94A2
:10EBA00019BD91110CC0832F90E005966FEF70E0B6
:10EBB0000E9439BD382FD8018C9381E080832223B5
:10EBC00019F0F80130813550C0E8C4CE62E0FA0196
:10EBD000E956FA4F211103C080818F5F80838081C5
:10EBE0000E9419BD91110CC0832F90E005966FEF24
:10EBF00070E00E9439BD382FD8018C9381E080836A
:10EC0000222309F453CFF801308135504FCF30EC37
:10EC10004DCF8C3F23E0920798F48D3FE2E09E07B2
:10EC200058F452E0580F3FEF40E0BCCE88E592E048
:10EC3000A0E0B0E0C0E0F5CF3CEF381B5FEFF4CFD1
:10EC40008A3FF5E09F0781F08B3F24E0920728F48C
:10EC500044E0480F5FEF30E0A5CE5AEF581B30E09C
:10EC600001C050E04FEF9ECE50E0F9CF66E0C232D7
:10EC7000E8F6EC2FF0E08827EF5BF9488F4F0C9413
:10EC80004DBD63761676867684768276B6757F7607
:10EC90007D767B76987579767776757673767176EC
:10ECA00037752D756E766C766A7668763975667608
:10ECB00007764675597576759B75B875C675E7758F
:10ECC0001E75237528753C2FDC2F44CE34EBEECE19
:10ECD00030EAECCE31E9EACE30E8E8CE30E7C8E7FA
:10ECE00039CE30E5E3CE30E4E1CE3BE26DCF30E229
:10ECF000DDCE34E1DBCE3AE0D9CE35E0D7CE30E020
:10ED0000C0EC28CE34EF60CF34EFD0CE34E2C7EB86
:10ED100021CE0F931F93462F20E0682F83E00E949F
:10ED20005974AB01BC01B62FA52F942F8827AA27B1
:10ED3000BB27862B762F652F542F44274427552732
:10ED400077278C019D01042B152B262B372BC9010E
:10ED5000B8011F910F910C942B0E4F925F926F92FE
:10ED60007F928F929F92AF92BF92CF92DF92EF925B
:10ED7000FF920F931F93CF93DF9300D01F921F92A8
:10ED8000CDB7DEB720918B052D834B015C0104C00C
:10ED9000B694A794979487942A95D2F740908F05BC
:10EDA0005090900560909105709092056B017C01E8
:10EDB000C420D520E620F7208091930590919405FA
:10EDC000A0919505B091960589839A83AB83BC8306
:10EDD000F0E0E0E029813A814B815C8128253925EA
:10EDE0004A255B2565EB77E782E99CE20E9409BD35
:10EDF000DC01CB018B5F944BA94AB3458C019D018B
:10EE00004CE136952795179507954A95D1F70C5FF4
:10EE10001F4F9C01AD0104C0569547953795279526
:10EE20000A95D2F7282739274A275B2769ED72EF21
:10EE30008EE890E10E9409BD8B019C0156E1369558
:10EE40002795179507955A95D1F7DC01CB018027B7
:10EE50009127A227B32784219521A621B7218C25AC
:10EE60009D25AE25BF25319675016401E430F1057D
:10EE700021F50D8004C0880F991FAA1FBB1F0A949B
:10EE8000D2F7BC01CD01682979298A299B290F90E5
:10EE90000F900F900F900F90DF91CF911F910F91D6
:10EEA000FF90EF90DF90CF90BF90AF909F908F90AA
:10EEB0007F906F905F904F9008954C015D018ACFD5
:10EEC0004F925F926F927F928F929F92AF92BF927A
:10EED000CF92DF92EF92FF920F931F93CF93DF9326
:10EEE00000D01F921F92CDB7DEB720918B052D83E6
:10EEF0004B015C0104C0B694A794979487942A951B
:10EF0000D2F740908F0550909005609091057090D9
:10EF100092056B017C01C420D520E620F72080916A
:10EF2000930590919405A0919505B09196058983DC
:10EF30009A83AB83BC83F0E0E0E029813A814B8186
:10EF40005C812C253D254E255F2565EB77E782E921
:10EF50009CE20E9409BDDC01CB018B5F944BA94A66
:10EF6000B3458C019D014CE1369527951795079582
:10EF70004A95D1F70C5F1F4F9C01AD0104C0569517
:10EF80004795379527950A95D2F7282739274A2795
:10EF90005B2769ED72EF8EE890E10E9409BD8B015D
:10EFA0009C0156E136952795179507955A95D1F707
:10EFB000DC01CB0180279127A227B327842195214B
:10EFC000A621B721BC01CD01682579258A259B257D
:10EFD000319646015701E430F10511F50D8004C06A
:10EFE000CC0CDD1CEE1CFF1C0A94D2F76C297D2989
:10EFF0008E299F290F900F900F900F900F90DF9107
:10F00000CF911F910F91FF90EF90DF90CF90BF9025
:10F01000AF909F908F907F906F905F904F900895EA
:10F020006B017C018ACFCF93DF93CDB7DEB76497B6
:10F030000FB6F894DEBF0FBECDBFFE01359620E1BE
:10F04000DF011D922A95E9F729E029839B838A83B2
:10F050008DE08C8381E08D836F83CE0101960E94C9
:10F06000347264960FB6F894DEBF0FBECDBFDF9149
:10F07000CF910895CF93DF93CDB7DEB764970FB6E6
:10F08000F894DEBF0FBECDBF4115510559F40E9463
:10F09000137864960FB6F894DEBF0FBECDBFDF9134
:10F0A000CF910895FE01359620E1DF011D922A954A
:10F0B000E9F72BE029839B838A838BE18C8381E0B2
:10F0C0008D836F8388875A874987CE0101960E9476
:10F0D0003472DFCFCF93DF93CDB7DEB764970FB62F
:10F0E000F894DEBF0FBECDBFFE01339622E1DF01F3
:10F0F0001D922A95E9F729E029839B838A8388E07A
:10F100008D837D876C87CE0101960E943472649650
:10F110000FB6F894DEBF0FBECDBFDF91CF9108953B
:10F12000CF93DF93CDB7DEB764970FB6F894DEBF09
:10F130000FBECDBFFE01359620E1DF011D922A955D
:10F14000E9F728E029839B838A8383E08C8384E02A
:10F150008D83CE0101960E94347264960FB6F894A6
:10F16000DEBF0FBECDBFDF91CF9108959F92AF92CA
:10F17000BF92CF92DF92EF92FF920F931F93CF93A4
:10F18000DF93CDB7DEB764970FB6F894DEBF0FBE3E
:10F19000CDBFE0918905F0918A05329781F510166F
:10F1A0000CF400E00A3B0CF40AEB5901942E7B01AD
:10F1B0006C01002E000C110BB8010E946A78B80196
:10F1C000C7010E946A7880E1FE013596DF01982F21
:10F1D0001D929A95E9F78983DB82CA828AE18C8342
:10F1E00081E08D838F8388878B878F87FD86EC8670
:10F1F0009E86B98AA88ACE0101960E9434726496CE
:10F200000FB6F894DEBF0FBECDBFDF91CF911F9137
:10F210000F91FF90EF90DF90CF90BF90AF909F90B5
:10F2200008950F931F93CF93DF93CDB7DEB7649705
:10F230000FB6F894DEBF0FBECDBF20918905309187
:10F240008A052230310571F52091870530918805B6
:10F250002D36310538F116160CF460E06A3B0CF4DB
:10F260006AEB8C01062E000C770B86E491E00E947D
:10F270006A78FE0135968EE0DF011D928A95E9F7E6
:10F280008AE0898386E491E09B838A8383E08C8390
:10F2900088E08D8381E08A8B1C8B0B8BCE010196DD
:10F2A0000E94347264960FB6F894DEBF0FBECDBFD5
:10F2B000DF91CF911F910F91089520918905309191
:10F2C0008A05215031092330310560F416160CF4FB
:10F2D00060E06A3B0CF46AEB062E000C770B20E032
:10F2E0000C94C27308958FE995E00E94D209EFE96A
:10F2F000F5E0A289B3898C918F7E8C93A289B38922
:10F300008C91877F8C93A289B3898C918F778C9312
:10F31000A289B3898C918F7D8C93828D818F089582
:10F320000F931F93CF93DF9380910C0D90910D0D50
:10F33000892B09F4DBC0CFEFDFEF11E003E0809110
:10F340000C0D90910D0DDC01ED91FC910084F18587
:10F35000E02D1995892B09F4C9C080910C0D90916D
:10F360000D0DDC01ED91FC910284F385E02D1995E2
:10F3700090912F0D911105C0803FA9F510932F0D8D
:10F38000DECF913041F48A3A21F482E080932F0D50
:10F39000D6CF80E0FBCF923099F4803F21F08A3ABB
:10F3A00011F0853529F410922F0D1092300DC7CF32
:10F3B0008132C8F781508093300D00932F0DBFCF5D
:10F3C0002091300D921778F4E92FF0E0E55FF24FCD
:10F3D0008083803F41F38A3A31F3853521F39F5F83
:10F3E00090932F0DACCF2091300D9213A8CF85357F
:10F3F000D1F680910E0D843809F446C0A0F481380E
:10F4000009F466C0823879F680910F0D80932E0D35
:10F410008091100D9091110D90934E0D80934D0D94
:10F420001093540DC0CF8538E1F0863809F0BBCF7A
:10F4300080910F0D80932E0D2091100D3091110DA4
:10F4400030934E0D20934D0D993040F08091120D68
:10F450009091130D9093500D80934F0D1093550D77
:10F46000A2CF80910F0D9091100D9093520D80932B
:10F47000510D81E09091110D911101C080E08093B8
:10F48000560D1092570D8FCF8091110D8E3008F0D0
:10F490008ACF20910F0D3091100D2F5F3F4F90E0DC
:10F4A0004091120D880F991F41110CC0FC01E45FBF
:10F4B000F24F85A196A12817390709F074CFD6A37A
:10F4C000C5A371CF845F924FFC0136A325A36BCFF8
:10F4D00084E1EFE0FDE0A8E5BDE001900D928A95A2
:10F4E000E1F710926C0D1093530D5DCFDF91CF912A
:10F4F0001F910F910895CF93DF93CDB7DEB7649737
:10F500000FB6F894DEBF0FBECDBFCE01019624E149
:10F51000FC0111922A95E9F725E0298324E02D8347
:10F520000E94347264960FB6F894DEBF0FBECDBF52
:10F53000DF91CF910895CF93DF93CDB7DEB7649776
:10F540000FB6F894DEBF0FBECDBFFE01339622E1A9
:10F55000DF011D922A95E9F727E029839B838A839F
:10F5600085E08D83CE0101960E94347264960FB6B9
:10F57000F894DEBF0FBECDBFDF91CF910895EF921B
:10F58000FF920F931F93CF93DF9300D000D000D052
:10F59000CDB7DEB78C01862FF8011182108213825D
:10F5A0001282158214824AE09E012F5F3F4F79013B
:10F5B000B90190E00E9442BBF70101900020E9F7F9
:10F5C0003197AF014E195F09B701C8010E949E0A29
:10F5D00029960FB6F894DEBF0FBECDBFDF91CF9155
:10F5E0001F910F91FF90EF90089582E190E00E94AB
:10F5F000C61B83E190E00E94C61B84E190E00E945C
:10F60000C61B85E190E00E94C61B86E190E00C9449
:10F61000C61B8091871790918617981771F08111FA
:10F6200008C081E080937E1710928617109287178A
:10F630000895813019F4809386170895833089F7EF
:10F64000FACF20918117281701F190917E179230FF
:10F6500011F481111AC090918617992311F081112C
:10F6600014C0EFEFE80FE73050F4F0E0E95FFC4F33
:10F670009081992321F030918317932331F02093C7
:10F6800082178093811781E0089580E00895CF93D9
:10F69000DF93282F30E0F901E054FF4E8491F90107
:10F6A000E65EFF4ED491F901E658FF4EC491CC239B
:10F6B000A1F081110E94CD71EC2FF0E0EE0FFF1F41
:10F6C000E050F04FA591B491EC91ED2381E090E0F2
:10F6D00009F480E0DF91CF91089580E090E0FACFC7
:10F6E0001F93CF93DF93282F30E0F901E054FF4EB2
:10F6F0008491F901E65EFF4ED491F901E658FF4E80
:10F70000C491CC23A9F0162F81110E94CD71EC2F4A
:10F71000F0E0EE0FFF1FE05AFF4EA591B4918FB7B6
:10F72000F894EC91111108C0D095DE23DC938FBFC3
:10F73000DF91CF911F910895DE2BF8CFCF93DF9308
:10F7400090E0FC01E65EFF4E249186589F4EFC013E
:10F7500084918823C9F090E0880F991FFC01EA5139
:10F76000F04FA591B491FC01E05AFF4EC591D491A0
:10F7700061110DC09FB7F8948C91209582238C93D2
:10F780008881282328839FBFDF91CF91089562301D
:10F7900051F49FB7F8943C91822F809583238C93EA
:10F7A000E8812E2BEFCF8FB7F894EC912E2B2C9372
:10F7B0008FBFEACFCF93DF93EC0161E08DE20E942F
:10F7C0009E7B209731F460E08DE2DF91CF910C9425
:10F7D000707BCF3FD10511F461E0F6CFEDEEF0E1A3
:10F7E000E491E150E23108F0B2C0F0E08827E45043
:10F7F000F4488F4F0C944DBD0E7C157C1A7C247CF4
:10F800002E7CA77C387C407C487C527C5C7C667C6F
:10F81000757C7F7CA77C897C937C9D7C84B580688B
:10F8200084BDC7BDDF91CF91089584B5806284BD4A
:10F83000C8BDF8CF80918000806880938000D0930D
:10F840008900C0938800EECF809180008062809311
:10F850008000D0938B00C0938A00E4CF8091800019
:10F86000886080938000D0938D00C0938C00DACFA5
:10F870008091B00080688093B000C093B300D2CF75
:10F880008091B00080628093B000C093B400CACF72
:10F8900080919000806880939000D0939900C093ED
:10F8A0009800C0CF80919000806280939000D093A8
:10F8B0009B00C0939A00B6CF80919000886080939F
:10F8C0009000D0939D00C0939C00ACCF8091A0008D
:10F8D00080688093A0008091A0008F7B8093A0001F
:10F8E000D093A900C093A8009DCF8091A000806212
:10F8F0008093A000D093AB00C093AA0093CF8091D7
:10F90000A00088608093A000D093AD00C093AC00AD
:10F9100089CF80912001806880932001D0932901B4
:10F92000C09328017FCF80912001806280932001C5
:10F93000D0932B01C0932A0175CF8091200188605C
:10F9400080932001D0932D01C0932C016BCFC03840
:10F95000D1050CF041CF37CF3FB7F89480918F1786
:10F9600090919017A0919117B091921726B5A89BEE
:10F9700005C02F3F19F00196A11DB11D3FBFBA2F41
:10F98000A92F982F8827BC01CD01620F711D811D01
:10F99000911D42E0660F771F881F991F4A95D1F786
:10F9A0000895CF92DF92EF92FF920F931F93CF9320
:10F9B000DF93EB019091CF0C21E02093860590938B
:10F9C00093171092850510928405682F89E198E0BD
:10F9D0000E940A456D2F89E198E00E940A456C2F2C
:10F9E00089E198E00E940A45D091840581E0D132F6
:10F9F00008F09CC0C09193170E94AC7C6B017C0105
:10FA000080915E0581116CC082E080935E0581E08B
:10FA100080935D058FEF80935C0510925B05D0931A
:10FA20005A05A4E6B5E0EAE3F5E080E0D81393C018
:10FA30001092390580913905CC0FC82BC093390538
:10FA400080913805813009F08AC0109238050E94F3
:10FA5000AC7C6B017C01809139058093BB00809167
:10FA6000600590916105A0916205B0916305892BB5
:10FA70008A2B8B2BA1F00E94AC7C00916005109129
:10FA8000610520916205309163056C197D098E092D
:10FA90009F09061717072807390708F442C0809105
:10FAA000BC0083FDD8CF85EC8093BC000E94AC7C69
:10FAB0006B017C0180915E05823009F452C0809117
:10FAC0005C058F3F09F46FC080915C05803209F4BA
:10FAD0006CC080915C05803309F469C084E026C065
:10FAE0008091600590916105A0916205B0916305D8
:10FAF000892B8A2B8B2B09F483CF0E94AC7C00913D
:10FB000060051091610520916205309163056C19C3
:10FB10007D098E099F09061717072807390708F07E
:10FB20006FCF80915F050E94595285E01092850544
:10FB30001092840510928605EFE9FFE03197F1F706
:10FB400000C00000DF91CF911F910F91FF90EF90C7
:10FB5000DF90CF9008959D9191938F5F67CF85EE51
:10FB6000A3CF8091600590916105A0916205B0914D
:10FB70006305892B8A2B8B2B09F49CCF0E94AC7CCC
:10FB80000091600510916105209162053091630537
:10FB90006C197D098E099F09061717072807390771
:10FBA00008F088CFBECF80E0C1CF82E0BFCF83E036
:10FBB000BDCF8F929F92AF92BF92CF92DF92EF9282
:10FBC000FF92CF93DF938DEC9CECACECBDE3809384
:10FBD000D00C9093D10CA093D20CB093D30CD0E066
:10FBE000C0E0C12CDD24D39480E8E82E88E3F82E11
:10FBF000C701B6010E9467BEC530D10509F052C0E9
:10FC00006F5F7F4F90E080E00E9471BB20E030E5A5
:10FC100043EC57E40E94F5BD6093D40C7093D50C6F
:10FC20008093D60C9093D70C8090D40C9090D50CE8
:10FC3000A090D60CB090D70C2DEC3CEC4CEC5DE3D6
:10FC4000C501B4010E94D2BB9B01AC016CEA75EC0A
:10FC500087E29DE30E94F5BD0E9467BE6B01709331
:10FC6000DF0C6093DE0C20E030E040EA51E4C50197
:10FC7000B4010E94D2BB6093D80C7093D90C8093CE
:10FC8000DA0C9093DB0CB60185E090E0DF91CF9128
:10FC9000FF90EF90DF90CF90BF90AF909F908F90AC
:10FCA0000C94D17C219620E030E040E251E4C70181
:10FCB000B6010E94D2BB6B017C0120E030E0A901BB
:10FCC0000E94D5BE18160CF493CFC092D40CD092DB
:10FCD000D50CE092D60CF092D70CA6CFCF92DF9243
:10FCE000EF92FF920F931F93CF93DF9370E060E04A
:10FCF0000E94D17CC091CF0C0E94AC7C6B017C0136
:10FD000080915E05811165C081E080935E058093DE
:10FD10005D059FEF90935C0510925B0580935A05FB
:10FD20008093390580913905CC0FC82BC0933905D4
:10FD300080913805813009F08CC0109238050E94FE
:10FD4000AC7C6B017C01809139058093BB00809174
:10FD5000600590916105A0916205B0916305892BC2
:10FD60008A2B8B2BA1F00E94AC7C00916005109136
:10FD7000610520916205309163056C197D098E093A
:10FD80009F09061717072807390708F443C0809111
:10FD9000BC0083FDD8CF85EC8093BC000E94AC7C76
:10FDA0006B017C0180915E05813009F454C0809123
:10FDB0005B05823008F071C080915B05AAE3B5E075
:10FDC000E8E1F5E090E0981751F12D9121939F5FC4
:10FDD000FACF8091600590916105A0916205B09184
:10FDE0006305892B8A2B8B2B09F48ACF0E94AC7C6C
:10FDF00000916005109161052091620530916305C5
:10FE00006C197D098E099F090617170728073907FE
:10FE100008F076CF80915F050E94595280E01092E1
:10FE200017058093160589E198E00E94C344D82FF6
:10FE300080E0C82F89E198E00E94C3448C2B9D2B61
:10FE4000DF91CF911F910F91FF90EF90DF90CF90B6
:10FE5000089585EEA1CF8091600590916105A091F4
:10FE60006205B0916305892B8A2B8B2B09F49ACFFD
:10FE70000E94AC7C009160051091610520916205A3
:10FE8000309163056C197D098E099F0906171707C4
:10FE90002807390708F086CFBDCF82E08FCF8F9239
:10FEA0009F92AF92BF92CF92DF92EF92FF924B015F
:10FEB0005C010E94AC7C6B017C010E94AC7C6C19E3
:10FEC0007D098E099F09683E734081059105A8F35D
:10FED00021E0821A9108A108B10888EEC80E83E0DB
:10FEE000D81EE11CF11C81149104A104B10429F76E
:10FEF000FF90EF90DF90CF90BF90AF909F908F904A
:10FF000008952FB7F89460918B1770918C1780919A
:10FF10008D1790918E172FBF08951F920F920FB6D5
:10FF20000F9211242F933F938F939F93AF93BF937F
:10FF300080918B1790918C17A0918D17B0918E178F
:10FF400030918A1723E0230F2D3758F50196A11D14
:10FF5000B11D20938A1780938B1790938C17A093D1
:10FF60008D17B0938E1780918F1790919017A09155
:10FF70009117B09192170196A11DB11D80938F1713
:10FF800090939017A0939117B0939217BF91AF9150
:10FF90009F918F913F912F910F900FBE0F901F90C7
:10FFA000189526E8230F0296A11DB11DD2CFCF933D
:10FFB000DF93CDB7DEB7A5970FB6F894DEBF0FBEBF
:10FFC000CDBF789484B5826084BD84B5816084BDE2
:10FFD00085B5826085BD85B5816085BD80916E00E7
:10FFE000816080936E001092810080918100826018
:10FFF0008093810080918100816080938100809155
:020000021000EC
:1000000080008160809380008091B1008460809343
:10001000B1008091B00081608093B0008091910028
:100020008260809391008091910081608093910023
:10003000809190008160809390008091A100826007
:100040008093A1008091A10081608093A1008091A4
:10005000A00081608093A000809121018260809344
:1000600021018091210181608093210180912001F3
:1000700081608093200180917A00846080937A006F
:1000800080917A00826080937A0080917A0081600A
:1000900080937A0080917A00806880937A00109231
:1000A000C1000E94075B22242394312C9E012D5F06
:1000B0003F4F3AA329A38091890590918A05019722
:1000C000039710F40E94907985E298E00E94035112
:1000D000882321F11091330A112301F18091F40D4D
:1000E000882391F080910404882311F40C9443B187
:1000F0004091EC0D5091ED0D6091EE0D7091EF0D72
:100100008CEE9DE00E94D254123011F40C94B3A1F5
:1001100008F042C0113011F40C944CB180910404E9
:10012000882311F40C949FB18CEE9DE00E94A254A0
:10013000882311F40C9422A2109204041092030458
:10014000109280048EE40E94D8558091F503882394
:1001500021F00E940A580E9402588091F2038111F6
:100160000E94F6560E94DE1B0E94F57A8091FC03E5
:1001700081110E94BE318091FA0381110E94AB2C43
:1001800081E080937E1710928617109287178FE771
:10019000809383170C949FB1143011F40C9403A234
:1001A000153009F0BBCF80910404882311F40C941E
:1001B0009FB1A3E2B9E0E6E2F2E08D91819342E0E3
:1001C000EB33F407D1F766ED79E0CE0101960E949A
:1001D000C70ACE0101960E94BF0A86E50E942469E3
:1001E0009DCF0E94DE1B0E94F57A0E94806296CF0E
:1001F0001092030481E0809304048DE40E94D8559A
:100200008DCF64EC79E0CE0101960E94C70ACE0141
:1002100001960E94BF0A1092030481E080930404B7
:1002200040E45FE160E070E08CEE9DE00E94D2541B
:100230008DE40E94D8558091C403811109C080913A
:10024000A803811105C070E060E082E50E94216B87
:1002500080910504882309F461CF82E70E947C62C3
:100260005DCF81E08093800480910104909102042D
:10027000019739F08091BF030E949D1F82E30E9485
:10028000D85585E00E94D85549CF109280048091BE
:10029000010490910204892B41F031E0C316D1048E
:1002A00021F4D092FF03C092FE0386E00E94D8554D
:1002B00082E10E94D8558091F203882309F42ECF61
:1002C0008091EA0D81112ACF0E94F65627CF82E055
:1002D000809388178BE30E94D85520CF81E08093CC
:1002E00088178CE30E94D85519CFC0928317B601A6
:1002F00077278DE00E94B25511CF84E091E00E94F3
:10030000C61B85E091E00E94C61BEE24E39410E03A
:1003100000E020E04091E30C60E084E091E00E9486
:100320001A1CFCCE85E091E00E94C61B84E091E09F
:100330000E94C61BEE24E39410E000E020E0409110
:10034000E30C60E085E091E00E941A1CE7CE87E3B1
:1003500091E00E94C61B88E391E00E94C61BEE2438
:10036000E39410E000E020E04091E30C60E088E3DB
:1003700091E00E941A1CD2CE87E391E00E94C61B36
:1003800088E391E00E94C61BEE24E39410E000E0B5
:1003900020E04091E30C60E087E391E00E941A1CAA
:1003A000BDCE80911C028823E1F088E990E00E9494
:1003B000C61B87E990E00E94C61BEE24E39410E080
:1003C00000E020E04091E30C60E088E990E00E94CA
:1003D0001A1C10921C0280E40E947C620E94EE555E
:1003E0009DCE88E990E00E94C61B87E990E00E94BC
:1003F000C61BEE24E39410E000E020E04091E30C03
:1004000060E087E990E00E941A1C81E080931C0262
:1004100081E4E2CF85E990E00E94C61BEE24E394DC
:1004200010E000E020E04091E30C60E085E990E01E
:100430000E941A1C73CE86E990E00E94C61BEE242F
:10044000E39410E000E020E04091E30C60E086E9F6
:1004500090E00E941A1C62CE8091FC0381115ECE56
:100460004091E30C4451EE24E39410E000E020E0DE
:1004700060E086E190E00E941A1C50CE8091FC035F
:1004800081114CCE0E94F57A909184174091E30C33
:1004900080918117923009F440C088F4913019F1AD
:1004A000823009F07AC04852EE24E39410E000E074
:1004B00020E061E086E190E00E941A1C2FCE93308C
:1004C00009F445C0943061F7823009F05AC04852AF
:1004D000EE24E39410E000E020E061E085E190E0AC
:1004E0000E941A1C1BCE823061F44852EE24E39421
:1004F00010E000E020E061E082E190E00E941A1C40
:100500000DCE4451EE24E39410E000E020E061E0E1
:1005100082E190E00E941A1C01CE823061F44852C0
:10052000EE24E39410E000E020E061E083E190E05D
:100530000E941A1CF3CD4451EE24E39410E000E035
:1005400020E061E083E190E00E941A1CE7CD823058
:1005500061F44852EE24E39410E000E020E061E012
:1005600084E190E00E941A1CD9CD4451EE24E3941A
:1005700010E000E020E061E084E190E00E941A1CBD
:10058000CDCD4451EE24E39410E000E020E061E0A2
:1005900085E190E00E941A1CC1CD4451EE24E39401
:1005A00010E000E020E061E086E190E00E941A1C8B
:1005B000B5CD0E94F57AB2CD0E941655AFCD80E43C
:1005C00090E00E94C61BEE24E39410E000E020E0DF
:1005D0004091E30C60E080E490E00E941A1C9ECD04
:1005E0008BEF90E00E94C61BEE24E39410E000E045
:1005F00020E04091E30C60E08BEF90E00E941A1C39
:100600008DCD8BEF90E00E94C61B88CD8CEF90E0E3
:100610000E94C61B83CD8CEF90E00E94C61BEE2487
:10062000E39410E000E020E04091E30C60E08CEF08
:1006300090E00E941A1C72CDE12C10E000E020E056
:100640004091E30C60E084E490E00E941A1C66CDC7
:10065000E12C10E000E020E04091E30C60E083E456
:1006600090E00E941A1C20E04091E30C60E08FE3D0
:1006700090E00E941A1C52CD81E190E00E94C61BBE
:10068000EE24E39410E000E020E04091E30C60E011
:1006900081E190E00E941A1C41CD8EE591E00E941C
:1006A000C61BEE24E39410E000E020E04091E30C50
:1006B00060E08EE591E00E941A1C30CD8CE491E060
:1006C0000E94C61B89E491E00E94C61BEE24E394BD
:1006D00010E000E020E04091E30C60E089E491E06C
:1006E0000E941A1C1BCD8CE491E00E94C61BEE24D4
:1006F000E39410E000E020E04091E30C60E08CE443
:1007000091E00E941A1C0ACD8CE491E00E94C61B65
:100710008DE491E00E94C61BEE24E39410E000E01B
:1007200020E04091E30C60E08DE491E00E941A1C0F
:10073000F5CC8DE891E00E94C61BEE24E39410E016
:1007400000E020E04091E30C60E08DE891E00E9441
:100750001A1CE4CC81EB90E00E94C61BEE24E394CB
:1007600010E000E020E04091E30C60E081EB90E0DD
:100770000E941A1CD3CC86E991E00E94C61BEE248D
:10078000E39410E000E020E04091E30C60E086E9B3
:1007900091E00E941A1CC2CC8FE890E00E94C61B18
:1007A00083E990E00E94C61B80E990E00E94C61B8E
:1007B000B5CC0E94DE1B2091890530918A054091BD
:1007C000E30C8091811722303105C1F5823011F49C
:1007D00008ED05C08091EF030CEE8111F9CF040FF5
:1007E00025E030E041E06EE870E08DE890E00E94A6
:1007F000B6786BC1EE24E39410E000E020E0409175
:10080000E30C61E080E190E00E941A1C40E355E7B0
:1008100060E070E086EA9DE00E94D2547FCC89EBD4
:1008200091E00E94C61BEE24E39410E000E020E07B
:100830004091E30C61E089EB91E0E6CF823061F416
:100840004852EE24E39410E000E020E060E08DE800
:1008500090E00E941A1C62CC8091EF03882361F023
:100860004852EE24E39410E000E020E060E08DE8E0
:1008700090E00E941A1C52CC4451EE24E39410E004
:1008800000E020E060E08DE890E00E941A1C46CC79
:100890008091890590918A05029709F08EC0009198
:1008A000E30C80918117823009F049C0085225E09D
:1008B00030E041E060E970E08FE890E00E94B678B7
:1008C0008091B503882309F454C08091AE0D811145
:1008D00048C080918017843009F4A6C0853009F0A3
:1008E00040C085E991E00E94C61B8091811782304B
:1008F00009F0ACC04091E30C4852EE24E39410E0C0
:1009000000E020E061E085E991E00E941A1C8091FE
:10091000EF03882331F18091B403882309F43EC0AA
:100920008AEB91E00E94C61BEE24E39410E000E005
:1009300020E04091E30C61E08AEB91E010C08091EF
:10094000EF038111B3CF0451B2CFEE24E39410E052
:1009500000E020E04091E30C61E080E190E00E9443
:100960001A1C40E355E760E070E086EA9DE00E94D3
:10097000D2548DE890E00E94C61B8EE890E00E9461
:10098000C61B81E990E00E94C61B82E990E00E94AC
:10099000C61B84E990E00E94C61BC0CB89EB91E0A6
:1009A0000E94C61BEE24E39410E000E020E040919A
:1009B000E30C61E089EB91E0D2CF8FE890E00E94F8
:1009C000C61B809181174091E30C823061F448523C
:1009D000EE24E39410E000E020E060E08FE890E097
:1009E0000E941A1CC6CF8091EF038111F0CF4451B1
:1009F000EFCF8091890590918A05029779F5009152
:100A0000E30C80918117823049F4085225E030E0F0
:100A100041E060E970E083E990E050CF8091EF031E
:100A20008111F3CF0451F2CF80E190E00E94C61B08
:100A300080918117823009F088CF4091E30C4852B1
:100A4000EE24E39410E000E020E086CFEE24E3946F
:100A500010E000E020E04091E30C54CF83E990E007
:100A60000E94C61B809181174091E30C823051F4A3
:100A70004852EE24E39410E000E020E060E083E9D7
:100A800090E0AECF8091EF038111F2CF4451F1CFCE
:100A90008091890590918A05029709F43FCB8EE8F1
:100AA00090E00E94C61B809181174091E30C823038
:100AB00009F04BC04852EE24E39410E000E020E03F
:100AC00061E08EE890E00E941A1C8091B5038823B3
:100AD00009F424CB8091AE0D811198CE80918017BE
:100AE000843009F474C0853009F090CE85E991E036
:100AF0000E94C61B80918117823009F07AC0409114
:100B0000E30C4852EE24E39410E000E020E061E0C2
:100B100085E991E00E941A1C8091EF03882309F473
:100B200075CE8091B403882309F479CE8AEB91E0E5
:100B30000E94C61BEE24E39410E000E020E0409108
:100B4000E30C61E08AEB91E05FCE8091EF038111CD
:100B5000B1CF4451B0CF8091890590918A05029719
:100B600009F4DCCA80E990E00E94C61B80918117DD
:100B70004091E30C823051F44852EE24E39410E0AB
:100B800000E020E061E080E990E09DCF8091EF03FC
:100B90008111F2CF4451F1CF8091890590918A055E
:100BA000029779F50091E30C80918117823049F426
:100BB000085225E030E041E06EE870E082E990E024
:100BC00016CE8091EF038111F3CF0451F2CF80E173
:100BD00090E00E94C61B80918117823009F00ACEF6
:100BE0004091E30C4852EE24E39410E000E020E052
:100BF00008CEEE24E39410E000E020E04091E30C06
:100C000086CF82E990E00E94C61B809181174091B7
:100C1000E30C823061F44852EE24E39410E000E0EB
:100C200020E060E082E990E00E941A1C77CA80917F
:100C3000EF03882361F04852EE24E39410E000E0D3
:100C400020E060E082E990E00E941A1C67CA4451EB
:100C5000EE24E39410E000E020E060E082E990E020
:100C60000E941A1C5BCA84E990E00E94C61B809116
:100C700081174091E30C823061F44852EE24E394F2
:100C800010E000E020E060E084E990E00E941A1C9F
:100C900045CA8091EF03882361F04852EE24E39423
:100CA00010E000E020E060E084E990E00E941A1C7F
:100CB00035CA4451EE24E39410E000E020E060E007
:100CC00084E990E00E941A1C29CA81E990E00E9400
:100CD000C61B809181174091E30C823061F4485229
:100CE000EE24E39410E000E020E060E081E990E091
:100CF0000E941A1C13CA8091EF03882361F04852A6
:100D0000EE24E39410E000E020E060E081E990E070
:100D10000E941A1C03CA4451EE24E39410E000E040
:100D200020E060E081E990E00E941A1CF7C90E946F
:100D3000DE1BF4C94091E30C80918202E12C10E0AB
:100D400000E020E060E08823B9F08BE991E00E94A8
:100D50001A1C80918917823009F0E0C98091240221
:100D6000882309F4DBC94EE551E060E070E081E4DE
:100D70009EE00E94D254D2C985E791E0E8CFE12CF1
:100D800010E000E020E04091E30C60E08AE591E0B3
:100D90000E941A1C80918917823009F0BFC9809186
:100DA0002402882309F4BAC94CE251E060E070E003
:100DB00081E49EE00E94D254B1C9E12C10E000E031
:100DC00020E04091E30C60E089E591E00E941A1C6C
:100DD000A5C9E12C10E000E020E04091E30C60E0C8
:100DE0008BE591E00E941A1C80918917823009F0EE
:100DF00095C980912402882309F490C948EC50E0F9
:100E000060E070E081E49EE00E94D25487C9809146
:100E10008705909188058D36910508F07FC9E12CF2
:100E200010E000E020E04091E30C60E086E491E017
:100E30000E941A1C73C99091F50381E0CA94CD28D1
:100E400069F48093BE03992331F09091A703911127
:100E500002C08093A7030E94891C60C98093A603E7
:100E60009923C9F39091A5039111F5CF8093A50320
:100E7000F2CF8091F503882309F450C90E940A58E3
:100E80000E9402584BC9C6010E94325A47C980913C
:100E90008017853009F442C90E94061CEE24E394B1
:100EA00004EC19E021E04091E30C61E08BE691E075
:100EB0000E941A1C33C90E94F65630C98C2D0E941C
:100EC000217B882309F42AC96091811770E08EE0A4
:100ED0000E94B25580918117833039F48091870543
:100EE000909188058D369105C0F0809182178330EE
:100EF000C1F0809181178034E9F4EE24E39410E08E
:100F000000E020E04091E30C60E088E290E00E9485
:100F10001A1C81E08093A40301C981E00E949B1602
:100F2000E8CF80918705909188058D36910508F767
:100F300080E0F4CF8091A403882371F0EE24E39441
:100F400010E000E020E04091E30C60E088E290E0F7
:100F50000E941A1C1092A403809182170E94C4322E
:100F600082E390E00E94C61B87E390E00E94C61BCC
:100F700087E491E00E94C61B8091010490910204D5
:100F8000019709F09BC08091B503882319F18091E6
:100F90008017833009F43AC0853009F467C0823085
:100FA00009F043C08CE791E00E94C61BEE24E39455
:100FB00010E000E020E04091E30C61E08CE791E07C
:100FC0000E941A1C40E355E760E070E086EA9DE06D
:100FD0000E94D254E0918117E83008F06DC0F0E033
:100FE000EE24E39410E000E020E04091E30C60E0A8
:100FF0008827E250F8478F4F0C944DBD5888808861
:101000008D889A885888A788AA88588886E290E0B0
:101010000E94C61BEE24E39410E000E020E0409123
:10102000E30C61E086E290E0CBCF80E190E00E94AB
:10103000C61B80918117823089F44091E30C48529D
:10104000EE24E39410E000E020E061E080E190E035
:101050000E941A1C8FE60E947C62B4CFEE24E394B7
:1010600010E000E020E04091E30CEFCF85E991E053
:101070000E94C61B80918117823091F44091E30C4D
:101080004852EE24E39410E000E020E061E085E9BE
:1010900091E00E941A1C0E945613811193CFDACF5F
:1010A000EE24E39410E000E020E04091E30CEECF6A
:1010B00086E090E00E941A1C0E94F71680911D02A3
:1010C000882351F080918117823021F40E9487316A
:1010D0000E94A1130E9479298091B003882361F0B6
:1010E0008091010490910204019731F481E0809392
:1010F000A30380E00E94DC290E94292A0C948E80A0
:1011000085E490E00E941A1C00ED17E021E0409178
:10111000E30C61E087E390E0CDCF80E390E00E94B4
:101120001A1C0CEB12E021E04091E30C61E082E339
:1011300090E0C0CF86E490E00E941A1C02EE14E01A
:1011400021E04091E30C61E087E491E0B3CF87E9CF
:1011500091E0B0CF88E991E0ADCF51E0C516D10460
:1011600089F082E0C816D104B9F081E080937E173F
:101170001092861710928717B6018CE50E94B2551F
:101180000C948E8081E08093861780917E17813049
:1011900099F780938717F0CF83E08093861790911B
:1011A0007E17913049F7F5CF8DEA91E00E94C61B7A
:1011B0008CEA91E00E94C61BEE24E39410E000E06C
:1011C00020E04091E30C60E08CEA91E00E941A1C60
:1011D0000C948E808BEA91E00E94C61B8AEA91E013
:1011E0000E94C61BEE24E39410E000E020E0409152
:1011F000E30C60E08BEA91E00E941A1C0C948E8054
:101200008BEA91E00E94C61B8AEA91E00E94C61B0D
:10121000EE24E39410E000E020E04091E30C60E075
:101220008AEA91E00E941A1C0C948E808091190227
:1012300090911A02009709F1019709F44FC010929A
:101240001A021092190281E991E00E94C61B82E9FC
:1012500091E00E94C61B88E791E00E94C61BEE2425
:10126000E39410E000E020E04091E30C60E088E7C8
:1012700091E00E941A1C88E61DC030921A0220924A
:10128000190281E991E00E94C61B82E991E00E9467
:10129000C61B88E791E00E94C61BEE24E39410E091
:1012A00000E020E04091E30C60E081E991E00E94E1
:1012B0001A1C89E60E947C620E9400560E940D560C
:1012C0000E9443328091FA03882311F40C948E809B
:1012D0000E94AB2C0E94FA320C948E80A2E0B0E007
:1012E000B0931A02A093190281E991E00E94C61BF3
:1012F00082E991E00E94C61B88E791E00E94C61B2C
:10130000EE24E39410E000E020E04091E30C60E084
:1013100082E991E00E941A1C8AE6CCCF80911E02DD
:1013200091E0892780931E028823F9F084EF91E0F1
:10133000909391028093900280EA91E00E94C61BF4
:1013400081EA91E00E94C61BEE24E39410E000E0E5
:1013500020E04091E30C60E081EA91E00E941A1CD9
:101360008FE30E947C620C948E808CE291E09093DB
:1013700091028093900280EA91E00E94C61B81EA6C
:1013800091E00E94C61BEE24E39410E000E020E010
:101390004091E30C60E080EA91E00E941A1C8EE329
:1013A0000E947C620C948E800E94351F0C948E806B
:1013B0000E94EF1E0C948E800E94D21B0E94025845
:1013C00086E10E94D8550C948E80809102028F5F36
:1013D00080930202809101028F5F809301028091CD
:1013E00000028F5F809300020E94D11387E10E9468
:1013F000D8550C948E804091E30C809180178250D8
:10140000EE24E39410E000E020E061E0823030F070
:101410008AE691E00E941A1C0C948E808CE390E086
:101420000E941A1C0C948E808091841780938517DB
:1014300081E0809384178091F5038823B1F0809137
:10144000350E882351F0EDEEFBE04591549170E0AC
:1014500060E08DE29EE00E94D2548091811783303B
:1014600021F483E191E00E942EBA89E10E94D855CF
:101470000C948E80809184178093851782E08093EE
:1014800084178091F5038823B1F08091350E88236D
:1014900051F0EFEEFBE04591549170E060E08DE299
:1014A0009EE00E94D25480918117833021F485EF11
:1014B00090E00E942EBA8AE10E94D8550C948E804A
:1014C000809184178093851783E08093841780919F
:1014D000F5038823B1F08091350E882351F0E1EFB8
:1014E000FBE04591549170E060E08DE29EE00E9447
:1014F000D25480918117833021F487ED90E00E94CF
:101500002EBA8BE10E94D8550C948E80809184175E
:101510008093851784E0809384178091F503882356
:10152000B1F08091350E882351F0E3EFFBE0459157
:10153000549170E060E08DE29EE00E94D254809170
:101540008117833021F489EB90E00E942EBA8CE160
:101550000E94D8550C948E808091841780938517B3
:1015600085E0809384178091F5038823B1F0809102
:10157000350E882351F0E5EFFBE04591549170E082
:1015800060E08DE29EE00E94D2548091811783300A
:1015900021F48DE790E00E942EBA8DE10E94D8558B
:1015A0000C948E8081E00E949E560C948E8082E086
:1015B0000E949E560C948E8083E00E949E560C944E
:1015C0008E8084E00E949E560C948E8085E00E945E
:1015D0009E560C948E8081E00E9446560C948E801C
:1015E00082E00E9446560C948E8083E00E9446560C
:1015F0000C948E8084E00E9446560C948E8085E088
:101600000E9446560C948E8081E08093BE038091A8
:10161000F503882311F40C948E808091A703811127
:101620000C948E804091E30C80918017EE24E3941B
:1016300010E000E020E061E0823049F489E891E0C8
:101640000E941A1C81E08093A7030C948E8082E68E
:1016500090E0F6CF8091BE03882341F080918017FF
:10166000823051F489E891E00E94C61B1092BE03BB
:101670001092A7030C948E8082E690E0F5CF81E073
:101680008093A6039091F503992311F40C948E8016
:101690009091A50391110C948E808093A503809165
:1016A00084178530C1F080918017833011F583E66F
:1016B00090E00E94C61B4091E30C80918017EE24BD
:1016C000E39410E000E020E061E08230A9F489E8D2
:1016D00091E00E941A1CEE24E39410E000E020E068
:1016E0004091E30C61E088E490E00E941A1C0C94A5
:1016F0008E808EE791E0DDCF82E690E0EACF8091A8
:10170000A603882309F188E490E00E94C61B80911B
:10171000841781508430C0F4809180178230D1F4D6
:1017200089E891E00E94C61B4091E30C80918017EC
:10173000EE24E39410E000E020E061E0833069F4FF
:1017400083E690E00E941A1C1092A6031092A50353
:101750000C948E8082E690E0E5CF8FE791E0F2CFA7
:1017600010928402109283021092CC0D1092CD0D33
:101770008091890590918A05039721F48AE490E08D
:101780000E94C61BE12C10E000E020E04091E30C39
:1017900060E08AE490E00E941A1C89E00E94D8551B
:1017A0000C948E8030928402209283021092CC0D91
:1017B0001092CD0D8EE690E00E94C61BE12C10E049
:1017C00000E020E04091E30C60E08EE690E00E94B3
:1017D0001A1C89E00E94D8550C948E8010928402C5
:1017E000109283021092CC0D1092CD0D809189053C
:1017F00090918A05039741F489E490E00E94C61B0A
:101800008AE490E00E94C61BE12C10E000E020E09A
:101810004091E30C60E08AE490E00E941A1C89E0A9
:101820000E94D8550C948E803092840220928302BC
:101830001092CC0D1092CD0D8FE690E00E94C61B49
:101840008EE690E00E94C61BE12C10E000E020E054
:101850004091E30C60E08EE690E00E941A1C89E063
:101860000E94D8550C948E80E2E0F0E0F093840260
:10187000E0938302809182028823B1F068E070E0F7
:1018800080E090E00E94510A9B01AC01295F3F4F2C
:101890004F4F5F4FA8EEB3E00E94C5BCAB01BC0147
:1018A00084EC9DE00E94D2548091890590918A0534
:1018B000039741F48AE490E00E94C61B89E490E01B
:1018C0000E94C61BE12C10E000E020E04091E30CF8
:1018D00060E089E490E00E941A1C8AE00E94D855DA
:1018E0000C948E8022E030E03093840220938302B7
:1018F000809182028823B1F068E070E080E090E09F
:101900000E94510A9B01AC01295F3F4F4F4F5F4F2F
:10191000A8EEB3E00E94C5BCAB01BC0184EC9DE025
:101920000E94D2548EE690E00E94C61B8FE690E0A3
:101930000E94C61BE12C10E000E020E04091E30C87
:1019400060E08FE690E00E941A1C8AE00E94D85561
:101950000C948E8081E08093B6030E9479630C948E
:101960008E8088E290E00E94C61BEE24E39410E093
:1019700000E020E04091E30C60E088E290E00E940B
:101980001A1C88E590E00E94C61B85E690E00E9444
:10199000C61B89E590E00E94C61B20E04091E30C45
:1019A00060E089E590E00E941A1C0C948E8088E229
:1019B00090E00E94C61BEE24E39410E000E020E0DB
:1019C0004091E30C60E088E290E00E941A1C89E5F7
:1019D00090E00E94C61B85E690E00E94C61B88E549
:1019E00090E00E94C61B20E04091E30C60E088E597
:1019F00090E00E941A1C0C948E8088E290E00E9475
:101A0000C61BEE24E39410E000E020E04091E30CDC
:101A100060E088E290E00E941A1C89E590E00E9454
:101A2000C61B88E590E00E94C61B85E690E00E94F8
:101A3000C61B20E04091E30C60E085E690E00E9448
:101A40001A1C0C948E808AE990E00E94C61B89E9DA
:101A500090E00E94C61BEE24E39410E000E020E03A
:101A60004091E30C60E089E990E00E941A1C0C941C
:101A70008E808AE990E00E94C61B89E990E00E946E
:101A8000C61BEE24E39410E000E020E04091E30C5C
:101A900060E08AE990E00E941A1C0C948E8080E439
:101AA00090E00E94C61BEE24E39410E000E020E0EA
:101AB0004091E30C60E080E490E00E941A1C8CE608
:101AC00090E00E94C61B8AE690E00E94C61B8BE64F
:101AD00090E00E94C61B8AE491E00E94C61B20E0B1
:101AE0004091E30C60E08BE690E00E941A1C0C949D
:101AF0008E8080E490E00E94C61BEE24E39410E008
:101B000000E020E04091E30C60E080E490E00E947F
:101B10001A1C8CE690E00E94C61B8AE690E00E94A8
:101B2000C61B8BE690E00E94C61B8AE491E00E94EF
:101B3000C61B20E04091E30C60E08AE690E00E9442
:101B40001A1C0C948E8080E490E00E94C61BEE2448
:101B5000E39410E000E020E04091E30C60E080E4DA
:101B600090E00E941A1C8CE690E00E94C61B8AE658
:101B700090E00E94C61B8BE690E00E94C61B8AE4A0
:101B800091E00E94C61B20E04091E30C60E08CE6EF
:101B900090E00E941A1C0C948E8080E490E00E94D9
:101BA000C61BEE24E39410E000E020E04091E30C3B
:101BB00060E080E490E00E941A1C8CE690E00E94B5
:101BC000C61B8AE690E00E94C61B8BE690E00E944E
:101BD000C61B8AE491E00E94C61B20E04091E30C02
:101BE00060E08AE491E00E941A1C8091910E90912D
:101BF000920E892B29F489E00E947C620C948E80DD
:101C00008AE00E947C620C948E8080E490E00E94C6
:101C1000C61BEE24E39410E000E020E04091E30CCA
:101C200060E080E490E00E941A1C80918917833064
:101C300009F453C0853009F480C0813051F592E039
:101C4000909389178093240288E690E00E94C61B37
:101C500086E690E00E94C61B87E690E00E94C61BC5
:101C60008CE991E00E94C61B20E04091E30C60E00B
:101C700088E690E00E941A1C83E10E947C624AEF91
:101C800050E060E070E081E49EE00E94D2540C9449
:101C90008E8083E08093891788E690E00E94C61BBF
:101CA00086E690E00E94C61B87E690E00E94C61B75
:101CB0008CE991E00E94C61BEE24E39410E000E062
:101CC00020E04091E30C60E087E690E00E941A1C5F
:101CD00082E10E947C620C948E8085E0809389175B
:101CE0008091910E9091920E892B21F581E0809345
:101CF000240288E690E00E94C61B86E690E00E94DF
:101D0000C61B87E690E00E94C61B8CE991E00E940A
:101D1000C61BEE24E39410E000E020E04091E30CC9
:101D200060E08CE991E00E941A1C85E10E947C62CF
:101D30000C948E8010922402DCCF81E0809389176E
:101D40008093240288E690E00E94C61B86E690E01D
:101D50000E94C61B87E690E00E94C61B8CE991E0BA
:101D60000E94C61BEE24E39410E000E020E04091C6
:101D7000E30C60E086E690E00E941A1C81E10E947C
:101D80007C624AEF50E060E070E081E49EE00E94F7
:101D9000D2540C948E8080E490E00E94C61BEE2406
:101DA000E39410E000E020E04091E30C60E080E488
:101DB00090E00E941A1C80912302823009F4AEC088
:101DC000B8F5813009F476C081E0809323028093D6
:101DD00089178093240288E690E00E94C61B86E65D
:101DE00090E00E94C61B87E690E00E94C61B8BE431
:101DF00091E00E94C61B8CE991E00E94C61BEE2474
:101E0000E39410E000E020E04091E30C60E086E61F
:101E100090E00E941A1C81E10E947C624AEF50E02F
:101E200060E070E081E49EE00E94D2540C948E80C9
:101E3000833009F49DC0853039F684E08093230215
:101E400082E0809389178091910E9091920E892B58
:101E500009F0C8C081E08093240288E690E00E94E7
:101E6000C61B86E690E00E94C61B87E690E00E94B3
:101E7000C61B8BE491E00E94C61B8CE991E00E9496
:101E8000C61BEE24E39410E000E020E04091E30C58
:101E900060E08BE491E00E941A1C84E10E947C6265
:101EA0004AEF50E060E070E081E49EE00E94D2548E
:101EB0000C948E8092E090932302909389178093E4
:101EC000240288E690E00E94C61B86E690E00E940D
:101ED000C61B87E690E00E94C61B8BE491E00E943F
:101EE000C61B8CE991E00E94C61BEE24E39410E02F
:101EF00000E020E04091E30C60E088E690E00E9482
:101F00001A1C83E10E947C624AEF50E060E070E0BE
:101F100081E49EE00E94D2540C948E8083E08093F2
:101F200023028093891788E690E00E94C61B86E60C
:101F300090E00E94C61B87E690E00E94C61B8BE4DF
:101F400091E00E94C61B8CE991E00E94C61BEE2422
:101F5000E39410E000E020E04091E30C60E087E6CD
:101F600090E00E941A1C82E10E947C620C948E8098
:101F700085E0809323028093891761E08DE20E94BF
:101F80009E7B8091910E9091920E892B41F581E07C
:101F90008093240288E690E00E94C61B86E690E0CB
:101FA0000E94C61B87E690E00E94C61B8BE491E06E
:101FB0000E94C61B8CE991E00E94C61BEE24E394AC
:101FC00010E000E020E04091E30C60E08CE991E05B
:101FD0000E941A1C85E10E947C620C948E801092F3
:101FE0002402D8CF1092240238CF80919702882300
:101FF00039F1109297028CE290E00E94C61B85E5B1
:1020000090E00E94C61B84E590E00E94C61BEE246F
:10201000E39410E000E020E04091E30C60E08CE20B
:1020200090E00E941A1C20E04091E30C60E085E5FE
:1020300090E00E941A1C8FE10E947C620C948E80BA
:1020400081E0809397028DE390E00E94C61B84E5B7
:1020500090E00E94C61B85E590E00E94C61BEE241E
:10206000E39410E000E020E04091E30C60E08DE3B9
:1020700090E00E941A1C20E04091E30C60E084E5AF
:1020800090E00E941A1C80E20E947C620C948E8078
:1020900080912002882339F11092200280E490E0A0
:1020A0000E94C61BEE24E39410E000E020E0409183
:1020B000E30C60E080E490E00E941A1C86E590E06A
:1020C0000E94C61B87E590E00E94C61B20E040915D
:1020D000E30C60E087E590E00E941A1C81E20E9418
:1020E0007C620C948E8081E0809320028FE390E0EC
:1020F0000E94C61BEE24E39410E000E020E0409133
:10210000E30C60E08FE390E00E941A1C86E590E00B
:102110000E94C61B87E590E00E94C61B20E040910C
:10212000E30C60E086E590E00E941A1C82E20E94C7
:102130007C620C948E8080911F028823D9F01092CB
:102140001F028BE590E00E94C61B8AE590E00E948A
:10215000C61BEE24E39410E000E020E04091E30C85
:1021600060E08BE590E00E941A1C84E20E947C6291
:102170000C948E8081E080931F028BE590E00E949A
:10218000C61B8AE590E00E94C61BEE24E39410E093
:1021900000E020E04091E30C60E08AE590E00E94DE
:1021A0001A1C83E20E947C620C948E8080E790E08F
:1021B0000E94C61B81E790E00E94C61B82E790E068
:1021C0000E94C61B83E790E00E94C61B90911D02EF
:1021D0004091E30C8091B0039923A9F08823D9F1B1
:1021E00010921D021092B003EE24E39410E000E080
:1021F00020E060E080E790E00E941A1C89E10E94E4
:102200007C620C948E80811112C081E08093B003B7
:10221000EE24E39410E000E020E060E082E790E04C
:102220000E941A1C87E10E947C620C948E8081E0DF
:1022300080931D021092B003EE24E39410E000E0BE
:1022400020E060E083E790E00E941A1C88E10E9491
:102250007C620C948E8081E08093B003EE24E39442
:1022600010E000E020E060E081E790E00E941A1CAE
:1022700086E10E947C620C948E808DE590E00E9445
:10228000C61B8CE590E00E94C61BEE24E39410E090
:1022900000E020E04091E30C60E08DE590E00E94DA
:1022A0001A1C0C948E808DE590E00E94C61B8CE574
:1022B00090E00E94C61BEE24E39410E000E020E0D2
:1022C0004091E30C60E08CE590E00E941A1C0C94B5
:1022D0008E808FE390E00E94C61BEE24E39410E012
:1022E00000E020E04091E30C60E08FE390E00E948A
:1022F0001A1C85EF90E00E94C61B86EF90E00E94BA
:10230000C61B87EF90E00E94C61B88EF90E00E94FA
:10231000C61B89EF90E00E94C61B20E04091E30CB1
:1023200060E085EF90E00E941A1C0C948E808FE391
:1023300090E00E94C61BEE24E39410E000E020E051
:102340004091E30C60E08FE390E00E941A1C85EF5F
:1023500090E00E94C61B86EF90E00E94C61B87EFAC
:1023600090E00E94C61B88EF90E00E94C61B89EF98
:1023700090E00E94C61B20E04091E30C60E086EFF5
:1023800090E00E941A1C0C948E808FE390E00E94D3
:10239000C61BEE24E39410E000E020E04091E30C43
:1023A00060E08FE390E00E941A1C85EF90E00E94AD
:1023B000C61B86EF90E00E94C61B87EF90E00E944C
:1023C000C61B88EF90E00E94C61B89EF90E00E9438
:1023D000C61B20E04091E30C60E087EF90E00E9494
:1023E0001A1C0C948E808FE390E00E94C61BEE2492
:1023F000E39410E000E020E04091E30C60E08FE324
:1024000090E00E941A1C85EF90E00E94C61B86EFA8
:1024100090E00E94C61B87EF90E00E94C61B88EFE9
:1024200090E00E94C61B89EF90E00E94C61B20E04E
:102430004091E30C60E088EF90E00E941A1C0C943D
:102440008E808FE390E00E94C61BEE24E39410E0A0
:1024500000E020E04091E30C60E08FE390E00E9418
:102460001A1C85EF90E00E94C61B86EF90E00E9448
:10247000C61B87EF90E00E94C61B88EF90E00E9489
:10248000C61B89EF90E00E94C61B20E04091E30C40
:1024900060E089EF90E00E941A1C0C948E8080917D
:1024A000BD03882311F40C948E800E942A220C9480
:1024B0008E808091BD03882311F40C948E800E943D
:1024C00059220C948E800E9489220C948E800E9446
:1024D000B8220C948E800E942A558091BC0362E041
:1024E00070E0811102C061E070E08EE10E94B2559F
:1024F0008091BC0362E070E0811102C061E070E095
:1025000086E20E941E620C948E808091A20391E06C
:1025100089278093A20362E070E0811102C061E02C
:1025200070E08FE10E94B2558091A20362E070E0FA
:10253000811102C061E070E087E20E941E620C948B
:102540008E8090E080E00E9433238091E60C62E070
:1025500070E08A3B11F061E070E088E30E94B255C0
:102560008091E60C62E070E08A3B11F061E070E07F
:1025700088E20E941E620C948E800E9449230C9473
:102580008E800E9476230C948E808091BD038823D8
:1025900021F00E94451A0C948E800E946F1A0C94B0
:1025A0008E808CE291E00E94C61B8DE291E00E9439
:1025B000C61B8EE291E00E94C61B8FE291E00E9452
:1025C000C61B80E391E00E94C61BEE24E39410E05A
:1025D00000E020E04091E30C60E08CE291E00E949A
:1025E0001A1C0C948E808CE291E00E94C61B8DE236
:1025F00091E00E94C61B8EE291E00E94C61B8FE212
:1026000091E00E94C61B80E391E00E94C61BEE246D
:10261000E39410E000E020E04091E30C60E08DE204
:1026200091E00E941A1C0C948E802091E70C822F5E
:102630008C53990BAC018091E50C082E000C990B82
:102640008417950711F40C948E808091D802853000
:10265000D0F41092D8023091D802349FC001359F37
:10266000900D11246CE97FEF0E9439BD2C53620F4D
:102670006093E50C6093E60C6093E40C80E00E94AC
:10268000E8220C948E8085508093D802E4CF80910C
:10269000E50C882311F40C948E808091D80280364A
:1026A00000F184E68093D8022091E70CA22FAC536E
:1026B000BB0B3091D8023A9FC0013B9F900D112473
:1026C0006CE97FEF0E9439BD2C53620F6093E50CDB
:1026D0006093E60C6093E40C80E00E94E8220C9486
:1026E0008E808B5FDFCF8CE291E00E94C61B8DE273
:1026F00091E00E94C61B8EE291E00E94C61B8FE211
:1027000091E00E94C61B80E391E00E94C61BEE246C
:10271000E39410E000E020E04091E30C60E08EE202
:1027200091E00E941A1C0C948E808CE291E00E9431
:10273000C61B8DE291E00E94C61B8EE291E00E94D2
:10274000C61B8FE291E00E94C61B80E391E00E94CD
:10275000C61BEE24E39410E000E020E04091E30C7F
:1027600060E08FE291E00E941A1C0C948E808CE253
:1027700091E00E94C61B8DE291E00E94C61B8EE292
:1027800091E00E94C61B8FE291E00E94C61B80E38D
:1027900091E00E94C61BEE24E39410E000E020E0EC
:1027A0004091E30C60E080E391E00E941A1C0C94DD
:1027B0008E8081E391E00E94C61B82E391E00E943B
:1027C000C61B83E391E00E94C61B84E391E00E9454
:1027D000C61B85E391E00E94C61BEE24E39410E043
:1027E00000E020E04091E30C60E081E391E00E9492
:1027F0001A1C0C948E8081E391E00E94C61B82E338
:1028000091E00E94C61B83E391E00E94C61B84E313
:1028100091E00E94C61B85E391E00E94C61BEE2456
:10282000E39410E000E020E04091E30C60E082E3FC
:1028300091E00E941A1C0C948E8081E391E00E942A
:10284000C61B82E391E00E94C61B83E391E00E94D5
:10285000C61B84E391E00E94C61B85E391E00E94C1
:10286000C61BEE24E39410E000E020E04091E30C6E
:1028700060E083E391E00E941A1C0C948E8081E357
:1028800091E00E94C61B82E391E00E94C61B83E395
:1028900091E00E94C61B84E391E00E94C61B85E381
:1028A00091E00E94C61BEE24E39410E000E020E0DB
:1028B0004091E30C60E084E391E00E941A1C0C94C8
:1028C0008E8081E391E00E94C61B82E391E00E942A
:1028D000C61B83E391E00E94C61B84E391E00E9443
:1028E000C61B85E391E00E94C61BEE24E39410E032
:1028F00000E020E04091E30C60E085E391E00E947D
:102900001A1C0C948E8086E391E00E94C61BEE2474
:10291000E39410E000E020E04091E30C60E086E307
:1029200091E00E941A1C0C948E8080918202882370
:10293000D9F0109282028CE790E00E94C61B8DE7CE
:1029400090E00E94C61BEE24E39410E000E020E03B
:102950004091E30C60E08DE790E00E941A1C8FE24A
:102960000E947C620C948E8081E0809382028CE7CE
:1029700090E00E94C61B8DE790E00E94C61BEE24EB
:10298000E39410E000E020E04091E30C60E08CE78D
:1029900090E00E941A1C8EE20E947C620C948E8051
:1029A00081E191E00E94C61B85E191E00E94C61B77
:1029B00083E191E00E94C61BEE24E39410E000E066
:1029C00020E04091E30C60E081E191E00E941A1C5C
:1029D0000C948E8083E191E00E94C61B81E191E01E
:1029E0000E94C61B85E191E00E94C61BEE24E39481
:1029F00010E000E020E04091E30C60E083E191E032
:102A00000E941A1C0C948E8085E191E00E94C61BE6
:102A100083E191E00E94C61B81E191E00E94C61B08
:102A2000EE24E39410E000E020E04091E30C60E04D
:102A300085E191E00E941A1C0C948E8080917E1793
:102A4000823021F581E080937E170E94097B86E128
:102A500091E00E94C61B87E191E00E94C61BEE2414
:102A6000E39410E000E020E04091E30C60E086E1B8
:102A700091E00E941A1C80E60E947C628AE40E9417
:102A80007C628DE30E94D8550C948E8082E0809306
:102A90007E1710927F1710928117809186178111EF
:102AA00003C081E08093861787E191E00E94C61BF6
:102AB00086E191E00E94C61BEE24E39410E000E062
:102AC00020E04091E30C60E087E191E00E941A1C55
:102AD00081E60E947C628BE40E947C628EE30E940D
:102AE000D8550C948E800E94FA320C948E800E94ED
:102AF000AB2C0C948E809091D1028091D0029230B8
:102B000048F08E3F38F091509093D1020E94FA32F3
:102B10000C948E8091E09093D102823020F081500D
:102B20008093D002F3CF9093D002F0CF9091D30254
:102B30008091D202923030F08E3F20F091509093ED
:102B4000D302E4CF91E09093D302823020F0815001
:102B50008093D202DBCF9093D202D8CF9091D5024E
:102B60008091D402923030F08E3F20F091509093BB
:102B7000D502CCCF91E09093D502823020F08150E5
:102B80008093D402C3CF9093D402C0CF8091D4025B
:102B90008E3F10F48F5FF4CF8091D5028D3F20F4EB
:102BA0008F5F8093D502B2CF8EEFFBCF8091D202A0
:102BB0008E3F10F48F5FCCCF8091D3028D3F20F4F5
:102BC0008F5F8093D302A2CF8EEF8093D302C0CFCA
:102BD0008091D0028E3F10F48F5FA2CF8091D102FE
:102BE0008D3F20F48F5F8093D10290CF8EEF809342
:102BF000D10296CF80910704823051F1833009F4DD
:102C00004BC0813009F06BC082E08093070489E7F4
:102C100090E00E94C61B8AE790E00E94C61B8BE7EB
:102C200090E00E94C61B8AE791E00E94C61BEE243A
:102C3000E39410E000E020E04091E30C60E08BE7DB
:102C400090E00E941A1C8BE20E947C620C948E80A1
:102C500083E08093070489E790E00E94C61B8AE71F
:102C600090E00E94C61B8BE790E00E94C61B8AE79B
:102C700091E00E94C61BEE24E39410E000E020E007
:102C80004091E30C60E08AE791E00E941A1C8CE21C
:102C90000E947C620C948E801092070489E790E079
:102CA0000E94C61B8AE790E00E94C61B8BE790E05B
:102CB0000E94C61B8AE791E00E94C61BEE24E394A3
:102CC00010E000E020E04091E30C60E089E790E054
:102CD0000E941A1C89E20E947C620C948E8081E022
:102CE0008093070489E790E00E94C61B8AE790E082
:102CF0000E94C61B8BE790E00E94C61B8AE791E00A
:102D00000E94C61BEE24E39410E000E020E0409116
:102D1000E30C60E08AE790E00E941A1C8AE20E94BD
:102D20007C620C948E80809107048230D1F18330D4
:102D300009F457C0813009F074C0809121028436B3
:102D4000F0F48036D0F084E6809321020E9487312F
:102D50008DE20E947C628FE390E00E94C61BEE240D
:102D6000E39410E000E020E04091E30C60E08FE3AA
:102D700090E00E941A1C0C948E808B5FE5CF80E45B
:102D800090E00E94C61BEE24E39410E000E020E0F7
:102D90004091E30C60E080E490E00E941A1C0C94E7
:102DA0008E8080911702843650F78036C0F084E61A
:102DB000809317028DE20E947C628FE390E00E9474
:102DC000C61BEE24E39410E000E020E04091E30C09
:102DD00060E08FE390E00E941A1C0C948E808B5F61
:102DE000E7CF80911B02843650F68036C0F084E62F
:102DF00080931B028DE20E947C628FE390E00E9430
:102E0000C61BEE24E39410E000E020E04091E30CC8
:102E100060E08FE390E00E941A1C0C948E808B5F20
:102E2000E7CF80911502843608F0A9CF8036D8F01C
:102E300084E68093150280E00E94DC298DE20E94E6
:102E40007C628FE390E00E94C61BEE24E39410E0C6
:102E500000E020E04091E30C60E08FE390E00E940E
:102E60001A1C0C948E808B5FE4CF80910704823013
:102E700049F1833009F447C0813009F065C0809181
:102E80002102853108F47BCF8931D0F484E180932D
:102E900021020E9487318DE20E947C628FE390E0E4
:102EA0000E94C61BEE24E39410E000E020E0409175
:102EB000E30C60E08FE390E00E941A1C0C948E807B
:102EC0008550E5CF80911702853108F458CF8931BC
:102ED000C0F484E1809317028DE20E947C628FE34C
:102EE00090E00E94C61BEE24E39410E000E020E096
:102EF0004091E30C60E08FE390E00E941A1C0C9478
:102F00008E808550E7CF80911B02853108F437CF42
:102F10008931C0F484E180931B028DE20E947C62BF
:102F20008FE390E00E94C61BEE24E39410E000E0E3
:102F300020E04091E30C60E08FE390E00E941A1CD7
:102F40000C948E808550E7CF80911502853108F46E
:102F500016CF8931D8F484E18093150280E00E9475
:102F6000DC298DE20E947C628FE390E00E94C61B08
:102F7000EE24E39410E000E020E04091E30C60E0F8
:102F80008FE390E00E941A1C0C948E808550E4CF51
:102F9000992311F40C949FB18BE890E00E94C61B1A
:102FA000EE24E39410E000E020E04091E30C60E0C8
:102FB0008BE890E00E941A1C0E94C4150C948E802D
:102FC000992311F40C949FB18CE890E00E94C61BE9
:102FD000EE24E39410E000E020E04091E30C60E098
:102FE0008CE890E00E941A1C0E948A140C948E8037
:102FF000992311F40C949FB18BE890E00E94C61BBA
:10300000EE24E39410E000E020E04091E30C60E067
:103010008BE890E00E941A1C0E947C160C948E8013
:10302000992311F40C949FB18CE890E00E94C61B88
:10303000EE24E39410E000E020E04091E30C60E037
:103040008CE890E00E941A1C0E94E3150C948E807C
:1030500085E891E00E94C61B85E890E00E94C61BAF
:1030600086E891E00E94C61B86E890E00E94C61B9D
:1030700087E890E00E94C61B88E890E00E94C61B8B
:1030800080911802883109F46AC0E0F48C30A9F10B
:10309000873109F44DC084E28093180289E080935F
:1030A000050286E080930402EE24E39410E000E041
:1030B00020E04091E30C60E085E891E00E941A1C5A
:1030C0008CE330C08A3109F461C0843221F78CE08E
:1030D000809318029FE09093050280930402EE24EF
:1030E000E39410E000E020E04091E30C60E088E829
:1030F00090E00E941A1C8DE315C097E1909318028E
:103100008093050289E080930402EE24E39410E0AA
:1031100000E020E04091E30C60E087E890E00E944E
:103120001A1C88E30E947C620E940D560C946289EE
:1031300088E1809318028CE08093050289E08093F7
:103140000402EE24E39410E000E020E04091E30C60
:1031500060E086E890E00E941A1C89E3E3CF8AE1F0
:10316000809318028CE08093050289E0809304022A
:10317000EE24E39410E000E020E04091E30C60E0F6
:1031800086E891E00E941A1C8AE3CCCF83E2809308
:10319000180289E08093050286E080930402EE2401
:1031A000E39410E000E020E04091E30C60E085E86B
:1031B00090E00E941A1C8BE3B5CF80E890E00E945B
:1031C000C61B81E890E00E94C61B8091E1028F300F
:1031D000B9F08FE08093E10288E28093030287E2F6
:1031E0008093DF02EE24E39410E000E020E04091C1
:1031F000E30C60E080E890E00E941A1C86E392CF26
:103200008DE08093E1028EE2809303028DE2809351
:10321000DF02EE24E39410E000E020E04091E30CB4
:1032200060E081E890E00E941A1C87E37BCF82E88F
:1032300090E00E94C61B80E591E00E94C61B83E8D7
:1032400090E00E94C61B84E890E00E94C61B80911B
:10325000E002843109F444C08832A9F08C3069F569
:1032600088E28093E0020E948731EE24E39410E02C
:1032700000E020E04091E30C60E082E890E00E94F2
:103280001A1C82E312C084E28093E0020E9487311C
:10329000EE24E39410E000E020E04091E30C60E0D5
:1032A00080E591E00E941A1C83E30E947C620E94E8
:1032B0000D560E94EE550C94628984E18093E002E1
:1032C0000E948731EE24E39410E000E020E040917A
:1032D000E30C60E083E890E00E941A1C84E3E5CFF1
:1032E0008CE08093E0020E948731EE24E39410E0AA
:1032F00000E020E04091E30C60E084E890E00E9470
:103300001A1C85E3D2CF89E890E00E94C61B8AE8A8
:1033100090E00E94C61B8091B1038130C1F41092ED
:10332000B103EE24E39410E000E020E04091E30CD0
:1033300060E089E890E00E941A1C80E30E947C62B1
:103340008091FA03882311F40C948E80DFCB81E006
:103350008093B103EE24E39410E000E020E040917C
:10336000E30C60E08AE890E00E941A1C81E3E6CF5B
:1033700084E490E00E94C61BEE24E39410E000E099
:1033800020E04091E30C60E084E490E00E941A1C8D
:1033900084EF90E00E94C61B20E04091E30C60E0C7
:1033A00084EF90E00E941A1C0C948E8084E490E0DC
:1033B0000E94C61BEE24E39410E000E020E0409160
:1033C000E30C60E084E490E00E941A1C83EF90E03C
:1033D0000E94C61B20E04091E30C60E083EF90E088
:1033E0000E941A1C0C948E808CE990E00E94C61BEF
:1033F0008DE990E00E94C61BEE24E39410E000E00B
:1034000020E04091E30C60E08DE990E00E941A1CFE
:103410000C948E808CE990E00E94C61B8DE990E0B0
:103420000E94C61BEE24E39410E000E020E04091EF
:10343000E30C60E08CE990E00E941A1C0C948E80F2
:1034400080EB90E00E94C61B8FEA90E00E94C61BB2
:10345000EE24E39410E000E020E04091E30C60E013
:1034600080EB90E00E941A1C0C948E808FEA90E012
:103470000E94C61B80EB90E00E94C61BEE24E394E2
:1034800010E000E020E04091E30C60E08FEA90E083
:103490000E941A1C0C948E80809105048823D9F018
:1034A0001092050480E191E00E94C61B8FE091E03C
:1034B0000E94C61BEE24E39410E000E020E040915F
:1034C000E30C60E080E191E00E941A1C85E50E9417
:1034D0007C620C948E8081E0809305048FE091E003
:1034E0000E94C61B80E191E00E94C61BEE24E3947B
:1034F00010E000E020E04091E30C60E08FE091E01C
:103500000E941A1C84E50E947C620C948E8088E1E3
:1035100091E00E94C61B8DE191E00E94C61BEE2443
:10352000E39410E000E020E04091E30C60E088E1EB
:1035300091E00E941A1C0C948E8089E191E00E9417
:10354000C61B8EE191E00E94C61BEE24E39410E0BE
:1035500000E020E04091E30C60E089E191E00E940E
:103560001A1C0C948E808AE191E00E94C61B8FE1A8
:1035700091E00E94C61BEE24E39410E000E020E0FE
:103580004091E30C60E08AE191E00E941A1C0C94E7
:103590008E808BE191E00E94C61B80E291E00E9448
:1035A000C61BEE24E39410E000E020E04091E30C21
:1035B00060E08BE191E00E941A1C0C948E808CE1FB
:1035C00091E00E94C61B81E291E00E94C61BEE249E
:1035D000E39410E000E020E04091E30C60E08CE137
:1035E00091E00E941A1C0C948E808DE191E00E9463
:1035F000C61B88E191E00E94C61BEE24E39410E014
:1036000000E020E04091E30C60E08DE191E00E9459
:103610001A1C0C948E808EE191E00E94C61B89E1F9
:1036200091E00E94C61BEE24E39410E000E020E04D
:103630004091E30C60E08EE191E00E941A1C0C9432
:103640008E808FE191E00E94C61B8AE191E00E948A
:10365000C61BEE24E39410E000E020E04091E30C70
:1036600060E08FE191E00E941A1C0C948E8080E251
:1036700091E00E94C61B8BE191E00E94C61BEE24E4
:10368000E39410E000E020E04091E30C60E080E291
:1036900091E00E941A1C0C948E8081E291E00E94BD
:1036A000C61B8CE191E00E94C61BEE24E39410E05F
:1036B00000E020E04091E30C60E081E291E00E94B4
:1036C0001A1C0C948E808091D9028823E9F0109204
:1036D000D90287E291E00E94C61B82E291E00E943B
:1036E000C61BEE24E39410E000E020E04091E30CE0
:1036F00060E087E291E00E941A1C8BE50E947C62E8
:103700000E94DC550C948E8081E08093D90282E285
:1037100091E00E94C61B87E291E00E94C61BEE2446
:10372000E39410E000E020E04091E30C60E082E2EE
:1037300091E00E941A1C86E5E1CF8091DA0288238D
:10374000C1F01092DA0288E291E00E94C61B83E287
:1037500091E00E94C61BEE24E39410E000E020E01C
:103760004091E30C60E088E291E00E941A1C8CE535
:10377000C5CF81E08093DA0283E291E00E94C61B0C
:1037800088E291E00E94C61BEE24E39410E000E082
:1037900020E04091E30C60E083E291E00E941A1C7B
:1037A00087E5ACCF8091DB028823C1F01092DB0269
:1037B00089E291E00E94C61B84E291E00E94C61B50
:1037C000EE24E39410E000E020E04091E30C60E0A0
:1037D00089E291E00E941A1C8DE590CF81E08093F0
:1037E000DB0284E291E00E94C61B89E291E00E9424
:1037F000C61BEE24E39410E000E020E04091E30CCF
:1038000060E084E291E00E941A1C88E577CF809105
:10381000DC028823C1F01092DC028AE291E00E946F
:10382000C61B85E291E00E94C61BEE24E39410E0E3
:1038300000E020E04091E30C60E08AE291E00E9429
:103840001A1C8EE55BCF81E08093DC0285E291E07B
:103850000E94C61B8AE291E00E94C61BEE24E394FC
:1038600010E000E020E04091E30C60E085E291E0B0
:103870000E941A1C89E542CF8091DD028823C1F0A5
:103880001092DD028BE291E00E94C61B86E291E07D
:103890000E94C61BEE24E39410E000E020E040917B
:1038A000E30C60E08BE291E00E941A1C8FE526CFCA
:1038B00081E08093DD0286E291E00E94C61B8BE2EC
:1038C00091E00E94C61BEE24E39410E000E020E0AB
:1038D0004091E30C60E086E291E00E941A1C8AE5C8
:1038E0000DCF87EA91E00E94C61B8CEA90E00E940F
:1038F000C61B8DEA90E00E94C61B8EEA90E00E94F3
:10390000C61BEE24E39410E000E020E04091E30CBD
:1039100060E087EA91E00E941A1C0C948E8087EA8E
:1039200091E00E94C61B8CEA90E00E94C61B8DEAC3
:1039300090E00E94C61B8EEA90E00E94C61BEE2417
:10394000E39410E000E020E04091E30C60E08CEABA
:1039500090E00E941A1C0C948E8087EA91E00E94ED
:10396000C61B8CEA90E00E94C61B8DEA90E00E9484
:10397000C61B8EEA90E00E94C61BEE24E39410E082
:1039800000E020E04091E30C60E08DEA90E00E94CE
:103990001A1C0C948E8087EA91E00E94C61B8CEA68
:1039A00090E00E94C61B8DEA90E00E94C61B8EEA42
:1039B00090E00E94C61BEE24E39410E000E020E0BB
:1039C0004091E30C60E08EEA90E00E941A1C0C9497
:1039D0008E80809192028823D9F01092920289E918
:1039E00091E00E94C61B8AE991E00E94C61BEE246A
:1039F000E39410E000E020E04091E30C60E089E90E
:103A000091E00E941A1C8BE60E947C620C948E80CE
:103A100081E0809392028AE991E00E94C61B89E9C5
:103A200091E00E94C61BEE24E39410E000E020E049
:103A30004091E30C60E08AE991E00E941A1C8CE658
:103A40000E947C620C948E8085EA91E00E94C61BE5
:103A500086EA91E00E94C61BEE24E39410E000E0A9
:103A600020E04091E30C60E086EA91E00E941A1C9D
:103A70000C948E8085EA91E00E94C61B86EA91E054
:103A80000E94C61BEE24E39410E000E020E0409189
:103A9000E30C60E085EA91E00E941A1C0C948E8091
:103AA0008EE990E00E94C61B8FE990E00E94C61B41
:103AB000EE24E39410E000E020E04091E30C60E0AD
:103AC0008FE990E00E941A1C0C948E808EE990E0A1
:103AD0000E94C61B8FE990E00E94C61BEE24E3946F
:103AE00010E000E020E04091E30C60E08EE990E01F
:103AF0000E941A1C0C948E808BEB91E00E94C61BD6
:103B00008CEB91E00E94C61BEE24E39410E000E0F1
:103B100020E04091E30C60E08CEB91E00E941A1CE5
:103B20000C948E808BEB91E00E94C61B8CEB91E095
:103B30000E94C61BEE24E39410E000E020E04091D8
:103B4000E30C60E08BEB91E00E941A1C0C948E80D9
:103B50008EE991E00E94C61B8FE991E00E94C61B8E
:103B6000EE24E39410E000E020E04091E30C60E0FC
:103B70008EE991E00E941A1C0C948E808EE991E0EF
:103B80000E94C61B8FE991E00E94C61BEE24E394BD
:103B900010E000E020E04091E30C60E08FE991E06C
:103BA0000E941A1C0C948E8080EA90E00E94C61B32
:103BB00081EA90E00E94C61BEE24E39410E000E04E
:103BC00020E04091E30C60E080EA90E00E941A1C43
:103BD0000C948E8081EA90E00E94C61B80EA90E0FF
:103BE0000E94C61BEE24E39410E000E020E0409128
:103BF000E30C60E081EA90E00E941A1C0C948E8035
:103C000088E091E00E94C61B89E091E00E94C61BFB
:103C10008AE091E00E94C61BEE24E39410E000E0ED
:103C200020E04091E30C60E088E091E00E941A1CE3
:103C30000C948E8088E091E00E94C61B89E091E0A0
:103C40000E94C61B8AE091E00E94C61BEE24E3940A
:103C500010E000E020E04091E30C60E089E091E0BA
:103C60000E941A1C0C948E8088E091E00E94C61B72
:103C70008AE091E00E94C61B89E091E00E94C61B89
:103C8000EE24E39410E000E020E04091E30C60E0DB
:103C90008AE091E00E941A1C0C948E808BE091E0E7
:103CA0000E94C61B8DE091E00E94C61B8CE091E053
:103CB0000E94C61BEE24E39410E000E020E0409157
:103CC000E30C60E08BE091E00E941A1C0C948E8063
:103CD0008DE091E00E94C61B8CE091E00E94C61B23
:103CE0008BE091E00E94C61BEE24E39410E000E01C
:103CF00020E04091E30C60E08CE091E00E941A1C0F
:103D00000C948E808DE091E00E94C61B8CE091E0C7
:103D10000E94C61B8BE091E00E94C61BEE24E39438
:103D200010E000E020E04091E30C60E08DE091E0E5
:103D30000E941A1C0C948E808FEF90E00E94C61B8C
:103D400080E091E00E94C61B8EE091E00E94C61BBD
:103D500082E091E00E94C61B81E091E00E94C61BB8
:103D6000EE24E39410E000E020E04091E30C60E0FA
:103D70008FEF90E00E941A1C0C948E808FEF90E0E1
:103D80000E94C61B80E091E00E94C61B8EE091E07D
:103D90000E94C61B82E091E00E94C61B81E091E078
:103DA0000E94C61BEE24E39410E000E020E0409166
:103DB000E30C60E080E091E00E941A1C0C948E807D
:103DC0008EE091E00E94C61B82E091E00E94C61B3B
:103DD00081E091E00E94C61B8FEF90E00E94C61B1D
:103DE00080E091E00E94C61BEE24E39410E000E026
:103DF00020E04091E30C60E081E091E00E941A1C19
:103E00000C948E808FEF90E00E94C61B80E091E0C2
:103E10000E94C61B8EE091E00E94C61B82E091E0EA
:103E20000E94C61B81E091E00E94C61BEE24E39431
:103E300010E000E020E04091E30C60E082E091E0DF
:103E40000E941A1C0C948E808EE091E00E94C61B8A
:103E500082E091E00E94C61B81E091E00E94C61BB7
:103E60008FEF90E00E94C61B80E091E00E94C61B8D
:103E7000EE24E39410E000E020E04091E30C60E0E9
:103E80008EE091E00E941A1C0C948E808091850235
:103E90008823D9F01092850285EA90E00E94C61B23
:103EA00084EA90E00E94C61BEE24E39410E000E058
:103EB00020E04091E30C60E085EA90E00E941A1C4B
:103EC00084E40E947C620C948E8081E08093850261
:103ED00084EA90E00E94C61B85EA90E00E94C61B1F
:103EE000EE24E39410E000E020E04091E30C60E079
:103EF00084EA90E00E941A1C83E40E947C620C9485
:103F00008E80809196028823D9F01092960287EADB
:103F100090E00E94C61B86EA90E00E94C61BEE2439
:103F2000E39410E000E020E04091E30C60E087EAD9
:103F300090E00E941A1C86E40E947C620C948E80A1
:103F400081E08093960286EA90E00E94C61B87EA91
:103F500090E00E94C61BEE24E39410E000E020E015
:103F60004091E30C60E086EA90E00E941A1C85E430
:103F70000E947C620C948E808091EE038823D9F09D
:103F80001092EE0389EA90E00E94C61B88EA90E056
:103F90000E94C61BEE24E39410E000E020E0409174
:103FA000E30C60E089EA90E00E941A1C87E40E941A
:103FB0007C620C948E8081E08093EE0388EA90E02E
:103FC0000E94C61B89EA90E00E94C61BEE24E3947F
:103FD00010E000E020E04091E30C60E088EA90E02F
:103FE0000E941A1C88E40E947C620C948E8080914E
:103FF000B603882309F44BC08091910D853009F0F8
:104000004CC01092B60384E490E00E94C61BEE24DC
:10401000E39410E000E020E04091E30C60E084E4F1
:1040200090E00E941A1C8AEA90E00E94C61B83E07E
:1040300091E00E94C61B8EE590E00E94C61B8DE4B5
:1040400090E00E94C61B8EE490E00E94C61B20E018
:104050004091E30C60E08AEA90E00E941A1C89E437
:104060000E947C6281E0809325028091B6038823C0
:1040700011F40C948E808091910D833089F08530FD
:10408000C1F0823089F4809325020C948E8081E007
:104090008093B60385E08093910D0E947963E5CF0C
:1040A000809325020C948E8084E0809325020C94EA
:1040B0008E80809325020C948E800E94551B0C9458
:1040C0008E800E94E81A0C948E804091E30C4A5036
:1040D000E12C10E000E020E060E0B2E0CB16D1047B
:1040E00099F0E3E0CE16D104A9F0CA94CD2831F0BE
:1040F00085E790E00E941A1C0C948E8086E790E081
:104100000E941A1C0C948E8087E790E00E941A1C73
:104110000C948E8088E790E00E941A1C0C948E808C
:104120008CE290E00E94C61BEE24E39410E000E0D5
:1041300020E04091E30C60E08CE290E00E941A1CC9
:104140000C948E808FEA91E00E94C61B8EEA91E06B
:104150000E94C61B80EB91E00E94C61BEE24E394F4
:1041600010E000E020E04091E30C60E08FEA91E095
:104170000E941A1C0C948E808FEA91E00E94C61B4C
:104180008EEA91E00E94C61B80EB91E00E94C61B64
:10419000EE24E39410E000E020E04091E30C60E0C6
:1041A0008EEA91E00E941A1C0C948E808FEA91E0B6
:1041B0000E94C61B8EEA91E00E94C61B80EB91E034
:1041C0000E94C61BEE24E39410E000E020E0409142
:1041D000E30C60E080EB91E00E941A1C0C948E804E
:1041E00082EB91E00E94C61B81EB91E00E94C61B0E
:1041F0008091AF038823B9F01092AF03EE24E394CB
:1042000010E000E020E04091E30C60E082EB91E000
:104210000E941A1C8DE60E947C628091AF030E946E
:10422000C9160C948E8081E08093AF03EE24E39452
:1042300010E000E020E04091E30C60E081EB91E0D1
:104240000E941A1C8EE6E7CF84EB91E00E94C61B09
:1042500083EB91E00E94C61BEE24E39410E000E0A3
:1042600020E04091E30C60E084EB91E00E941A1C96
:104270000C948E8084EB91E00E94C61B83EB91E04E
:104280000E94C61BEE24E39410E000E020E0409181
:10429000E30C60E083EB91E00E941A1C0C948E808A
:1042A000D092A103C092A003B6018FE40E94B25540
:1042B0000C948E8087EB91E00E94C61B88EB91E006
:1042C0000E94C61B8091BF03882399F01092BF0300
:1042D000EE24E39410E000E020E04091E30C60E085
:1042E00087EB91E00E941A1C80E70E947C620C948C
:1042F0008E8081E08093BF03EE24E39410E000E021
:1043000020E04091E30C60E088EB91E00E941A1CF1
:1043100081E70E947C620C948E8086010150110915
:10432000033F21E0120710F00C948E80C601019625
:10433000813F910510F40E94C61B053B110518F042
:10434000C8010E94C61BC6010E94C61BEE24E3944E
:1043500010E000E020E04091E30C60E0C6010E9424
:104360001A1C0C948E8080910404882311F40C9400
:104370009FB1909123099093080460912409609360
:1043800009048091250980930A048091260980936D
:104390000B048091270980930C0480912809809355
:1043A0000D04662311F40C949480923011F00C9457
:1043B0009480853011F00C949480CE014B960E942D
:1043C000BF7A65E07AE0CE0101960E94C70ABE017D
:1043D0006F5F7F4FCE0145960E94F50ABE01655E74
:1043E0007F4FCE0145960E946B0ACE0145960E94F2
:1043F000BF0ACE0101960E94BF0ACE014B960E94D1
:10440000BF0A0C948E8080910404882311F40C94CC
:104410009FB1A3E2B9E0EBE3F2E08D91819332E04A
:10442000E735F307D1F76DEE79E0CE0101960E94F2
:10443000C70ACE0101960E94BF0A85E50E94246941
:104440000C948E808CEE9DE00E945C546B017C018C
:104450006091EC0D7091ED0D8091EE0D9091EF0D4E
:1044600025E030E040E050E00E94D8BCC216D30600
:10447000E406F50610F00C949FB1809103048111BD
:104480000C949FB181E0809303040E947C620C94A1
:104490009FB188ED9DE00E945C54AB01BC0180910E
:1044A000D80D9091D90DA091DA0DB091DB0DB69594
:1044B000A79597958795481759076A077B0710F0C6
:1044C0000C94AFB18091A80381110C94AFB181E03D
:1044D0008093A8030E94D8550C94AFB1143009F40E
:1044E0006CC3153011F00C94DCB18091C4038823A7
:1044F00011F40C94DCB1A4E4BBE0E6E2F2E08D91AF
:10450000819322E0EB33F207D1F76EE37BE0CE013B
:1045100001960E94C70ACE0101960E94BF0A6CE272
:104520007AE0CE0101960E94C70ACE0101960E9450
:10453000BF0A40912C0288EE93E0489F9001499F6A
:10454000300D1124309387022093860240912D0272
:10455000489F9001499F300D112430938902209388
:10456000880240912E02489F9001499F300D1124EE
:1045700030938B0220938A0240912F02489F900132
:10458000499F300D112430938D0220938C0240916D
:104590003002489F9001499F300D112430938F02C3
:1045A00020938E02809127028093D9028091280265
:1045B0008093DA02809129028093DB0280912A02A3
:1045C0008093DC0280912B028093DD028091260291
:1045D000809397020E94DC5581E08093A90385E6D1
:1045E0008093AA0384E08093AE03EBEAF3E083E0D8
:1045F000DF011D928A95E9F7E6E2F2E0A5E2B8E074
:1046000081918D9322E0EB33F207D1F785E190E0C1
:104610009A83898345E0BE016F5F7F4F85E298E012
:104620000E9488518DE390E00E94C61BEE24E39423
:1046300010E000E020E04091E30C60E08DE390E0CA
:1046400015C39091440B909319046091450B6093AE
:104650001A048091460B80931B048091470B809332
:104660001C048091480B80931D04662311F40C9464
:10467000DCB191110C94DCB1833011F00C94DCB1FD
:10468000CE014B960E94BF7A60E97BE0CE01019695
:104690000E94C70ABE016F5F7F4FCE0145960E9400
:1046A000F50ABE01655E7F4FCE0145960E946B0AFA
:1046B000CE0145960E94BF0ACE0101960E94BF0A14
:1046C000CE014B960E94BF0A8091C40381110AC09B
:1046D00080911A049FEF980F923020F0843011F0EF
:1046E0000C94DCB160911B0470911C0480911A043D
:1046F0000E94216B0C94DCB18091C403882311F4D7
:104700000C94DCB19091440B909313046091450B91
:10471000609314048091460B809315048091470B9D
:10472000809316048091480B809317048091490B65
:1047300080931804662311F40C94DCB191110C944D
:10474000DCB1833011F00C94DCB1CE014B960E94A9
:10475000BF7A65E77BE0CE0101960E94C70ABE01E1
:104760006F5F7F4FCE0145960E94F50ABE01655EE0
:104770007F4FCE0145960E946B0ACE0145960E945E
:10478000BF0ACE0101960E94BF0ACE014B960E943D
:10479000BF0A0C94DCB18091C403882311F40C94FB
:1047A000DCB1A4E4BBE0E7E5F2E08D91819352E057
:1047B000E238F507D1F763E67BE0CE0101960E946F
:1047C000C70ACE0101960E94BF0A66E27BE0CE01D5
:1047D00001960E94C70ACE0101960E94BF0A8091ED
:1047E00058028230A1F081E080937E170E94097BFD
:1047F0008AE40E947C628DE30E94D8558091590220
:10480000833081F158F5823069F181E02BC08093CB
:104810007E1710927F171092811780918617811151
:1048200003C081E0809386178BE40E947C628EE354
:104830000E94D855809104048111E0CF80918117A6
:104840008823E1F280E00E94217B8823B9F2609105
:10485000811770E08EE00E94B255D0CF843011F005
:10486000853099F68093250280915A02833061F158
:10487000853009F442C0823099F580938017809387
:10488000910D81E08093B6038BE00E947C628FE201
:104890000E94D85580915B02823009F4E9C0C8F5C6
:1048A000813009F443C084E08093230282E0809346
:1048B00089178091910E9091920E892B09F0DCC09E
:1048C00081E08093240238C0809380178093910DFB
:1048D00081E08093B6038CE00E947C628EE2D8CFA8
:1048E00084E0809380178093910D81E08093B603DC
:1048F0008DE00E947C628DE2CBCF80938017809305
:10490000910D81E08093B6038EE00E947C628CE280
:10491000BFCF833069F0853031F6809323028093D6
:10492000891761E08DE20E949E7BC3CF80932402B1
:10493000809323028093891768E07BE0CE01019683
:104940000E94C70ACE0101960E94BF0A2091E70C7F
:10495000822F8C53990BAC0130915C02349FC001C3
:10496000359F900D11246CE97FEF0E9439BD2C53C7
:10497000620F6093E50C80915D028093B503809196
:10498000620280938202809163028093B4038091DB
:1049900064028093850280916602809396028091E2
:1049A00065028093EE0380916102809305048091FB
:1049B0005E028093220280915F0291E089278093BA
:1049C000BF0380916702843229F0883219F0843164
:1049D00009F055C08093E00262EE7AE0CE010196C4
:1049E0000E94C70ACE0101960E94BF0A8091680208
:1049F0008093D302809169028093D20280916A02EF
:104A000080932102809160028093200281E0909146
:104A10006B02911101C080E080931F0280916C02B3
:104A200080931E029091780290931D0290916D02E6
:104A300090931C0290916E029093B303882309F126
:104A400084EF91E0909391028093900280917002A4
:104A500080931B0280916F028130B1F0823009F4A3
:104A60009EC0A2E0B0E0B0931A02A093190210C059
:104A700091E0909324025CCF109224025DCF8CE0F1
:104A8000A9CF8CE291E0DECF10921A0210921902A7
:104A90006CEB7AE0CE0101960E94C70ACE01019626
:104AA0000E94BF0A80917102809318028091720265
:104AB0008093D102809173028093D002809174021E
:104AC00080931702809176028093B20380917502E1
:104AD000882309F469C081E08093B1038091770253
:104AE000823009F464C0833009F465C01092160264
:104AF0006BE97AE0CE0101960E94C70ACE010196C9
:104B00000E94BF0A809179028093E10280917A022B
:104B10008093920280917B028093D50280917C02E7
:104B20008093D40280917D028093150280917E0251
:104B30008093B00380917F028093AF038EEF90E06B
:104B40000E94C61BEE24E39410E000E020E04091B8
:104B5000E30C60E08EEF90E00E941A1C6FE77AE0B1
:104B6000CE0101960E94C70ACE0101960E94BF0A9B
:104B70008091AF030E94C9160E9400560E940D56F4
:104B80000E94EE550E9470130E9443326DE57AE058
:104B9000CE0101960E94C70ACE010196F8CD30924F
:104BA0001A022092190274CF1092B10397CF81E0BC
:104BB000809316029DCF82E0FBCF8091C4038823AF
:104BC00011F40C94DCB1A4E4BBE0EBE3F2E08D91D2
:104BD000819322E0E735F207D1F761E57BE0CE0172
:104BE00001960E94C70ACE0101960E94BF0A65E4A1
:104BF0007AE0CE0101960E94C70ACE0101960E947A
:104C0000BF0A81E08093A90384E68093AA0384E02D
:104C10008093AE03EBEAF3E083E0DF011D928A9517
:104C2000E9F7EBE3F2E0A5E2B8E087E592E0219155
:104C30002D938E179F07D9F78CE190E09A83898393
:104C400044E0BE016F5F7F4F85E298E00E9488518B
:104C50008EEF90E00E94C61BEE24E39410E000E08B
:104C600020E04091E30C60E08EEF90E00E941A1C7F
:104C70000C94DCB180919D02882311F40C94E6B170
:104C80008091040481110C94E6B180910304811198
:104C90000AC08CEE9DE00E945C54672B682B692B48
:104CA00011F40C94E6B10E94F2090C945B8010920E
:104CB000040D1092050D1092F00C1092F10C0E9450
:104CC000451A8091B9039091BA0301962091B703D8
:104CD0003091B8032D503E4F2817390710F484EF58
:104CE00091E09093BA038093B90344EF51E060E000
:104CF00070E082EF9CE00C9452B28091490E8823C0
:104D000011F40C94C8B28091010490910204892B93
:104D100031F486E990E00E94DA7B0C94C8B284EB0F
:104D200090E0F9CF60E08CE390E00C9484B4809143
:104D3000810481111092810485EC9CE00E94E5546D
:104D400081E99CE00E94A254882309F441C08EE5C9
:104D500080937C0080917A00806480937A008091B7
:104D60007A0086FDFCCF209178003091790050E0E8
:104D700040E065EA77E681E190E00E94A6BCCA01C6
:104D8000B9016B5F7F4F8F4F9F4F2AE030E040E0CB
:104D900050E00E94A6BCCA01B9010E9473BB609397
:104DA0006F0C7093700C8093710C9093720C6093E5
:104DB000C0037093C1038093C2039093C3030E9406
:104DC00067BE8AE40E94B25581E99CE00E94E554E6
:104DD0008091010490910204009709F4B8C10197F1
:104DE00009F4DAC28091FE039091FF0381309105AE
:104DF00009F45EC7029711F40C9435B00E949555E2
:104E000052CF82E99DE00E94A254811110922504A4
:104E100080907B0490907C04A0907D04B0907E04F0
:104E20002AE037ED43EA5CEB609126047091270499
:104E300080912804909129040E946CBB87FF0AC0CE
:104E40002DEC3CEC4CE05FE3C501B4010E946CBB6F
:104E500087FD0AC02DEC3CEC4CEC5DE3C501B401D0
:104E60000E946CBB87FF21C080912E04811116C067
:104E70008091FC03811112C08091F503882321F0F9
:104E80000E940A580E9402588091010490910204E5
:104E9000892B21F03092FF032092FE0310928004B0
:104EA0001092810486E00C9462B580910104909187
:104EB0000204892B09F43ECF8091250481113CCF57
:104EC00080912E049091F5039111F8C0811134CF97
:104ED0008091FC038111F4C040902A0450902B046F
:104EE00060902C0470902D0423E534E03CA32BA3A8
:104EF0008901F80120813181428153810C5F1F4F6C
:104F000064817581868197810E9483BD6B017C01DC
:104F10002AE037ED43E25BE30E946CBB18165CF4B9
:104F200029E23CE54FE85DE3C701B6010E94D5BE2A
:104F300018160CF0A2C010922A0410922B041092A2
:104F40002C0410922D0420E030E040E251E4609106
:104F50002A0470912B0480912C0490912D040E94BE
:104F6000F5BD6B017C01C0922604D0922704E0922B
:104F70002804F092290410922A0410922B04109213
:104F80002C0410922D0400E019E0EBA1FCA120817B
:104F9000318142815381CF0104969CA38BA364810C
:104FA0007581868197810E9483BD20E030E0A90150
:104FB0000E946CBB87FD77C0123109F40DA11F5F01
:104FC000133119F725ED38E749EE5CE3C701B60167
:104FD0000E94D5BE181654F42CEE31E548E35DE38B
:104FE000C701B6010E946CBB87FD18C02091530415
:104FF000309154044091550450915604C501B401B8
:105000000E9483BD28EB3EE145E85EE30E94D5BEE9
:1050100018160CF091CE002309F48ECE80918417DF
:1050200090918017933009F040C0843041F0809314
:10503000851784E0809384178CE10E94D855809175
:105040002F0490913004A0913104B09132048093E8
:10505000210490932204A0932304B093240481E0BC
:105060008093BE0340E958E360E070E08CE99DE086
:105070000E94D2540E94891C5FCEA7019601C301F1
:10508000B2010E9484BD2B013C0134E00B371307B1
:1050900009F02FCF40922A0450922B0460922C04E6
:1050A00070922D0450CF00E08DCF853041F2809377
:1050B000851785E0809384178DE1BFCF81113CCEA9
:1050C0008091FC03811138CE20912104309122047B
:1050D0004091230450912404C501B4010E9483BD72
:1050E0002EEA37E441EE5DE30E946CBB87FD0AC007
:1050F0002AE939E949E55FE3C501B4010E946CBBC7
:1051000087FF1ACE0E940A580E94025815CE80913D
:105110008104882309F410CE809101049091020447
:10512000892B09F409CE10928004109281043092E8
:10513000FF032092FE0386E00E94D8558DE10E9475
:10514000D85570E060E08CE40E94B255F5CD129A1B
:10515000809100048530A8F08091C403882379F001
:1051600080E50E94D855EE24E39410E000E020E0B2
:105170004091E30C60E08DEA91E00E941A1C1092CD
:1051800000048091FE039091FF03892B01F586EACC
:105190009DE00E94A2548823D1F0F090E30C0E947D
:1051A000DABA25E030E040E050E00E94A6BCFB0106
:1051B000EE0FFF1FE950F44F85919491EE24E39494
:1051C00010E000E020E04F2D60E00E941A1C80916A
:1051D000FA039091FD039923B1F09091FC03911192
:1051E00012C09091FB0391110EC0882329F00E94F8
:1051F00043320E94FA32F6CD0E944B3A0E94272D8C
:105200000E94AC2EEFCD8111EDCD8BE197E10E9494
:10521000A254D82E882309F445C080918017845069
:10522000823008F0B2C0809181170E94A110C82E70
:105230008111ABC0F5ECEF2EF3E0FF2E10E0D701AB
:105240008C9106EF080F8017C0F51C92812F0E94E9
:10525000B7108823B1F000E020E04FEF60E081E07C
:105260000E949E234B015C01812F0E94B7109091F8
:105270003A179150890F80939E05C501B4010E9491
:105280002F741F5FFFEFEF1AFF0A1832C1F6CC2010
:1052900009F47BC042E350E060E070E08BE197E10D
:1052A0000E94D25480919C0281119CCD8091231741
:1052B000811198CD0E94433295CDF70100830023E0
:1052C00029F2812F0E94B710882309F456C0812F3C
:1052D0000E94B71060913A17680F7727771F6150C7
:1052E000710980916817909169176817790708F01C
:1052F00046C086E697E10E94CE0C2C0166247724F6
:10530000342D872E982EA92EBB24E82D262F642D10
:10531000481408F4682D6217B0F16623B9F0902F95
:1053200070E080E00E9425BD469EC001479E900D22
:105330001124392F869EC001879E900D1124E92FDC
:10534000269FA001279F500D1124252F8E2F90E01E
:10535000B0E0A0E08824982EA92EBA2EA32A822A93
:10536000812F0E94B71090913A179150890F809326
:105370009E05C501B4010E942F74CD2C82CF60E040
:1053800070E0CB01BACF622FCACF109223171092D0
:1053900024171092F90386CF12988091FA03811195
:1053A0000E94AB2C8091F80381111092F803809138
:1053B000FD03882361F08091EA0D811108C01092ED
:1053C000FD031092F7031092F6030E9468130E94E7
:1053D0008F10882309F444C08091FC03811140C0E0
:1053E0008091FB038823E1F1809180178250823005
:1053F00008F073C1809181170E94A110811102C031
:105400000E94873140E050E0BA018FE297E10E94AC
:10541000D254409198025091990270E060E085E288
:105420009FE00E94D25480E00E94293080E00E94D8
:10543000D4101092FB030E94681382E691E00E9450
:10544000C61BEE24E39410E000E020E04091E30C62
:1054500060E082E691E00E941A1C80E00E949D1F9D
:105460008091F503882309F4E2C084EC9DE00E945A
:10547000A254882309F462C08091811781115EC013
:105480008091830290918402029709F057C0809125
:105490008202882309F452C080918204909183048F
:1054A00011E08537910579F012E08837910559F0C0
:1054B00013E08437910539F462E070E080E090E019
:1054C0000E94510A162F62E070E080E090E00E9496
:1054D000510A6E5F7F4F8F4F9F4F28EE33E0629FE0
:1054E0006001639FD00C729FD00C1124E12C11300D
:1054F00009F40CC108F417C1123009F4F5C01330D7
:1055000009F02EC110E000E020E04091E30C60E0E3
:1055100084E790E00E941A1C84E790E09093830453
:105520008093820485E08C9DA0018D9D500D1124F7
:1055300070E060E084EC9DE00E94D25483E29EE043
:105540000E94A2548823B1F010922B0E10922C0EC0
:10555000E0918417E150FF0BEE0FFF1FE351F44F72
:105560004591549170E060E08DE29EE00E94D2543B
:105570001092F4038DE29EE00E94A2548823A1F0D1
:1055800080912B0E811110C0E0918417E150FF0B28
:10559000EE0FFF1FED51F44F4591549170E060E024
:1055A00083E29EE00E94D25480912B0E882309F45E
:1055B00001C180919702882309F181E00E94431084
:1055C0008091F403811117C0EE24E39410E000E011
:1055D00020E04091E30C60E08DE390E00E941A1C13
:1055E00020E04091E30C60E082E490E00E941A1C0D
:1055F00081E08093F40381E00E94F70F80E09EE059
:105600000E94A254882309F4C0C01092080E109280
:10561000090E42E350E060E070E08AE09EE00E9404
:10562000D25481E00E94293081E00E94D410809100
:10563000F303882309F40EC28091EE03811107C0A1
:1056400080918117823019F081E00E94431087E336
:105650009EE00E94A254882309F462C1F090E30CFA
:1056600080918117823009F0B2C0EE24E39410E0FB
:1056700000E020E04F2D61E084E591E00E941A1CDB
:1056800080918417823009F41DC108F0C1C08130B7
:1056900009F4ECC04091860250918702403A2FE015
:1056A000520708F493C25695479570E060E084E194
:1056B0009EE00E94D2548091EE03811131C180910D
:1056C0008117823009F42CC110922B0E10922C0EEF
:1056D0004091860250918702EAC040919A0250910F
:1056E0009B0270E060E091CE10E000E020E040918D
:1056F000E30C60E087E790E00E941A1C87E790E0E7
:105700009093830480938204A60112CF10E000E0FE
:1057100020E04091E30C60E086E790E00E941A1CD4
:1057200086E790E0EDCF10E000E020E04091E30C50
:1057300060E085E790E00E941A1C20E04091E30CB5
:1057400060E088E790E00E941A1C88E790E0909360
:1057500083048093820448E057E060E070E0EACE82
:1057600010E000E020E04091E30C60E085E790E08D
:105770000E941A1C85E790E0909383048093820432
:1057800044EF51E060E070E0D5CE8AE09EE00E94F8
:10579000A254882309F448CF1092120E1092130ECF
:1057A00042E350E060E070E080E09EE00E94D2546E
:1057B00080E038CF80E00E94431080E00E942930D2
:1057C00080E00E94D41080E00E94F70F30CF0E944A
:1057D000DABA25E030E040E050E00E94A6BCFB01D0
:1057E000EE0FFF1FE950F44F85919491EE24E3945E
:1057F00008E710E021E04F2D60E00E941A1C08EE3F
:1058000013E021E04091E30C61E083EB90E036CFC0
:10581000833009F4A6C1843009F03CCF409188025E
:1058200050918902403AEFE05E0708F4CAC15695EC
:10583000479570E060E084E19EE00E94D254809140
:10584000EE0381116DC080918117823009F468C028
:1058500010922B0E10922C0E4091880250918902CA
:10586000403AFFE05F0708F4A2C152C040918E02A7
:1058700050918F02403A2FE05207F8F05695479525
:1058800070E060E084E19EE00E94D2548091EE03DB
:10589000811146C080918117823009F441C0109275
:1058A0002B0E10922C0E40918E0250918F02403A96
:1058B0003FE0530708F47BC12BC040ED57E060E0A8
:1058C00070E0E0CF40918C0250918D02403A8FE021
:1058D000580708F441C15695479570E060E084E1AF
:1058E0009EE00E94D2548091EE03811119C08091F4
:1058F00081178230A9F010922B0E10922C0E40913D
:105900008C0250918D02403A9FE0590708F44FC134
:105910005695479570E060E083E29EE00E94D25485
:1059200083E29EE00E945C54672B682B692B31F464
:105930008091EE03811102C00E94431080911C0EE1
:105940008823B1F180918117823091F18091EE032B
:10595000882319F081E00E94431081E00E94F70F34
:1059600080E09EE00E94A254882309F434C1109282
:10597000080E1092090E42E350E060E070E08AE009
:105980009EE00E94D25480918502882339F081E004
:105990000E94293080918502811107C08091ED031A
:1059A000811103C081E00E94293081E00E94D4105F
:1059B00084E19EE00E94A254882309F44BC083E551
:1059C0000E947C6210921C0E10921D0E10922B0EE3
:1059D00010922C0E83EB90E00E94C61B84E591E0B0
:1059E0000E94C61B87E591E00E94C61BEE24E3944B
:1059F00010E000E020E04091E30C60E088E591E0F9
:105A00000E941A1C80918117823009F0FEC00CEDB3
:105A100015E021E04091E30C61E082E390E00E9418
:105A20001A1C1092F30380E10E94D85580E00E9476
:105A3000431080E00E94F70F80E00E94293080E050
:105A40000E94D4101092080E1092090E1092120E9D
:105A50001092130E0E944B3A82EE9DE00E94A254D7
:105A6000882309F4DDC00E94F65686EA9DE00E9474
:105A7000A25481110E94E7190E94272D8091FC03F6
:105A8000882309F4BDCB80919602882309F4B8CB12
:105A90008BE397E10E94A254882309F4A3C9E09103
:105AA000F103E7FD20C08091E1020E2E000CFF0BF8
:105AB00090919202992309F4E7C08D3009F0E1C07A
:105AC000EA52F44F149100E020E04FEF60E080E0F4
:105AD0000E949E2310939E050E942F748091F103D3
:105AE00081508093F1038091F003882331F080E6A8
:105AF00091E00E94B91B1092F00340914517042FCA
:105B000010E090919502809180178250823008F0C9
:105B1000C3C0911104C08091FD03882361F08FEF11
:105B200096E10E94914C2091900230919102021BCB
:105B3000130B080F191F8091FB03882329F0C8015C
:105B4000880F991F080F191FA80170E060E08BE310
:105B500097E10E94D25446C940ED57E060E070E002
:105B6000BECE40918A0250918B02403AAFE05A0774
:105B700018F15695479570E060E084E19EE00E9440
:105B8000D2548091EE038111CBCE80918117823067
:105B900009F4C6CE10922B0E10922C0E40918A0260
:105BA00050918B02403ABFE05B0708F0B1CE40ED68
:105BB00057E060E070E0B0CE40ED57E060E070E0AC
:105BC000DCCF40ED57E060E070E035CE40ED57E0CF
:105BD00060E070E06CCD8AE09EE00E94A2548823D1
:105BE00009F4D8CE1092120E1092130E42E350E038
:105BF00060E070E080E09EE00E94D25480918502D7
:105C0000882309F4CBCE80E0C3CEEE24E39410E0E9
:105C100000E020E04091E30C60E084EB90E0FFCEF8
:105C20008091F203882309F420CF8091EA0D882324
:105C300009F41BCF6091E20D7091E30D8091E40DAA
:105C40009091E50D0E9471BB20E030E040EC5FE3F5
:105C50000E94F5BD6B017C0182EE9DE00E945C54C8
:105C60000E9471BB9B01AC01C701B6010E94D5BE69
:105C700018160CF0FACE8091E1028F5F8093F10349
:105C8000F4CEE953F44F1ECF8D3019F4E654F44F9F
:105C900019CFE555F44F16CF911105C08091FD0342
:105CA000882309F448CF8FEF96E10E94914C41CFB1
:105CB00010920204109201041092FF031092FE034E
:105CC0001092AE0D1092AF0D8091F203811104C0BD
:105CD0008091EA0D882351F11092F2031092EA0D9F
:105CE0001092EB0D80918117823031F00E946F315C
:105CF00010922D1710922E1740E050E0BA018BE35E
:105D000097E10E94D25440E050E0BA018FE297E15F
:105D10000E94D25440E050E0BA0185E29FE00E9428
:105D2000D2540E94061C8CE00E94D85582E691E075
:105D30000E94C61B8BE490E00E94C61B8EE790E099
:105D40000E94C61B8FE790E00E94C61B8091F5035E
:105D5000882309F488C00E940A580E940258809142
:105D60000404811104C00E94DE1B0E94F57A82E0C7
:105D700090E00E94C61B83EB90E00E94C61B8091BE
:105D80008117823041F484E591E00E94C61B82E3D2
:105D900090E00E94C61B80918117813021F487E337
:105DA00090E00E94C61B80918117833021F487E424
:105DB00091E00E94C61B8091F003882331F080E6B9
:105DC00091E00E94C61B1092F0038091FC0388238F
:105DD00009F468C083E591E00E94C61B85E591E067
:105DE0000E94C61B80918117823009F188E691E0FC
:105DF0000E94C61B809180178450823020F489E66F
:105E000091E00E94C61BEE24E39410E000E020E045
:105E10004091E30C60E086E591E00E941A1C20E0CE
:105E20004091E30C60E084EB90E00E941A1C8091AA
:105E3000FB038111DAC080918017833009F44AC0D6
:105E4000853009F455C0EE24E39410E000E020E032
:105E50004091E30C60E0823009F047C083E290E0BB
:105E60000E941A1C69C080E00E94293080E00E94D4
:105E7000D4101092080E1092090E1092120E109269
:105E8000130E80E00E9443101092350E1092360ED1
:105E900010922B0E10922C0E80E00E94F70F1092A1
:105EA000F4035DCF8091F303882309F4C0CF83E529
:105EB00091E00E94C61B87E591E00E94C61BEE247C
:105EC000E39410E000E020E04091E30C60E088E51E
:105ED00091E0ABCFEE24E39410E000E020E04091AD
:105EE000E30C60E087E290E0BBCF8CE591E0B8CFB7
:105EF0008091EF03882309F46DC08091890590910A
:105F00008A05029709F053C00091E30C0E94DABAA7
:105F100025E030E040E050E00E94A6BCFB01EE0F1F
:105F2000FF1FE950F44F6591749130E020E040E0AC
:105F300080E991E00E94B67880918017833009F45F
:105F40005FC0853009F476C0823009F062C08BE70B
:105F500091E00E94C61B62E370E08CE791E00E9432
:105F6000D71910929502109294021092930281E038
:105F70008093F9038093FD038093F7038093F603E6
:105F80008093F80340E050E0BA018BE197E10E9472
:105F9000D2546091F80370E086E00E941E62609126
:105FA000F80370E083E30E94B2550C94FEA64CE522
:105FB00052E260E070E086EA9DE00E94D254EE2456
:105FC000E39410E000E020E04091E30C60E080E921
:105FD00091E046CFEE24E39410E000E020E0409111
:105FE000E30C60E082EA91E03BCFEE24E39410E022
:105FF00000E020E04091E30C60E082E090E030CFF0
:1060000085E290E00E94C61B62E370E086E290E0C9
:10601000A6CF81E090E00E94C61B83E891E00E9439
:10602000C61B8FE090E00E94C61B62E370E080E137
:1060300090E095CF81E090E00E94C61B8EE491E055
:106040000E94C61B8AEB91E00E94C61B8DE991E07D
:106050000E94C61B62E370E089EB91E00E94D719B1
:1060600062E370E085E991E07ACF81E00E949D1FB4
:1060700080919D02882311F40C94FEA610929D023B
:106080000C94FEA60E942F640C9453A6823011F447
:106090000C94F180833011F40C9401810E94806291
:1060A0000C948E80E63E10F00C948E80F0E08827F1
:1060B000E35AFF448F4F0C944DBDF880F18001816D
:1060C000318145811B873987438775815E87D489F4
:1060D000D889DC89E589FB89148A3A8A608A868AAC
:1060E000AC8A048B2A8B3F8B7F8BB08BEE8B348CEE
:1060F000D28B148C728CA192AA8CD690D78CFD8CEA
:106100004F8D798DA38DCD8D058ECB8EF58FB18C76
:1061100048909B903D9153916B92859267926392C8
:1061200059924F92C592BD92C19269919791C59132
:10613000F3912192FA95939635979594F897109844
:106140001799DD9828988399B899D699C897E097B8
:106150009786D9834884CC834885AB85CC85658672
:106160003386F9840A821B82D181238D398D7B95F8
:106170009695AE95C695D695E895739577950A9AB6
:10618000F499369A209A719C8F9CAD9CCB9CD49D9F
:10619000EA9D469F819FBC9FF79F67816E815DA0AE
:1061A00061A0D28AD78ADC8AE18AE68AEB8AF08A01
:1061B000F58AFA8AFF8A7D819281A781BC81009E3F
:1061C0001A9E349E4E9E689E829E9C9EBE9EE09E1F
:1061D000029F249F4C9A0495D094EA941E95879A26
:1061E0009D9AB39AC99ADF9AF59A0B9B219B379B8C
:1061F0004D9B639B9D9BD29B079C3C9C1593479317
:10620000D192F39273939593B793D993FB931D9483
:106210003F94619483948E808E809983AA83BB83FC
:106220005E8373833C834D8328831C8306830B83A7
:106230000183F082DF82D982DC823E822C82478712
:106240005B879A86BF86DD86E98607871689848301
:10625000E99C8E898E808E80D488EA88008990A0FF
:10626000A2A0BCA0D6A0A89DBE9D249D3A9D509DF5
:10627000669DF0A024A13AA150A15AA165A08DA1CC
:10628000AD887C9D929D123011F40C94B3A108F05E
:106290001DC4113009F053C09091230990930E044E
:1062A0006091240960930F04809125098093100464
:1062B000809126098093110480912709809312040C
:1062C000662311F40C948E80923011F00C948E8021
:1062D000853011F00C948E80CE014B960E94BF7ACF
:1062E00067E17AE0CE0101960E94C70ABE016F5FA6
:1062F0007F4FCE0145960E94F50ABE01655E7F4F35
:10630000CE0145960E946B0ACE0145960E94BF0AB7
:10631000CE0101960E94BF0ACE014B960E94BF0A91
:10632000C0901004D090110480910F049091040447
:10633000EFEFE80F9111B6CEE33008F4A7CE8091CD
:10634000C403882361F088ED9DE00E94A254882355
:1063500011F40C9449A21092A8031092C40386E48D
:106360009AE00E940351882339F11091540C1123B3
:1063700019F18091E00D882381F08091C403882376
:1063800061F04091D80D5091D90D6091DA0D709166
:10639000DB0D88ED9DE00E94D254133011F40C9473
:1063A000CBA310F00C946EA2113011F40C9421A325
:1063B000123011F40C947CA380910604882309F414
:1063C00061CE8091050481110C943AA68CEF9CE07B
:1063D0000E94A254882309F467C08091FA0C8111AD
:1063E00063C08091890590918A050197039708F011
:1063F0005BC040ED57E060E070E08CEF9CE00E94F5
:10640000D2548091890590918A0501970397A0F451
:106410008091B9039091BA0322E1A9A1BAA11D927A
:106420002A95E9F727E029839B838A8380E18D837E
:10643000CE0101960E9434728091BD038823A1F1A0
:106440008091BC03811130C08091BB0381112CC0AD
:1064500088EE9CE00E94A254882331F18091890546
:1064600090918A050197039710F00C9457A62091FC
:10647000B9033091BA038091510D9091520D2817B4
:10648000390721F48091560D811106C08091570D76
:10649000882311F40C9457A640E45FE160E070E0BB
:1064A00088EE9CE00E94D25482EF9CE00E94A254AD
:1064B000882371F01092FA0C1092FB0C40ED57E01B
:1064C00060E070E08CEF9CE00E94D2540E946F1A52
:1064D0000E94593380912004880F880F80932004F4
:1064E000659B03C0826080932004649B05C08091FB
:1064F0002004816080932004809120048F70809319
:106500002004282F30E0F901E451FD4F80818823D9
:1065100089F180911E0490911F0404E0880F991F57
:106520000A95E1F7822B932B90931F0480931E040E
:1065300099278B32910511F04797E1F480EB9DE0AC
:106540000E945C54672B682B692BA1F442E350E056
:1065500060E070E080EB9DE00E94D25480912004C6
:106560008B3011F40E94762380912004873011F43F
:106570000E94492380918917853051F081E49EE083
:106580000E94A254882311F40C947DA60E94F4105A
:1065900085EC9CE00E94A254882311F40C94A0A6E0
:1065A0008091040481110C9487A8809103048111C7
:1065B0000C9487A81FE2C12E14E0D12EF60184812D
:1065C0009581A681B78181939193A193B193B4E012
:1065D000EB37FB07A1F710922A0410922B041092BC
:1065E0002C0410922D0481E090E00E946E7EBC018C
:1065F000990F880B990B0E9473BB20E030E543ECA8
:1066000057E40E94F5BD60939B0C70939C0C8093A3
:106610009D0C90939E0C84E090E00E946E7EBC01E5
:10662000990F880B990B0E9473BB9B01AC01609181
:10663000D40C7091D50C8091D60C9091D70C0E94FF
:10664000D2BB60939F0C7093A00C8093A10C90938D
:10665000A20C82E090E00E946E7EBC01817080936B
:10666000E10C61FB882780F98093E00CB3E076951C
:106670006795BA95E1F790E080E00E9471BB2FE644
:1066800032E143E85BE30E94D2BB6093A30C7093BA
:10669000A40C8093A50C9093A60C83E090E00E943C
:1066A0006E7EBC01990F880B990B0E9473BB9B01F6
:1066B000AC016091D80C7091D90C8091DA0C90915A
:1066C000DB0C0E94D2BB6093AB0C7093AC0C80933C
:1066D000AD0C9093AE0C20919B0C30919C0C409192
:1066E0009D0C50919E0C6091A30C7091A40C809114
:1066F000A50C9091A60C0E9484BD6093A70C70938A
:10670000A80C8093A90C9093AA0C20919F0C309117
:10671000A00C4091A10C5091A20C0E94D2BB4B0145
:106720005C018092B30C9092B40CA092B50CB09224
:10673000B60C2DEC3CEC4CE45FE36091B70C70912F
:10674000B80C8091B90C9091BA0C0E94D2BB2B016D
:106750003C012DEC3CEC4CE45EE3C501B4010E942D
:10676000D2BB9B01AC01C301B2010E9484BD609306
:10677000B70C7093B80C8093B90C9093BA0C6093DB
:106780007B0470937C0480937D0490937E040E942C
:10679000817F4B015C018091BD0C9091BE0CA0915A
:1067A000BF0CB091C00CA5019401281B390B4A0BFA
:1067B0005B0BCA01B9016093C10C7093C20C80934A
:1067C000C30C9093C40C0E9471BB20919F0C30911C
:1067D000A00C4091A10C5091A20C0E94D2BB20E0D1
:1067E0003AEB4BE55AE40E94F5BD2091AF0C309195
:1067F000B00C4091B10C5091B20C0E9484BD6093DA
:10680000AF0C7093B00C8093B10C9093B20C80924B
:10681000BD0C9092BE0CA092BF0CB092C00C6091C7
:10682000DE0C7091DF0C85E090E00E94D17C6091DD
:10683000DC0C7091DD0C90E080E00E94D17C8091B6
:106840007F0490E0019664E170E00E9439BD80937E
:106850007F04892B99F420E030E048EC52E4609109
:106860007B0470917C0480917D0490917E040E9451
:10687000D2BB0E9467BE8CE40E94B25580912E0468
:106880008823B9F08CE99DE00E94A254882389F006
:10689000809180178450823020F48AE691E00E9433
:1068A000C61B10922E040E940A580E9402580E9491
:1068B000351F8091010490910204892B51F480913D
:1068C0002E04882331F010922E041092A40D109201
:1068D000A50D8CE99DE00E94A254882311F18091BE
:1068E0002E0481111EC04091E30C809180178250CC
:1068F000EE24E39410E000E020E0823010F40C94E9
:1069000092A661E08AE691E00E941A1C81E08093E1
:106910002E0444EC59E060E070E08CE99DE00E94B8
:10692000D2548090770490907804A0907904B0902D
:106930007A0420917304309174044091750450914D
:106940007604C501B4010E9483BD20912A043091D0
:106950002B0440912C0450912D040E9484BD2B01E6
:106960003C01A501940160917B0470917C048091AD
:106970007D0490917E040E9483BD9B01AC01C30104
:10698000B2010E9484BD20E030E040E05FE30E945D
:10699000D2BB2B013C014092260450922704609206
:1069A00028047092290410922A0410922B04109249
:1069B0002C0410922D04309180043DA331110C94CD
:1069C00001A70FE214E0812C912C5401D8012D91E4
:1069D0003D914D915D918D01C501B4010E9484BD31
:1069E0004B015C01B4E00F371B0781F710922A04BA
:1069F00010922B0410922C0410922D042CEE31E5F1
:106A000048EB5DE3C301B2010E94D5BE1816F4F055
:106A10002AE037ED43E25BE3C301B2010E94D5BE39
:106A2000181614F00C9497A620E030E040EA51E4E8
:106A3000C501B4010E94F5BD2DEC3CEC4CE45FE3D4
:106A40000E94D5BE181614F00C9497A61092260436
:106A5000109227041092280410922904F601119232
:106A60001192119211926F01FFE7CF16F4E0DF0649
:106A7000A9F711E01093800485E00E94D855109387
:106A800025044EEB5AE060E070E082E99DE00E9450
:106A9000D2548091010490910204019711F40C9456
:106AA0009CA68091BF030E949D1F109381041092A9
:106AB0002E048DE10E94D85570E060E08EE00E94C7
:106AC000B25582E30E94D8550C949CA6143011F460
:106AD0000C9403A2153011F40C94D38030CCCF93D6
:106AE000DF93EC01198A188A1B8A1A8A1F861E8670
:106AF000198E188E0E94817F688779878A879B8785
:106B00001C821D821E821F82188219821A821B8299
:106B10008AE090E09D878C871F8A1E8A1B8E1A8EC2
:106B20001D8A81E08C8BDF91CF910895CF93DF9305
:106B3000EC011F86188A1E861E8A1D8A0E94817F8C
:106B4000688779878A879B871C821D821E821F82A5
:106B5000188219821A821B828AE090E09D878C87B6
:106B60001C8A1B8A188E1F8A1A8A81E0898BDF9102
:106B7000CF910895CF93DF93EC01862F68837983BB
:106B80001A821B821C821D821E821F821886198611
:106B90001B861A8662E00E949E7B1D861C8681E011
:106BA00090E09F878E8788810E94477B998B888B96
:106BB0009B8B8A8B9D8B8C8B1E8A1F8A188E198EBD
:106BC000DF91CF910895FC01108614821582168200
:106BD0001782118610821182128213820895FC019D
:106BE000E450FE4F2EE720833196108231961082BA
:106BF0003196108231961082319621E820833196A9
:106C00001082319610823196118210823296118252
:106C1000108232961082339610823196108231960D
:106C20001082319610823196108231961082319600
:106C3000108211821282138238961082865E9D4FD6
:106C4000FC011082089586E09DE00E94BF0A8091B9
:106C5000591790915A170E9464C1809156179091CC
:106C6000571797FD03C060E00E949E7B80916F17CD
:106C7000909170170E9464C180916C1790916D176C
:106C800097FD03C060E00C949E7B08950F931F93C3
:106C9000CF93DF931092A2051092A10548EE53E026
:106CA00060E070E04093A3055093A4056093A505B0
:106CB0007093A60583E193E09093A00580939F05D0
:106CC00025E331E03093AC052093AB0524E331E0BC
:106CD0003093AE052093AD0520E331E03093B0054D
:106CE0002093AF0521E331E03093B2052093B10545
:106CF00022E331E03093B4052093B30526E331E07D
:106D00003093B6052093B5051092B8051092B905D9
:106D10001092BA051092BB0510923F0610923E06E3
:106D20004093400650934106609342067093430699
:106D300090933D0680933C0625ED30E03093490664
:106D40002093480624ED30E030934B0620934A060A
:106D500020ED30E030934D0620934C0621ED30E0DD
:106D600030934F0620934E0622ED30E030935106CB
:106D70002093500626ED30E03093530620935206C0
:106D80001092550610925606109257061092580609
:106D90001092DC061092DB064093DD065093DE066F
:106DA0006093DF067093E0069093DA068093D9062D
:106DB0002DEC30E03093E6062093E5062CEC30E035
:106DC0003093E8062093E70628EC30E03093EA069B
:106DD0002093E90629EC30E03093EC062093EB0693
:106DE0002AEC30E03093EE062093ED062EEC30E0F6
:106DF0003093F0062093EF061092F2061092F306FD
:106E00001092F4061092F506109279071092780706
:106E100040937A0750937B0760937C0770937D07BC
:106E2000909377078093760785EC90E090938307A3
:106E30008093820784EC90E0909385078093840789
:106E400080EC90E0909387078093860781EC90E038
:106E5000909389078093880782EC90E090938B074A
:106E600080938A0786EC90E090938D0780938C073F
:106E700010928F071092900710929107109292072C
:106E80008BE98093130888E08093160880E091E0F6
:106E900090931508809314080E94C8C09093180816
:106EA0008093170830E020E0809114089091150835
:106EB00028173907E0F4C9016091130870E048E031
:106EC00050E0FC01E078FF27880F991FEF2B11F0AD
:106ED0008627972741505109A1F7E0911708F091B3
:106EE0001808E20FF31F80832F5F3F4FDDCF109212
:106EF0001C0810921B0888EE93E0A0E0B0E080939D
:106F00001D0890931E08A0931F08B093200885E2E7
:106F100093E090931A088093190881E080937E177C
:106F200010927F1784E0809380171092811710923F
:106F300082178FE78093831785E08093841780936F
:106F4000851710928617109287171092881783E082
:106F5000809389178091E1029091E002890F97E078
:106F6000980F90937D1780937C1745E350E06EE374
:106F700070E086E697E10E94D1B94DE050E060E410
:106F800070E080E597E10E94D1B986E497E10E9424
:106F9000E3B58091DF02809345178BE397E10E9470
:106FA000E3B58091E10280933A17809339178FE21D
:106FB00097E10E94E3B585E297E10E94E3B58BE19A
:106FC00097E10E94E3B58FEF96E10E946FB5C7E1AC
:106FD000D3E10FEF16E1CE010E9496B569960C172A
:106FE0001D07C9F7CFE2DFE007E113E1CE010E9400
:106FF00096B569960C171D07C9F785E29FE00E94B8
:10700000E3B589E09FE00E946FB58091DE0291E0D8
:10701000980F9093080F94E2980F9093070F95E2C2
:10702000980F9093060F885C8093050F8BEF9EE07E
:107030000E94E3B581EF9EE00E94E3B587EE9EE0FB
:107040000E94E3B56FE170E08DEC9EE00E94BAB55E
:1070500067E170E083EB9EE00E94BAB569E170E001
:1070600089E99EE00E94BAB56BE170E08FE79EE08F
:107070000E94BAB56DE170E085E69EE00E94BAB567
:1070800065E270E08BE49EE00E94BAB581E49EE088
:107090000E94E3B587E39EE00E94E3B58DE29EE0A7
:1070A0000E94E3B583E29EE00E94E3B58091DD0299
:1070B00080931E0E8091DC0280931F0E8091DB0274
:1070C0008093200E8091DA028093210E8091D90264
:1070D0008093220E84E19EE00E94E3B58AE09EE068
:1070E0000E94E3B580E09EE00E94E3B586EF9DE05C
:1070F0000E94E3B58CEE9DE00E94E3B582EE9DE038
:107100000E94E3B588ED9DE00E94E3B58EEC9DE022
:107110000E94E3B584EC9DE00E94E3B58AEB9DE01C
:107120000E94E3B580EB9DE00E94E3B586EA9DE016
:107130000E94E3B58CE99DE00E94E3B582E99DE001
:107140000E94E3B5809180178093910D87E89DE0C0
:107150000E94E3B56BE270E08DE69DE00E94BAB557
:1071600010922E0D10922F0D1092300D10924E0D88
:1071700010924D0D1092500D10924F0D1092070D60
:107180001092060D1092090D1092080D10920B0D21
:1071900010920A0D50E040E065E373E086E09DE068
:1071A0000E949E0A8CEF9CE00E94E3B582EF9CE077
:1071B0000E94E3B588EE9CE00E94E3B52091E70CC5
:1071C000822F8C53990BAC013091D802349FC001AF
:1071D000359F900D11246CE97FEF0E9439BD2C532F
:1071E000620F6093E60C6093E50C6093E40C809171
:1071F000D70246E4849FC001112424E630E0B9019F
:107200000E9439BD66546093E30C8091D602849F3E
:10721000C0011124B9010E9439BD66546093E20C8B
:1072200080E48093CF0C10929B0C10929C0C1092D7
:107230009D0C10929E0C10929F0C1092A00C10921C
:10724000A10C1092A20C1092A30C1092A40C1092FC
:10725000A50C1092A60C1092A70C1092A80C1092DC
:10726000A90C1092AA0C1092AB0C1092AC0C1092BC
:10727000AD0C1092AE0C1092AF0C1092B00C10929C
:10728000B10C1092B20C1092B30C1092B40C10927C
:10729000B50C1092B60C1092B70C1092B80C10925C
:1072A000B90C1092BA0CC4E1D0E0D093BC0CC093DE
:1072B000BB0C1092BD0C1092BE0C1092BF0C109221
:1072C000C00C1092C10C1092C20C1092C30C109200
:1072D000C40C85EC9CE00E94E3B51092670C109200
:1072E000680C1092690C10926A0C10926B0C109240
:1072F0006C0C10926D0C10926E0C10926F0C109220
:10730000700C1092710C1092720C1092730C1092FF
:10731000740C1092750C1092760C1092770C1092DF
:10732000780C1092790C10927A0C10927B0C1092BF
:107330007C0C10927D0C10927E0C10927F0C10929F
:10734000800C1092810C1092820C1092830C10927F
:10735000840C1092850C1092860CD093880CC093EC
:10736000870C1092890C10928A0C10928B0C109240
:107370008C0C10928D0C10928E0C10928F0C10921F
:10738000900C81E99CE00E94E3B586E49AE00E94BB
:10739000EFB585E298E0DF91CF911F910F910C94AA
:1073A000EFB5CF92DF92EF92FF920F931F93CF939F
:1073B000DF93EC016B01F42EE52E198218861F86EF
:1073C000188A198A1A8A81E08E878B871C8692E038
:1073D0009D8788838B01000F111F060F171F1D83C8
:1073E0000C83C8010E94C8C09A878987009789F1D9
:1073F000A80170E060E00E94D7C2DB82CA82FE82F0
:10740000EF828981882341F061E08F2D0E949E7B6D
:1074100060E08F2D0E94707B8F2D9E2DFC01E65821
:10742000FF4EE491F0E0EE0FFF1FE05AFF4E259172
:1074300034913C8B2B8BFC01E65EFF4EE491ED8B8F
:10744000DF91CF911F910F91FF90EF90DF90CF9040
:1074500008951D821C821B821A82D1CFCF93DF93A5
:10746000CDB7DEB764970FB6F894DEBF0FBECDBFC1
:107470002091890530918A052230310501F520914E
:107480008705309188052D363105C8F0FE01359607
:107490002EE0DF011D922A95E9F72AE0298326E4F0
:1074A00031E03B832A8323E02C8329E02D8321E0F4
:1074B0002A8B9C8B8B8BCE0101960E943472649632
:1074C0000FB6F894DEBF0FBECDBFDF91CF91089508
:1074D000CF93DF93CDB7DEB764970FB6F894DEBFD6
:1074E0000FBECDBFFE01359620E1DF011D922A952A
:1074F000E9F728E029839B838A8383E08C8382E0F9
:107500008D83CE0101960E94347264960FB6F89472
:10751000DEBF0FBECDBFDF91CF9108958F929F92B6
:10752000AF92BF92CF92DF92EF92FF92CF93DF9311
:10753000EC01688179818A819B81611571058105E2
:10754000910521F464E279ED8BE597E02DE133EFCD
:1075500041E050E00E94A6BC49015A019B01AC01E8
:10756000A7EAB1E40E94C5BC6B017C01ACEEB4EFAC
:10757000A50194010E94D3BCC60ED71EE81EF91EB9
:10758000F7FE06C081E0C81AD108E10880E8F80AD1
:10759000C882D982EA82FB82C701B6019F77DF9158
:1075A000CF91FF90EF90DF90CF90BF90AF909F90E2
:1075B0008F9008958F929F92AF92BF92CF92DF9259
:1075C000EF92FF926091E2027091E3028091E402F7
:1075D0009091E502611571058105910521F464E240
:1075E00079ED8BE597E02DE133EF41E050E00E942B
:1075F000A6BC49015A019B01AC01A7EAB1E40E9473
:10760000C5BC6B017C01ACEEB4EFA50194010E94F6
:10761000D3BCC60ED71EE81EF91EF7FE06C081E0D9
:10762000C81AD108E10880E8F80AC092E202D092B4
:10763000E302E092E402F092E502C701B6019F770F
:10764000FF90EF90DF90CF90BF90AF909F908F9082
:1076500008956093E2027093E3028093E4029093B2
:10766000E5020895FB01DC0105900D920020E1F791
:107670000895FC0105900020E9F7809590958E0F04
:107680009F1F0895BB27FB015527AA27880F991F25
:10769000AA1FA41710F0A41B83955051B9F7A05D41
:1076A000AA3308F0A95DA193009779F7B111B193BE
:1076B0001192CB010C945CBBDC01FC01672F719132
:1076C0007723E1F7329704C07C916D9370836291C8
:1076D000AE17BF07C8F308950E94AEBB08F481E05F
:1076E0000895E89409C097FB3EF4909580957095B5
:1076F00061957F4F8F4F9F4F9923A9F0F92F96E9FE
:10770000BB279395F695879577956795B795F11172
:10771000F8CFFAF4BB0F11F460FF1BC06F5F7F4F0F
:107720008F4F9F4F16C0882311F096E911C0772321
:1077300021F09EE8872F762F05C0662371F096E82A
:10774000862F70E060E02AF09A95660F771F881FF9
:10775000DAF7880F9695879597F90895990F00089D
:10776000550FAA0BE0E8FEEF16161706E807F90713
:10777000C0F012161306E407F50798F0621B730BAE
:10778000840B950B39F40A2661F0232B242B252B2F
:1077900021F408950A2609F4A140A6958FEF811DD2
:1077A000811D08950E94E5BB0C9456BC0E9448BC04
:1077B00038F00E944FBC20F0952311F00C943FBC90
:1077C0000C9445BC11240C948ABC0E9467BC70F3D5
:1077D000959FC1F3950F50E0551F629FF001729F76
:1077E000BB27F00DB11D639FAA27F00DB11DAA1F85
:1077F000649F6627B00DA11D661F829F2227B00DD2
:10780000A11D621F739FB00DA11D621F839FA00D5C
:10781000611D221F749F3327A00D611D231F849FAC
:10782000600D211D822F762F6A2F11249F57504003
:107830009AF0F1F088234AF0EE0FFF1FBB1F661F7E
:10784000771F881F91505040A9F79E3F510580F047
:107850000C943FBC0C948ABC5F3FE4F3983ED4F395
:10786000869577956795B795F795E7959F5FC1F7EB
:10787000FE2B880F911D9695879597F9089597F996
:107880009F6780E870E060E008959FEF80EC0895C6
:1078900000240A94161617061806090608950024EF
:1078A0000A9412161306140605060895092E039469
:1078B000000C11F4882352F0BB0F40F4BF2B11F4DD
:1078C00060FF04C06F5F7F4F8F4F9F4F089557FD3C
:1078D0009058440F551F59F05F3F71F04795880F3E
:1078E00097FB991F61F09F3F79F0879508951216D5
:1078F00013061406551FF2CF4695F1DF08C0161681
:1079000017061806991FF1CF869571056105089431
:107910000895E894BB2766277727CB0197F9089548
:10792000F999FECF92BD81BDF89A992780B5089547
:10793000262FF999FECF1FBA92BD81BD20BD0FB68B
:10794000F894FA9AF99A0FBE01960895052E97FBBE
:107950001EF400940E94BDBC57FD07D00E94D8BC05
:1079600007FC03D04EF40C94BDBC50954095309567
:1079700021953F4F4F4F5F4F08959095809570959B
:1079800061957F4F8F4F9F4F08950E94FABCA59F2E
:10799000900DB49F900DA49F800D911D112408950A
:1079A000B7FF0C94C5BC0E94C5BC821B930B089505
:1079B000A1E21A2EAA1BBB1BFD010DC0AA1FBB1FF3
:1079C000EE1FFF1FA217B307E407F50720F0A21B65
:1079D000B30BE40BF50B661F771F881F991F1A94D2
:1079E00069F760957095809590959B01AC01BD01FC
:1079F000CF010895A29FB001B39FC001A39F700D56
:107A0000811D1124911DB29F700D811D1124911DA6
:107A10000895DB018F939F930E94C5BCBF91AF91E6
:107A2000A29F800D911DA39F900DB29F900D1124D8
:107A30000895991B79E004C0991F961708F0961BCA
:107A4000881F7A95C9F780950895AA1BBB1B51E141
:107A500007C0AA1FBB1FA617B70710F0A61BB70BBE
:107A6000881F991F5A95A9F780959095BC01CD0163
:107A7000089597FB072E16F4009407D077FD09D0E0
:107A80000E9425BD07FC05D03EF4909581959F4F3F
:107A90000895709561957F4F0895EE0FFF1F881F21
:107AA0008BBF0790F691E02D19940E94FABCB7FFA6
:107AB0000895821B930B08952A0D3B1D4C1D5D1DDF
:107AC0006E1D7F1D801F911F08952A193B094C09C7
:107AD0005D096E097F09800B910B08952A153B05FE
:107AE0004C055D056E057F0580079107089500240C
:107AF000A7FD00942A173005400550056005700564
:107B00008005900508955058BB27AA270E949BBD69
:107B10000C9456BC0E9448BC38F00E944FBC20F028
:107B200039F49F3F19F426F40C9445BC0EF4E0950B
:107B3000E7FB0C943FBCE92F0E9467BC58F3BA17CF
:107B4000620773078407950720F079F4A6F50C9473
:107B500089BC0EF4E0950B2EBA2FA02D0B01B901B4
:107B600090010C01CA01A0011124FF27591B99F0B3
:107B7000593F50F4503E68F11A16F040A22F232FBF
:107B8000342F4427585FF3CF469537952795A7950F
:107B9000F0405395C9F77EF41F16BA0B620B730BB6
:107BA000840BBAF09150A1F0FF0FBB1F661F771F27
:107BB000881FC2F70EC0BA0F621F731F841F48F4DC
:107BC000879577956795B795F7959E3F08F0B0CF65
:107BD0009395880F08F09927EE0F9795879508954C
:107BE0000E9498BEE3950C94C1BE0E9409BE0C94FD
:107BF00056BC0E944FBC58F00E9448BC40F029F48B
:107C00005F3F29F00C943FBC51110C948ABC0C943A
:107C100045BC0E9467BC68F39923B1F3552391F3E7
:107C2000951B550BBB27AA2762177307840738F0EB
:107C30009F5F5F4F220F331F441FAA1FA9F335D048
:107C40000E2E3AF0E0E832D091505040E695001CFC
:107C5000CAF72BD0FE2F29D0660F771F881FBB1FB6
:107C6000261737074807AB07B0E809F0BB0B802D94
:107C7000BF01FF2793585F4F3AF09E3F510578F0C0
:107C80000C943FBC0C948ABC5F3FE4F3983ED4F361
:107C9000869577956795B795F7959F5FC9F7880F94
:107CA000911D9695879597F90895E1E0660F771FE6
:107CB000881FBB1F621773078407BA0720F0621B77
:107CC000730B840BBA0BEE1F88F7E09508950E94A2
:107CD0006FBC88F09F5798F0B92F9927B751B0F033
:107CE000E1F0660F771F881F991F1AF0BA95C9F740
:107CF00014C0B13091F00E9489BCB1E008950C9499
:107D000089BC672F782F8827B85F39F0B93FCCF34B
:107D1000869577956795B395D9F73EF490958095BC
:107D2000709561957F4F8F4F9F4F08950C9445BC80
:107D30000E946FBCD8F3E894E0E0BB279F57F0F0B7
:107D40002AED3FE049EC06C0EE0FBB0F661F771F20
:107D5000881F28F0B23A62077307840728F0B25AE6
:107D6000620B730B840BE3959A9572F7803830F4AD
:107D70009A95BB0F661F771F881FD2F790480C9407
:107D8000B4BFEF93E0FF07C0A2EA2AED3FE049EC61
:107D90005FEB0E949BBD0E9456BC0F90039401FCB8
:107DA0009058E4EEF0E00C94EEBF0E94AEBB08F4F5
:107DB0008FEF0895FA01EE0FFF1F30962105310570
:107DC000A1F16115710561F48038BFE39B0749F1AA
:107DD00068949038810561F08038BFEF9B0741F0CF
:107DE00099234AF5FF3FE1053105210519F1E89492
:107DF0000894E795D901AA2329F4AB2FBE2FF85F89
:107E0000D0F310C0FF5F70F4A695E0F7F73950F09B
:107E100019F0FF3A38F49F779F930DD00F9007FC2D
:107E20009058089546F00C9445BC60E070E080E8FE
:107E30009FE308954FE79F775F934F933F932F936F
:107E40000E944CC02F913F914F915F910E94D2BBF5
:107E50000C9480BF9F930E9498BE0F9007FCEE5F2A
:107E60000C94C1BE19F416F40C9445BC0C94B2BF2A
:107E70000E946FBCB8F39923C9F3B6F39F57550B13
:107E800087FF0E94C0BF0024A0E640EA900180580E
:107E90005695979528F4805C660F771F881F20F011
:107EA00026173707480730F4621B730B840B202911
:107EB00031294A2BA69517940794202531254A2766
:107EC00058F7660F771F881F20F0261737074807D7
:107ED00030F4620B730B840B200D311D411DA095F6
:107EE00081F7B901842F9158880F96958795089549
:107EF00029F416F00C943FBC0C9489BC0C9445BC3E
:107F00000E946FBCA8F39638A0F707F80F92E89488
:107F10002BE33AEA48EB5FE70E94E8BB0F920F922F
:107F20000F924DB75EB70F920E9494C0E2E0F1E06D
:107F30000E94C7BF4F915F91EF91FF91E595EE1FB2
:107F4000FF1F49F0FE57E0684427EE0F441FFA95E3
:107F5000E1F74195550B0E940EC00F9007FE0C945F
:107F600002C008959F3F31F0915020F48795779596
:107F70006795B795880F911D9695879597F9089500
:107F800091505040660F771F881FD2F70895DF93F6
:107F9000CF931F930F93FF92EF92DF927B018C019F
:107FA000689406C0DA2EEF010E94E5BBFE01E8945A
:107FB000A5912591359145915591A6F3EF010E9428
:107FC0009BBDFE019701A801DA9469F7DF90EF905D
:107FD000FF900F911F91CF91DF9108959F938F9301
:107FE0007F936F93FF93EF939B01AC010E94D2BBF1
:107FF000EF91FF910E94C7BF2F913F914F915F91E9
:108000000C94D2BB9B01AC0160E070E080E89FE380
:108010000C94F5BD0C943FBC0C94B2BF0E946FBC95
:10802000D8F39923C9F3940F511DA3F391505040F5
:1080300094F059F0882332F0660F771F881F915013
:108040005040C1F79E3F51052CF7880F911D969522
:10805000879597F908955F3FACF0983E9CF0BB2759
:10806000869577956795B79508F4B1609395C1F7B4
:10807000BB0F58F711F460FFE8CF6F5F7F4F8F4F52
:108080009F4FE3CF0C948ABC16F00C94B2BF0C94B3
:1080900045BC68940C943FBC0E946FBCA8F3992324
:1080A000C1F3AEF3DF93CF931F930F93FF92C92FCA
:1080B000DD2788232AF02197660F771F881FDAF7BC
:1080C00020E030E040E85FEB9FE3883920F0803E1D
:1080D00038F021968F770E9484BDEAE2F1E004C077
:1080E0000E9484BDE7E5F1E00E94C7BF8B01BE019D
:1080F000EC01FB2E6F5771097595771F880B990B53
:108100000E9473BB28E132E741E35FE30E94E5BBD5
:10811000AF2D9801AE01FF900F911F91CF91DF918C
:108120000E949BBD0C9456BCFA01DC01AA0FBB1F38
:108130009B01AC01BF5728F42227332744275078EE
:1081400020C0B75190F4AB2F002446953795279562
:10815000011CA395D2F3002071F0220F331F441F9E
:10816000B395DAF30ED00C9483BD61307105A0E8AD
:108170008A07B94630F49B01AC0166277727882728
:108180009078309621F02083318342835383089581
:108190000F931F93CF93DF938230910510F482E009
:1081A00090E0E0919C17F0919D1730E020E0B0E066
:1081B000A0E0309799F42115310509F44AC0281B35
:1081C000390B24303105D8F58A819B816115710501
:1081D00089F1FB0193838283FE0111C040815181AB
:1081E0000281138148175907E0F04817590799F49D
:1081F000109761F012960C93129713961C93329677
:10820000CF01DF91CF911F910F91089500939C179B
:1082100010939D17F4CF2115310551F042175307E4
:1082200038F0A901DB019A01BD01DF01F801C1CFDE
:10823000EF01F9CF90939D1780939C17CDCFFE014E
:10824000E20FF31F819391932250310939832883E0
:10825000D7CF20919A1730919B17232B41F420916F
:10826000E8023091E90230939B1720939A172091EE
:10827000E6023091E7022115310541F42DB73EB7F2
:108280004091EA025091EB02241B350BE0919A17C2
:10829000F0919B17E217F307A0F42E1B3F0B281752
:1082A000390778F0AC014E5F5F4F2417350748F06F
:1082B0004E0F5F1F50939B1740939A178193919392
:1082C0009FCFF0E0E0E09CCFCF93DF930097E9F001
:1082D000FC01329713821282A0919C17B0919D17D6
:1082E000ED0130E020E01097A1F420813181820F70
:1082F000931F20919A1730919B172817390709F07F
:1083000061C0F0939B17E0939A17DF91CF91089586
:10831000EA01CE17DF07E8F54A815B819E0141152E
:108320005105B1F7E901FB83EA8349915991C40FE3
:10833000D51FEC17FD0761F4808191810296840FAF
:10834000951FE90199838883828193819B838A8326
:10835000F0E0E0E012968D919C9113970097B9F5AB
:108360002D913C911197CD010296820F931F209180
:108370009A1730919B172817390739F6309751F51E
:1083800010929D1710929C17B0939B17A0939A1769
:10839000BCCFD383C28340815181840F951FC817FE
:1083A000D90761F44E5F5F4F88819981480F591F4B
:1083B000518340838A819B81938382832115310578
:1083C00009F0B0CFF0939D17E0939C179ECFFD016D
:1083D000DC01C0CF13821282D7CF4F925F926F928F
:1083E0007F928F929F92AF92BF92CF92DF92EF9245
:1083F000FF920F931F93CF93DF938C01009799F413
:10840000CB01DF91CF911F910F91FF90EF90DF9003
:10841000CF90BF90AF909F908F907F906F905F9024
:108420004F900C94C8C0FC01E60FF71F9C0122502E
:108430003109E217F30708F4AEC0D901CD91DC9100
:108440001197C617D70720F1C530D10578F0CE01B6
:1084500004978617970750F0C61BD70B2297C19336
:10846000D1936D937C93CF010E9464C1C801DF91C9
:10847000CF911F910F91FF90EF90DF90CF90BF9021
:10848000AF909F908F907F906F905F904F900895E6
:108490005B01AC1ABD0A4C018C0E9D1EA0919C176D
:1084A000B0919D17512C412CF12CE12C109731F5F6
:1084B00080919A1790919B178815990509F05CC0D7
:1084C0004616570608F058C08091E6029091E702E0
:1084D000009741F48DB79EB74091EA025091EB02AC
:1084E000841B950BE817F90708F055C0F0939B170C
:1084F000E0939A17F90171836083B8CF8D919C91B5
:10850000119712966C90129713967C901397A8155A
:10851000B90559F56C0142E0C40ED11CCA14DB0444
:1085200020F1AC014A195B09DA011296159780F027
:108530006282738251834083D9016D937C93E114ED
:10854000F10471F0D7011396FC93EE9312978ECF3E
:1085500022968C0F9D1FF90191838083F301EFCF49
:10856000F0939D17E0939C1781CF4816590608F4A5
:108570002C017D01D3019ACFCB010E94C8C07C01A0
:10858000009749F0AE01B8010E94CEC2C8010E9416
:1085900064C187016BCF10E000E068CFFB01DC0114
:1085A00002C001900D9241505040D8F70895DC016F
:1085B00001C06D9341505040E0F70895FB01DC018C
:1085C00001900D920020E1F7089518E0C4E8D8E08A
:1085D00000E006C0802FFE010E944DBD2196011DC6
:0E85E000C538D10780E00807A9F7F894FFCF4F
:1085EE000101012806090104000000000005000039
:1085FE0032000000006402642302006401010101E4
:10860E0001640104010100000000000002020202E8
:10861E00020000000000020202020200000202003C
:10862E000000000004010000000000000101321CE7
:10863E0000000101000000000101040432000000EE
:10864E00000000000000000C0202320000000001D9
:10865E00320C020232000000000D00020232000055
:10866E0000000102000170178813A00FB80BD0078D
:10867E00F4010101010101012C012C0101011E96E1
:10868E0000011E0805FF01040000000000000000AC
:10869E000500000000010000003232320000000030
:1086AE0000000000000000000000000001001005A6
:1086BE00FEC8FEC8FEC8646432010101010107272D
:1086CE00240F0100000000009E1780000001010031
:1086DE00010000010100000100010100010203047C
:1086EE00050101010101FE010204081020400000F5
:1086FE000000008509B808FE08D2092F090D0921CE
:10870E0009000000000A45DD443945B344D644C390
:10871E0044B4440D0A004552524F523A205354412C
:10872E004C45205041434B4554004552524F523A0E
:10873E00205041594C4F41445F4552524F520045D3
:10874E0052524F523A204352435F4552524F5200BB
:10875E004552524F523A2053544F505F425954454E
:10876E005F4552524F52004552524F523A20556E6B
:10877E00646566696E6564207374617465200000BB
:00000001FF
