:100000000C9406070C9437070C9437070C943707A9
:100010000C9437070C9437070C9437070C94370768
:100020000C9437070C9437070C9437070C94370758
:100030000C9437070C9437070C9437070C94370748
:100040000C9437070C9437070C9437070C94370738
:100050000C9437070C9437070C9437070C945A9973
:100060000C9437070C94889B0C945E9B0C94370778
:100070000C9437070C9437070C9437070C94370708
:100080000C9437070C9437070C9437070C943707F8
:100090000C94349B0C940A9B0C9437070C9425A267
:1000A0000C9437070C9437070C9437070C943707D8
:1000B0000C9437070C9437070C9437070C943707C8
:1000C0000C9437070C9437070C9437070C943707B8
:1000D0000C9437070C9437070C94E09A0C94B69A5A
:1000E0000C94370705A84CCDB2D44EB93836A902C6
:1000F0000C50B9918688083CA6AAAA2ABE00000026
:10010000803F07634236B79BD8A71A39685618AEA6
:10011000BAAB558C1D3CB7CC5763BD6DEDFD753E3C
:10012000F6177231BF000000803F08000000BE9249
:100130002449123EABAAAA2ABECDCCCC4C3E00002C
:100140000080BEABAAAAAA3E00000000BF000000CB
:10015000803F0000000000084178D3BB4387D113E3
:100160003D190E3CC3BD4282AD2B3E68EC8276BE8B
:10017000D98FE1A93E4C80EFFFBE01C4FF7F3F0055
:10018000000000000C94597C0C94470C0C94E40A79
:100190000C94A89C0C94165D0C9469540C941C58F7
:1001A0000C9494540C94BB0B0C947F8B0C94649C17
:1001B0000C94BB500C9446540C946E580C944558B7
:1001C0000C94CC3F0C94447D0C94E75A0C94C0588A
:1001D0000C9450870C94D3860C94000B0C94DF5E27
:1001E0000C94CF3F0C94C6540C94E2860C948B86EE
:1001F0000C94713F0C94B5690C9492690C94DB5B80
:100200000C94FA600C94B6560C94F97C0C94946996
:100210000C94B8A70C94D3590C94C45C0C94E79D2F
:100220000C94F05D0C942B600C94B30C0C94F49E25
:100230000C9438860C9417600C94357C0C94795A85
:100240000C94375A0C94D59E0C9427600C948A8B8E
:100250000C94859C0C943C860C94E8960C940E8C23
:100260000C94D97C0C94508B0C949B9C0C94215A2C
:100270000C944A8B0C94F6560C9469220C94178CAF
:100280000C946B590C94525D0C94C5160C94405907
:100290000C94189D0C9434980C94985C0C943D7CB0
:1002A0000C94EC690C9472180C94397C0C94377C87
:1002B0000C942E980C94C1500C94CC500C94405C2F
:1002C0000C9448570C94BF690C946B5B0C94B80A5F
:1002D0000C9462860C945D3C0C94CE090C942B8695
:1002E0000C94B0960C941F600C94EC580C94A2578C
:1002F0000C94507C0C94F7960C94830B0C94689897
:100300000C943E8B0C94DE960C9423860C942A5C01
:100310000C948E5E0C94785E0C9497960C94815994
:100320000C948D860C94427C0C94D0090C94687CBF
:100330000C94447C0C94BC9C0C949C980C94635A34
:100340000C94345D0C942E620C949FA60C94625510
:100350000C9401590C94F38B0C94B0090C94048701
:100360000C9401970C9469180C9402610C940B98EE
:100370000C947E650C941E8C0C9414580C94BB5AEF
:100380000C94AF0D0C94B6230C94D15A0C94EB54EE
:100390000C9415970C94AA9C0C9446860C940F0C04
:1003A0000C94EC550C94BA9E0C94D38B0C94C350C3
:1003B0000C94BD550C941A610C94815B0C94C7503D
:1003C0000C94748B0C94958B0C94C23F0C946C5CC5
:1003D0000C9475570C941D9E0C94058C0C947965A7
:1003E0000C940A540C94D4960C94C0170C947089F5
:1003F0000C94F49C0C94FD5A0C94125C0C94F686AC
:100400000C948A540C94F75F0C94CA960C943F7D1C
:100410000C94B0230C949F0B0C94667C0C94295B79
:100420000C94AB4C0C940F5A0C9458560C94258C8D
:100430000C94CB0D0C9458860C94A55A0C940C5823
:100440000C9480540C9446890C9414180C94A44277
:100450000C944E7C0C94D3510C94417D0C945B54C1
:100460000C9490690C94C79F0C944A9E0C94C86994
:100470000C947E7B0C94448B0C9404580C94CC8983
:100480000C941D860C94EA160C94469F0C94337CB5
:100490000C945D860C9427860C94CA5D0C94E70D31
:1004A0000C94489C0C94CB560C940E610C944D5AB1
:1004B0000C94BD5B0C943B7C0C94825C0C94E158D6
:1004C0000C941B570C941F970C9464110C94CA093C
:1004D0000C94609D0C94739C0C948F960C943286B3
:1004E0000C94537C0C94AD540C9454980C949D87AC
:1004F0000C94230D0C940B970C948C860C945E86B4
:100500000C94070D0C94F2230C943F5B0C94441153
:100510000C94A18B0C94099D0C94AF9C0C94135BD0
:100520000C9414610C94C8560C943B550C94770DA4
:100530000C9466110C9424980C94F55E0C94A99D6F
:100540000C94407C0C94D1690C942B590C94930D11
:100550000C94B3230C94555B0C94DA5C0C943C5EC5
:100560000C94F85C0C94608B0C94D08B0C94817B75
:100570000C943F0D0C944C650C94FC570C94F15961
:100580000C94CC090C94A1550C94C5500C94AD8BD3
:100590000C944A860C94BE230C944D9C0C94B70981
:1005A0000C94E84F0C948C170C94899D0C94236048
:1005B0000C945B0D0C94A6960C94BA5E0C94871662
:1005C0000C94EF8B0C94670B0C945A8B0C94947CCA
:1005D0000C9460110C94CF0C0C94DD9C0C94E3549F
:1005E0000C948E690C94B77C0C94A45D0C94557C8F
:1005F0000C947D0C0C9410540C941B600C94478943
:100600000C9454860C94940A0C94F30B0C94A92328
:100610000C945E110C9434620C947E5D0C946A7C94
:100620000C94EE540C944B0B0C94A45E0C94EB8B3A
:100630000C94D2090C94685D0C94CF570C94625EB4
:100640000C9450860C94DF540C949D890C94969CC9
:100650000C94D70B0C94C99C0C94970C0C9469893E
:100660000C94CF550C94F95B0C949C960C945559B2
:100670000C94EA170C949F5B0C9497580C94539F1E
:100680000C94C5560C94E7540C9457180C948F5A3C
:100690000C942B0C0C94AF160C94B5590C94299710
:1006A0000C9431540C9456890C94F47C0C942F0BBC
:1006B0000C94087D0C9462110C9440180C94577C97
:1006C0000C9415170C9447650C9497590C94165973
:1006D0000C94BE9C0C94949C0C9453170C94AE5C9C
:1006E0000C94EB0C0C94703C0C94C2960C944286C7
:1006F0000C94165E0C94BA960C944B110C94565CA8
:100700000C942F860C9411600C94613C0C947969C4
:100710000C940861000000000000000000000000D0
:1007200001010101010101010202020202020303AF
:100730000303040404040505050506060607070768
:100740000808080909090A0A0B0B0B0C0C0D0D0E01
:100750000E0F0F1010111112121313141415151679
:1007600017171818191A1A1B1C1C1D1E1E1F2020D3
:1007700021222323242526262728292A2A2B2C2D0B
:100780002E2F2F30313233343536373838393A3B23
:100790003C3D3E3F4041424344454647494A4B4C1D
:1007A0004D4E4F5051525455565758595B5C5D5EF3
:1007B0005F61626364666768696B6C6D6F707173AB
:1007C00074757778797B7C7E7F8082838586888943
:1007D0008B8C8E8F9192949597989A9B9D9EA0A2B8
:1007E000A3A5A6A8AAABADAFB0B2B4B5B7B9BABC11
:1007F000BEC0C1C3C5C7C8CACCCECFD1D3D5D7D947
:10080000DADCDEE0E2E4E6E8E9EBEDEFF1F3F5F760
:10081000F9FBFDFF47657474696E672057616E646C
:1008200020507265666572656E636573004461741D
:100830006120746F205061636B3A200053617669C8
:100840006E672057616E6420507265666572656ED2
:10085000636573005061636B2053796E6320456E4E
:1008600064005061636B2053796E6320537461722E
:100870007400526563762E2053796E63205061793F
:100880006C6F616400526563762E20536D6F6B65EB
:1008900020436F6E66696700526563762E2057614C
:1008A0006E6420436F6E66696700526563762E2022
:1008B0004D6573736167653A2000526563762E203B
:1008C000436F6D6D616E643A200000191830011A93
:1008D000172F021B162E031C152D041D142C051E8C
:1008E000132B061F122A072011290821102809227C
:1008F0000F270A230E260B240D25000102030405F1
:10090000060708090A0B0C0D0E0F1011121314150F
:10091000161718191A1B1C1D1E1F202122233130E7
:100920002F2E2D2C2B2A292827260000000000001E
:1009300000000000000000000000000000000000B7
:100940000000010101010101010101010101020297
:100950000202020202020303030303030404040469
:100960000505050505060606060707070808080920
:1009700009090A0A0A0B0B0B0C0C0D0D0D0E0E0FBC
:100980000F10101111121213131414151516161737
:10099000181819191A1B1B1C1D1D1E1F1F20212290
:1009A0002223242526262728292A2A2B2C2D2E2FC0
:1009B000303132333435363738393A3B3C3D3E3FBF
:1009C0004041424445464748494B4C4D4E50515298
:1009D00054555658595A5C5D5E6061636466676938
:1009E0006A6C6D6F7072737577787A7C7D7F8182A7
:1009F000848688898B8D8F91929496989A9C9EA0DC
:100A0000A2A4A6A8AAACAEB0B2B4B6B8BABCBFC1D4
:100A1000C3C5C7CACCCED1D3D5D7DADCDFE1E3E694
:100A2000E8EBEDF0F2F5F7FAFCFF5761726E696ED4
:100A3000673A2043616C63756C61746564206D7501
:100A400073696320636F756E742065786365656490
:100A500073206D6178696D756D20706F7373696255
:100A60006C653B205344206361726420636F727233
:100A7000757074696F6E206C696B656C79210057B5
:100A800061726E696E673A20547261636B20636FA6
:100A9000756E7420646F6573206E6F74206D617461
:100AA0006368206669726D776172652120506C659C
:100AB0006173652075706461746520746865206D6C
:100AC0006963726F5344206361726420736F756E43
:100AD0006420656666656374732E005761726E6983
:100AE0006E673A2043616C63756C61746564206D58
:100AF0007573696320636F756E74206578636565CF
:100B00006473206D6178696D756D20706F737369A2
:100B1000626C653B205344206361726420636F7292
:100B200072757074696F6E206C696B656C792100E9
:100B30005761726E696E673A20547261636B20630D
:100B40006F756E7420646F6573206E6F74206D61B5
:100B5000746368206669726D776172652120506CDC
:100B600065617365207570646174652074686520C3
:100B70006D6963726F5344206361726420736F7593
:100B80006E6420656666656374732E004E6F204147
:100B90007564696F20446576696365005761726E9C
:100BA000696E673A205253505F53595354454D5F15
:100BB000494E464F206E6F74207265636569766595
:100BC0006421005573696E6720574156205472693D
:100BD00067676572005573696E672047505374618B
:100BE0007220417564696F2056657273696F6E3A41
:100BF00020004505152535443424140443332313BC
:100C000003021222324241312111010010203040F2
:100C100040302010000111213141423222120203E2
:100C2000132333430414243444352515054537383C
:100C3000393A3B3B3A393837001020300111213125
:100C400002122232031323330414243405152535EC
:100C500006162636362616063525150534241404C0
:100C600033231303322212023121110130201000EC
:100C700000050B11171D00040B10161B00000000CF
:100C80006410B71DC8206E3BAC30D9269041DC768D
:100C9000F4516B6B5861B24D3C7105502083B8ED37
:100CA00044930FF0E8A3D6D68CB361CBB0C2649B5B
:100CB000D4D2D38678E20AA01CF2BDBD0000210088
:100CC000240027002A002D0030003300010100001D
:100CD000040107010A01000020002300260029006A
:100CE0002C002F0032000001000003010601090161
:100CF00000000A0B02090C0D0E0807030401000096
:100D000000000000000000000000000000000000E3
:100D100000000000000000000000000012111000A0
:100D200000000000000000000000000000000000C3
:100D30000000000000004552524F523A204E6F20F2
:100D400063616C6C6261636B20617661696C616286
:100D50006C6520666F72207061636B657420494416
:100D600020000102102020080810204010204080A0
:100D7000020102010804020101020408102040805F
:100D800080402010080402018004020180402010ED
:100D90000804020108040201010204081020408036
:100DA00001020408102040800000220025002800D5
:100DB0002B002E0031003400020100000501080163
:100DC0000B010505050507050808080802020202CF
:100DD0000A0A0808040404040101010101010101D7
:100DE0000303030303030303040707070C0C0C0CA2
:100DF0000C0C0C0C0202020206060606060606068B
:100E00000B0B0B0B0B0B0B0BB8A79FA611241FBED4
:100E1000CFEFD1E2DEBFCDBF00E00CBF13E0A0E01A
:100E2000B2E0E8EEFDE601E00BBF02C007900D92D4
:100E3000AE33B107D9F72CE0AEE3B3E001C01D92A9
:100E4000A339B207E1F717E0C5E0D7E000E006C03C
:100E500021970109802FFE010E944AB1C430D107B9
:100E600080E00807A9F70E9453AB0C94E2B60C94FB
:100E70000000EF92FF920F931F93CF93DF93D82F31
:100E8000C62F60915002653011F0623071F44FEF5F
:100E90008C2F0E94477DD093BB03DF91CF911F9190
:100EA0000F91FF90EF900C941F8E603309F082C079
:100EB000823009F453C018F510E000E0813009F4E5
:100EC00039C00AEC18E086EDE82E88E0F82E4FEFE6
:100ED000609150028C2F0E94477DF801249120934D
:100EE000BB030E941F8E0F5F1F4FE016F10679F7BC
:100EF000DF91CF911F910F91FF90EF900895833074
:100F000009F442C010E000E08430D9F64FEF609160
:100F100050028C2F0E94477DF801E251F74FE49177
:100F2000E093BB030E941F8E0F5F1F4F0C30110513
:100F300069F7DECF4FEF609150028C2F0E94477D02
:100F4000F801EA52F74FE491E093BB030E941F8E31
:100F50000F5F1F4F0830110569F7CACF10E000E09E
:100F60004FEF609150028C2F0E94477DF801E252B2
:100F7000F74FE491E093BB030E941F8E0F5F1F4F5A
:100F80000830110569F7B4CF10E000E04FEF609131
:100F900050028C2F0E94477DF801EA51F74FE491EF
:100FA000E093BB030E941F8E0F5F1F4F0830110597
:100FB00069F79ECF623309F09BCF823009F449C0B4
:100FC000C8F410E000E0813081F10AEF18E04FEF43
:100FD000609150028C2F0E94477DF801249120934C
:100FE000BB030E941F8E0F5F1F4FF9E006301F07E3
:100FF00071F77ECF833009F442C010E000E0843006
:1010000021F74FEF609150028C2F0E94477DF8012D
:10101000E25EF64FE491E093BB030E941F8E0F5FE8
:101020001F4F0C30110569F763CF4FEF60915002ED
:101030008C2F0E94477DF801EA5FF64FE491E09320
:10104000BB030E941F8E0F5F1F4F0830110569F709
:101050004FCF10E000E04FEF609150028C2F0E94C4
:10106000477DF801E25FF64FE491E093BB030E94F5
:101070001F8E0F5F1F4F0830110569F739CF10E041
:1010800000E04FEF609150028C2F0E94477DF801E5
:10109000EA5EF64FE491E093BB030E941F8E0F5F60
:1010A0001F4F0830110569F723CFEF920F931F935D
:1010B00090910602981771F1943060F58430E1F454
:1010C0008FE00E94FC280E94DF6A8250EE24E394A5
:1010D00010E000E020E040917B0661E08230B8F053
:1010E0008AE691E00E94E16F44E650E060E070E043
:1010F0008DEC97E00E94E1A1809106028F5F8093C2
:1011000006028EE01F910F91EF900C94FC288CE367
:1011100090E0E8CF1F910F91EF9008951F93CF9328
:10112000DF9380915002803349F0823339F0C091CF
:101130004F02C150823019F4C0E001C0C4E2809176
:101140007003811105C080917103882309F4E8C000
:101150008FEA97E00E94B1A1882309F480C1109121
:101160000102112309F47BC10E94DF6A853041F43A
:101170008091770A811104C080914903DEE08111DA
:10118000DCE060915002603309F462C0623359F0D0
:10119000623009F096C0412F62E08D2F0E94477D9A
:1011A000C093BB0383C0412F62E38D2F0E94477D14
:1011B000C093BB030E941F8E4091010260915002B8
:1011C0008D2F0E94477D2FEF2C0F2093BB030E9491
:1011D0001F8E40910102609150028D2F0E94477D29
:1011E0002EEF2C0F2093BB030E941F8E4091010213
:1011F000609150028D2F0E94477D2DEF2C0F209380
:10120000BB030E941F8E40910102609150028D2FFE
:101210000E94477D21E02C0F2093BB030E941F8E6C
:1012200040910102609150028D2F0E94477DCE5F58
:10123000C093BB030E941F8E8091010290914103D5
:10124000911144C0803509F044C00E947E7D41C0A8
:10125000412F60E38D2F0E94477DC093BB030E9406
:101260001F8E40910102609150028D2F0E94477D98
:1012700029EE2C0F2093BB030E941F8E4091010288
:10128000609150028D2F0E94477D28EE2C0F2093F5
:10129000BB030E941F8E40910102609150028D2F6E
:1012A0000E94477D27EE2C0F2093BB030E941F8EC8
:1012B00040910102609150028D2F0E94477DCF5FC7
:1012C000B7CF412F8D2F0E94477DB2CF8C3309F4C9
:1012D000BCCF809101029BEF980F90930102865042
:1012E000883C50F080914103109240039BE490931E
:1012F00001028F5F8093410380914103833058F452
:1013000045E050E060E070E08FEA97E0DF91CF9138
:101310001F910C94E1A1DF91CF911F910C94C67D98
:101320008FEA97E00E94B1A1882309F493C010913D
:101330000102112309F48EC0E091770AE150D1E057
:10134000E730B0F4F0E08827E755F64F8F4F0C9464
:101350004AB1D209B009B709CA09CC09CE09D009E6
:101360000E94DF6AD4E0833019F0DFE001C0DDE0E5
:1013700060915002603309F476C06233A9F06230A4
:1013800009F0AAC0412F62E08D2F0E94477DC093D3
:10139000BB0397C0DBE1ECCFD9E1EACFD8E1E8CFDE
:1013A000DCE1E6CFD6E1E4CF412F62E38D2F0E944E
:1013B000477DC093BB030E941F8E40910102609144
:1013C00050028D2F0E94477D2FEF2C0F2093BB03DF
:1013D0000E941F8E40910102609150028D2F0E9449
:1013E000477D2EEF2C0F2093BB030E941F8E409150
:1013F0000102609150028D2F0E94477D2DEF2C0F2E
:101400002093BB030E941F8E409101026091500205
:101410008D2F0E94477D21E02C0F2093BB030E945B
:101420001F8E40910102609150028D2F0E94477DD6
:10143000CE5FC093BB030E941F8E8091010281503A
:101440008093010245E050E060E070E08FEA97E0B1
:101450000E94E1A180910102882309F45CCFDF9111
:10146000CF911F910895412F60E38D2F0E94477DFA
:10147000C093BB030E941F8E4091010260915002F5
:101480008D2F0E94477D29EE2C0F2093BB030E94D5
:101490001F8E40910102609150028D2F0E94477D66
:1014A00028EE2C0F2093BB030E941F8E4091010257
:1014B000609150028D2F0E94477D27EE2C0F2093C4
:1014C000BB030E941F8E40910102609150028D2F3C
:1014D0000E94477DCF5FADCF412F8D2F0E94477D6A
:1014E000A8CF80919C038C3109F4EDC18E3109F0B5
:1014F0007FC3E0915003EF3008F010C4F0E088277C
:10150000EB57F54F8F4F0C944AB1940AB80AE40A8E
:10151000000B2F0B4B0B670B830B9F0BBB0BD70BDE
:10152000F30B0F0C2B0C470C8EE00E948B630E9478
:1015300056928FE00E948B630E94569280915003D6
:101540008F5F8093500380914F0381110AC08DE01B
:101550000E948B630E94389280E10E948B630E94FC
:10156000389281E080934F030E94A8950C94F881F3
:101570008DE00E948B630E94569280E10E948B63F3
:101580000E94569280914F03882371F08EE00E9452
:101590008B630E9438928FE00E948B630E94389286
:1015A000809150038F5F0DC08CE00E948B630E947E
:1015B000389281E10E948B630E943892809150039F
:1015C000815080935003D0CF8CE00E948B630E94A7
:1015D000569281E10E948B630E94569280914F0344
:1015E000882339F08DE00E948B630E94389280E15D
:1015F000D3CF8BE00E948B630E94389282E1DACFD6
:101600008BE00E948B630E94569282E10E948B6362
:101610000E94569280914F03882371F08CE00E94C3
:101620008B630E94389281E10E948B630E94389202
:10163000809150038F5F0DC08AE00E948B630E94EF
:10164000389283E10E948B630E943892809150030C
:101650008150809350030E94A8950C947E7D8AE06F
:101660000E948B630E94569283E10E948B630E94CA
:10167000569280914F03882339F08BE00E948B6350
:101680000E94389282E1D0CF89E00E948B630E9451
:10169000389284E1D7CF89E00E948B630E945692F2
:1016A00084E10E948B630E94569280914F038823AD
:1016B00039F08AE00E948B630E94389283E16CCFFC
:1016C00088E00E948B630E94389285E173CF88E0A6
:1016D0000E948B630E94569285E10E948B630E9458
:1016E000569280914F03882339F089E00E948B63E2
:1016F0000E94389284E150CF87E00E948B630E9461
:10170000389286E157CF87E00E948B630E94569201
:1017100086E10E948B630E94569280914F0388233A
:1017200039F088E00E948B630E94389285E17CCF7B
:1017300086E00E948B630E94389287E183CF86E027
:101740000E948B630E94569287E10E948B630E94E5
:10175000569280914F03882339F087E00E948B6373
:101760000E94389286E160CF85E00E948B630E94E0
:10177000389288E167CF85E00E948B630E94569281
:1017800088E10E948B630E94569280914F038823C8
:1017900039F086E00E948B630E94389287E1FCCE8C
:1017A00084E00E948B630E94389289E103CF84E039
:1017B0000E948B630E94569289E10E948B630E9473
:1017C000569280914F03882339F085E00E948B6305
:1017D0000E94389288E1E0CE83E00E948B630E94F1
:1017E00038928AE1E7CE83E00E948B630E94569292
:1017F0008AE10E948B630E94569280914F03882356
:1018000039F084E00E948B630E94389289E10CCF0A
:1018100082E00E948B630E9438928BE113CF82E0BA
:101820000E948B630E9456928BE10E948B630E9400
:10183000569280914F03882339F083E00E948B6396
:101840000E9438928AE1F0CE81E00E948B630E9470
:1018500038928CE1F7CE81E00E948B630E94569211
:101860008CE10E948B630E94569280914F038823E3
:1018700039F082E00E948B630E9438928BE18CCE1B
:1018800080E00E948B630E9438928DE193CE80E0CD
:101890000E948B630E9456928DE10E948B630E948E
:1018A000569281E00E948B630E9438928CE10E94E4
:1018B0008B630E9438928091500381508093500333
:1018C00010924F0351CEE0915003EE3008F026C243
:1018D000F0E08827E159F34F8F4F0C944AB17D0C0B
:1018E000970CB30CCF0CEB0C070D230D3F0D5B0DCC
:1018F000770D930DAF0DCB0DE70D8DE00E948B633F
:101900000E9456928EE00E948B630E9456928091B4
:1019100050038F5F8093500380914F03811121CE3C
:101920008CE00E948B630E9438928FE016CE8CE090
:101930000E948B630E9456928FE00E948B630E94EC
:10194000569280914F03882339F08DE00E948B637B
:101950000E9438928EE020CE8BE00E948B630E9422
:10196000389280E127CE8BE00E948B630E945692D2
:1019700080E10E948B630E94569280914F038823DE
:1019800039F08CE00E948B630E9438928FE04CCE3D
:101990008AE00E948B630E94389281E153CE8AE0F4
:1019A0000E948B630E94569281E10E948B630E9489
:1019B000569280914F03882339F08BE00E948B630D
:1019C0000E94389280E130CE89E00E948B630E94B1
:1019D000389282E137CE89E00E948B630E94569252
:1019E00082E10E948B630E94569280914F0388236C
:1019F00039F08AE00E948B630E94389281E1CCCD5D
:101A000088E00E948B630E94389283E1D3CD88E006
:101A10000E948B630E94569283E10E948B630E9416
:101A2000569280914F03882339F089E00E948B639E
:101A30000E94389282E1B0CD87E00E948B630E94C1
:101A4000389284E1B7CD87E00E948B630E94569262
:101A500084E10E948B630E94569280914F038823F9
:101A600039F088E00E948B630E94389283E1DCCDDC
:101A700086E00E948B630E94389285E1E3CD86E088
:101A80000E948B630E94569285E10E948B630E94A4
:101A9000569280914F03882339F087E00E948B6330
:101AA0000E94389284E1C0CD85E00E948B630E9441
:101AB000389286E1C7CD85E00E948B630E945692E2
:101AC00086E10E948B630E94569280914F03882387
:101AD00039F086E00E948B630E94389285E15CCDEC
:101AE00084E00E948B630E94389287E163CD84E09A
:101AF0000E948B630E94569287E10E948B630E9432
:101B0000569280914F03882339F085E00E948B63C1
:101B10000E94389286E140CD83E00E948B630E9450
:101B2000389288E147CD83E00E948B630E945692F1
:101B300088E10E948B630E94569280914F03882314
:101B400039F084E00E948B630E94389287E16CCD6B
:101B500082E00E948B630E94389289E173CD82E01B
:101B60000E948B630E94569289E10E948B630E94BF
:101B7000569280914F03882339F083E00E948B6353
:101B80000E94389288E150CD81E00E948B630E94D0
:101B900038928AE157CD81E00E948B630E94569271
:101BA0008AE10E948B630E94569280914F038823A2
:101BB00039F082E00E948B630E94389289E1ECCC7C
:101BC00080E00E948B630E9438928BE1F3CC80E02E
:101BD0000E948B630E9456928BE10E948B630E944D
:101BE000569281E00E948B630E9438928AE15FCE18
:101BF00080915203833009F454C028F4813049F0B5
:101C0000823059F10895843041F1853009F466C07D
:101C1000089580E00E948B6360E00E941A9481E046
:101C20000E948B6361E00E941A9482E00E948B63A1
:101C300061E00E941A9483E00E948B6361E00E943D
:101C40001A9484E00E948B6360E00E941A94809151
:101C500052038F5F8093520389CC80E00E948B6394
:101C600061E00E941A9481E00E948B6360E00E9410
:101C70001A9482E00E948B6361E00E941A9483E0D0
:101C80000E948B6360E00E941A9484E00E948B6340
:101C900061E00E941A94809152038F5F80935203F7
:101CA000DCCC80E00E948B6361E00E941A9481E0AA
:101CB0000E948B6361E00E941A9482E00E948B6311
:101CC00060E00E941A9483E00E948B6361E00E94AE
:101CD0001A9484E00E948B6361E0B7CF80E00E9499
:101CE0008B6360E00E941A9481E00E948B6361E044
:101CF0000E941A9482E00E948B6361E00E941A9411
:101D000083E00E948B6361E00E941A9484E00E9449
:101D10008B6360E00E941A9481E09CCF0895EF925B
:101D20000F931F930E94FD7F82E090E090939B03AE
:101D300080939A0387E090E09093990380939803AF
:101D400080917003811141C040E456E060E070E092
:101D50008DEC97E00E94E1A140E951E060E070E085
:101D600083EC97E00E94E1A140E951E060E070E07F
:101D70008DE297E00E94E1A180915102882331F029
:101D800089EB0E94FC2888EB0E94FC28E12C10E0E3
:101D900000E020E040917B0660E083E490E00E9458
:101DA000E16F20E040917B0660E08FE390E00E94CD
:101DB000E16F20E040917B0660E084E490E00E94C7
:101DC000E16F1F910F91EF9008951F910F91EF9088
:101DD0000C94F26EEF920F931F939091740A8823E4
:101DE00009F456C0913009F48EC08091750A8111B2
:101DF0008AC081E08093750A10920D0710920E0739
:101E00002091980330919903232B09F07CC02091F5
:101E10009A0330919B03232B09F075C0923009F08F
:101E200072C09091440980913F0998136CC09091C1
:101E3000FF088091FA08981366C0809151028823A8
:101E400031F08CEB0E94FC288BEB0E94FC288BEF7E
:101E500090E00E94E66E8CEF90E00E94E66EEE2429
:101E6000E39410E000E020E040917B0660E08CEF1E
:101E700090E00E94E16F80919C038D7F8C3119F47A
:101E800080E00E9402631F910F91EF900C94F06923
:101E9000913021F08091750A8130A9F51092750A70
:101EA000923089F59091440980913F09981324C09C
:101EB0009091FF088091FA0898131EC080915102FA
:101EC000882331F08AEB0E94FC288DEB0E94FC28CD
:101ED0008BEF90E00E94E66E8CEF90E00E94E66E41
:101EE000EE24E39410E000E020E040917B0660E007
:101EF0008BEF90E00E94E16F0E94536A1F910F9157
:101F0000EF900C94A27D1F910F91EF900895CF93C5
:101F1000C0E06091500280914F02C81750F44FEF1B
:101F20008CE10E94477DC093BB030E941F8ECF5F50
:101F3000F0CF603359F44FEF8CE10E94477D209140
:101F40004F022093BB03CF910C941F8E623399F301
:101F5000CF91089580916103909162038130910542
:101F600029F10297D1F481E090E09093540280939C
:101F7000530280915D0390915E0381309105D9F009
:101F8000029721F08091740A8230A9F481E090E0F8
:101F900090936E0380936D0312C08091740A823017
:101FA00011F30E94A06A82508230E8F61092540227
:101FB00010925302DECF10926E0310926D030C94B8
:101FC0005B63EF920F931F93EE24E39410E000E025
:101FD00020E040917B0660E084E490E00E94E16FA5
:101FE00010926B0310926A030E94536A80919D03C2
:101FF00081111092750A85E080935702109299031F
:10200000109298030E94A27D0E94537D0E947E7DC3
:102010000E94AA0F0E9412296091790A70E089E05B
:102020000E94B0288FEA0E94FC2880EB1F910F913C
:10203000EF900C94FC281F93CF93DF938091500274
:10204000803349F0823339F0C0914F02C150823061
:1020500019F4C0E001C0C4E2809140039091700384
:10206000911105C090917103992309F4EAC09091F0
:102070004103911107C0853638F0DF91CF911F9150
:102080000C948E088C34C8F78FEA97E00E94B1A1B7
:10209000882341F09091410380914003911106C043
:1020A000853630F0DF91CF911F9108958C34D0F7B1
:1020B0000E94DF6A853041F48091770A811104C063
:1020C00080914903DEE08111DCE0609150026033D1
:1020D00009F464C0623361F0623009F099C0409144
:1020E000400362E08D2F0E94477DC093BB0385C0F3
:1020F0004091400362E38D2F0E94477DC093BB0354
:102100000E941F8E40914003609150028D2F0E94CB
:10211000477D2FEF2C0F2093BB030E941F8E409111
:102120004003609150028D2F0E94477D2EEF2C0FAF
:102130002093BB030E941F8E409140036091500288
:102140008D2F0E94477D2DEF2C0F2093BB030E9403
:102150001F8E40914003609150028D2F0E94477D59
:1021600021E02C0F2093BB030E941F8E409140035F
:10217000609150028D2F0E94477DCE5FC093BB03BC
:102180000E941F8E8091400390914103911146C09F
:10219000803509F046C00E94F88143C04091400359
:1021A00060E38D2F0E94477DC093BB030E941F8E6A
:1021B00040914003609150028D2F0E94477D29EE8F
:1021C0002C0F2093BB030E941F8E4091400360910F
:1021D00050028D2F0E94477D28EE2C0F2093BB03C9
:1021E0000E941F8E40914003609150028D2F0E94EB
:1021F000477D27EE2C0F2093BB030E941F8E40913A
:102200004003609150028D2F0E94477DCF5FB6CF73
:10221000409140038D2F0E94477DB0CF8C3309F44D
:10222000BACF809140038B5F8093400345E050E03C
:1022300060E070E08FEA97E0DF91CF911F910C94FE
:10224000E1A1853608F019CF8FEA97E00E94B1A18D
:10225000882309F427CF10914003153608F022CFC8
:10226000E091770AE150D1E0E730B0F4F0E0882760
:10227000E35CFE4E8F4F0C944AB1661144114B1132
:102280005E116011621164110E94DF6AD4E0833034
:1022900019F0DFE001C0DDE060915002603309F425
:1022A00064C06233A9F0623009F098C0412F62E047
:1022B0008D2F0E94477DC093BB0385C0DBE1ECCF2F
:1022C000D9E1EACFD8E1E8CFDCE1E6CFD6E1E4CF4F
:1022D000412F62E38D2F0E94477DC093BB030E9474
:1022E0001F8E40914003609150028D2F0E94477DC8
:1022F0002FEF2C0F2093BB030E941F8E40914003B1
:10230000609150028D2F0E94477D2EEF2C0F20935D
:10231000BB030E941F8E40914003609150028D2F9D
:102320000E94477D2DEF2C0F2093BB030E941F8E30
:1023300040914003609150028D2F0E94477D21E023
:102340002C0F2093BB030E941F8E4091400360918D
:1023500050028D2F0E94477DCE5FC093BB030E9429
:102360001F8E809140038F5F5FCF412F60E38D2FE1
:102370000E94477DC093BB030E941F8E4091400383
:10238000609150028D2F0E94477D29EE2C0F2093E3
:10239000BB030E941F8E40914003609150028D2F1D
:1023A0000E94477D28EE2C0F2093BB030E941F8EB6
:1023B00040914003609150028D2F0E94477D27EE8F
:1023C0002C0F2093BB030E941F8E4091400360910D
:1023D00050028D2F0E94477DCF5FBFCF412F8D2FA1
:1023E0000E94477DBACFCF92DF92EF92FF920F9378
:1023F0001F93CF93DF936B017C0180915002803358
:1024000009F46CC1823309F034C387E897E00E9475
:10241000B1A1882309F424C380916903882359F169
:1024200090914F02981738F1C09150028091770A2D
:102430008730D0F5833008F079C0813009F472C05C
:10244000823009F465C0809168038823A9F10E9455
:10245000E76A4FEF6C2F882369F18EE00E94477D79
:10246000E0916903E150FF0BE650F74FE491E093F0
:10247000BB030E941F8EE091690380914F02E81315
:1024800059C0109269038091770A833009F4E8C239
:1024900080917A0A823009F400C208F0F7C18130D5
:1024A00009F410C289E0FAC1873069F64FEF6C2F4A
:1024B0008CE1D4CF81E0D2CF0E94DF6A90917A0A7A
:1024C000833089F49230E1F030F4913089F04FEFAD
:1024D0006C2F85E0C3CF9330B9F09430C1F74FEF44
:1024E0006C2F87E0BBCF9230D1F330F4913079F389
:1024F0004FEF6C2F8AE0B2CF933031F09430C1F7B8
:102500004FEF6C2F89E0AACF4FEF6C2F88E0A6CF5A
:102510000E94DF6A4FEF6C2F833011F484E09ECF6E
:1025200080E19CCF4FEF6C2F86E198CF4FEF6C2F5F
:1025300080E094CFE81708F093C2F0E0E650F74F40
:10254000E491E093BB03C701B6010E941F8E809106
:10255000770A20914F02882309F457C0833009F08D
:1025600094C0E0916903F0E031962E171F0651F0F8
:102570004CF0E650F74FE491E093BB03C701B6017E
:102580000E941F8EE0916903F0E0329680914F0225
:102590008E171F0651F04CF0E650F74FE491E09390
:1025A000BB03C701B6010E941F8EE0916903F0E0F2
:1025B000339680914F028E171F0651F04CF0E65073
:1025C000F74FE491E093BB03C701B6010E941F8E51
:1025D0009091770A923009F414C280917A0A93306C
:1025E00009F4DDC1911115C247E050E060E070E0F0
:1025F000823009F4F4C108F0FBC148E050E060E02B
:1026000070E0813009F4EBC1DFC18BEA289F212DF6
:102610001124269530E050E040E060E070E0CB010E
:102620000E94989A80917A0A823059F110F581308F
:1026300051F1665F109169031F5FC62FD0E0E12F53
:10264000F0E0809169038C0F9D2F911DE817F90729
:102650000CF0BECF80914F02181748F4E650F74FA8
:10266000E491E093BB03C701B6010E941F8E1F5F78
:10267000E6CF833021F08430E1F6685FDBCF6A5F1C
:10268000D9CF6D5FD7CF6E5FD5CF2695269530E039
:1026900050E040E060E070E0CB010E94989AC09169
:1026A0006903CF5F062F10E0EC2FF0E08091690303
:1026B000800F912F911DE817F9070CF089CF8091B9
:1026C0004F02C81748F4E650F74FE491E093BB037C
:1026D000C701B6010E941F8ECF5FE6CF87E897E063
:1026E0000E94B1A1882309F4BBC1809169038823AA
:1026F00069F190914F02981748F18091770A8730DD
:1027000008F074C0833008F0BCC0813009F4B4C054
:10271000823009F4A6C080916803882309F470C050
:102720000E94E76A4FEF60915002882309F466C067
:102730008EE00E94477DE0916903E150FF0BE65374
:10274000F74FE491E093BB030E941F8EE091690371
:1027500080914F02E81709F494CEE81708F080C181
:10276000F0E0E653F74FE491E093BB03C701B601F5
:102770000E941F8E8091770A20914F02882309F4CE
:10278000A5C0833009F0E2C0E0916903F0E0319622
:102790002E171F0651F04CF0E653F74FE491E093EB
:1027A000BB03C701B6010E941F8EE0916903F0E0F0
:1027B000329680914F028E171F0651F04CF0E6536F
:1027C000F74FE491E093BB03C701B6010E941F8E4F
:1027D000E0916903F0E0339680914F028E171F0657
:1027E00009F00CF4F5CEE653F74FEBCE873009F045
:1027F00092CF4FEF609150028CE19BCF81E099CF57
:102800000E94DF6A90917A0A833099F49230F9F04D
:1028100038F4913099F04FEF6091500285E089CF04
:102820009330D1F09430B9F74FEF6091500287E0C8
:1028300080CF9230C9F338F4913069F34FEF609153
:1028400050028AE076CF933039F09430B9F74FEFE9
:102850006091500289E06DCF4FEF6091500288E0A7
:1028600068CF0E94DF6A4FEF60915002833011F40D
:1028700084E05FCF80E15DCF4FEF6091500286E151
:1028800058CF4FEF6091500280E053CF8330E1F09A
:10289000843009F007CE88E001C086E04AE050E0CD
:1028A000481B5109052E000C660B770B87E897E053
:1028B000DF91CF911F910F91FF90EF90DF90CF901C
:1028C0000C94E1A185E0EACF87E0E8CF8BEA289F6E
:1028D000212D1124269530E050E040E060E070E0CA
:1028E000CB010E94989A80917A0A823059F110F5B2
:1028F000813051F1665F109169031F5FC62FD0E0F0
:10290000E12FF0E0809169038C0F9D2F911DE81756
:10291000F9070CF05DCE80914F02181748F4E6538A
:10292000F74FE491E093BB03C701B6010E941F8EED
:102930001F5FE6CF833021F08430E1F6685FDBCFA4
:102940006A5FD9CF6D5FD7CF6E5FD5CF26952695BD
:1029500030E050E040E060E070E0CB010E94989AE7
:10296000C0916903CF5F062F10E0EC2FF0E080915B
:102970006903800F912F911DE817F9070CF028CEFD
:1029800080914F02C81748F4E653F74FE491E09363
:10299000BB03C701B6010E941F8ECF5FE6CF823016
:1029A000C1F050F4813071F087E080935B0242E027
:1029B00050E060E070E013C08330B1F08430A1F7E4
:1029C00086E013C090935B0244E050E060E070E06A
:1029D00006C090935B0243E050E060E070E087E85F
:1029E00097E00E94E1A137C084E080935B02F3CFBF
:1029F0008330A1F0843041F745E050E060E070E0C2
:102A0000EECF8091980390919903039789F4809178
:102A10007A0A823089F338F4813049F646E050E092
:102A200060E070E0DCCF833079F28430A1F2BFCF78
:102A300041E050E060E070E087E897E00E94E1A1AB
:102A40008091690390E0049620914F02281719069F
:102A500011F40E94F881809169038F5F809369036C
:102A6000DF91CF911F910F91FF90EF90DF90CF906A
:102A7000089587E897E00E94B1A1882389F38091A7
:102A80006903882341F190914F02981720F18091BA
:102A9000770A873008F043C0833008F08AC081305D
:102AA00009F482C0823009F474C0809168038823DD
:102AB00009F43EC00E94E76A4FEF609150028823FC
:102AC000A9F18EE00E94477D209169032150209357
:102AD000BB030E941F8E8091690390914F0289135E
:102AE0007CC0109269038091770A833009F4B8CFD3
:102AF00080917A0A45E550E060E070E0823009F4A8
:102B0000D5CE08F05BC044E650E060E070E0813074
:102B100009F4CCCE48E250E060E070E0C7CE8730E8
:102B200021F64FEF609150028CE1CCCF81E0CACF0B
:102B30000E94DF6A90917A0A8330C1F4923021F1C9
:102B400038F49130C1F04FEF6091500285E0BACF78
:102B5000933039F09430B9F74FEF6091500287E02D
:102B6000B1CF4FEF6091500288E0ACCF9230A1F32B
:102B700038F4913041F34FEF609150028AE0A2CFD8
:102B8000933079F39430B9F74FEF6091500289E0B8
:102B900099CF0E94DF6A4FEF60915002833011F4A9
:102BA00084E090CF80E18ECF4FEF6091500286E1BC
:102BB00089CF4FEF6091500280E084CF46E450E02F
:102BC00060E070E0833009F471CE47E350E060E0EC
:102BD00070E0843009F46ACE9DCF891708F040CFA9
:102BE0008093BB03C701B6010E941F8E80917A0AB1
:102BF0004CE150E060E070E0823009F4F0CE60F427
:102C00004EE150E060E070E0813009F4E8CE48E148
:102C100050E060E070E0E3CE4AE150E060E070E058
:102C2000833009F4DCCE49E150E060E070E08430AC
:102C300009F4D5CEECCF8091420381111BC0809165
:102C40007A0A8150209153023091540280935203AA
:102C5000109250032130310509F052C080916D036C
:102C600090916E03019709F040C00E9444670E9452
:102C70002866109A8091770A8230F1F440E050E0A3
:102C8000BA0187E897E00E94E1A10E94DF6A4FEF56
:102C900060915002833009F038C081E00E94477D86
:102CA0000E94F31140E050E0BA0181E997E00E94F0
:102CB000E1A18EE080934203E0914203EE3070F593
:102CC000F0E08827E959F94E8F4F0C944AB18716E6
:102CD000AF16C516EA16151753178C17C017EA1743
:102CE000141840185718691872180E94816385E0FB
:102CF00090E090930302809302020E94AA67B9CFEA
:102D00000E94816383E090E0F4CF8FE0C7CF809191
:102D1000770A8130F1F0B8F08330F1F0809142030E
:102D20008F5F809342038E3008F0DFC18091770A75
:102D300042E1811101C044E250E070E060E08DE7C3
:102D400097E00C94E1A165E070E080E00E94390713
:102D5000E5CF65E170E0F9CF6DE070E0F6CF8091EE
:102D6000770A813079F028F08330C1F66BE070E0AB
:102D7000ECCF67E070E080E00E94390765E070E02A
:102D800081E0E4CF64E170E0E0CF8091770A8130A8
:102D9000C9F050F0833011F669E070E080E00E94E5
:102DA00039076DE070E0ECCF61E070E080E00E94F8
:102DB000390767E070E081E00E94390765E070E064
:102DC00082E0C4CF63E170E080E00E94390765E1F2
:102DD00070E0D6CF8091770A8130F9F058F08330D7
:102DE00009F09CCF67E070E080E00E9439076BE05B
:102DF00070E0C6CF67E070E080E00E94390761E0D4
:102E000070E081E00E94390767E070E082E00E9494
:102E1000390765E070E083E099CF66E170E080E01B
:102E20000E94390764E170E0ABCF8091770A81306E
:102E300069F180F0833009F071CF65E070E080E0E7
:102E40000E94390769E070E081E00E9439076DE077
:102E500070E0B6CF65E070E080E00E94390767E07F
:102E600070E081E00E94390761E070E082E00E943A
:102E7000390767E070E083E00E94390765E070E0A1
:102E800084E00E9439070E94F88148CF61E070E039
:102E900080E00E94390763E170E081E00E94390719
:102EA00065E170E08DCF8091770A813041F180F04B
:102EB000833009F033CF70E060E080E00E94390792
:102EC00067E070E081E00E9439076BE070E078CF46
:102ED00070E060E080E00E94390765E070E081E02A
:102EE0000E94390767E070E082E00E94390761E0E4
:102EF00070E083E00E94390767E070E0BFC070E0D7
:102F000060E080E00E94390766E170E081E00E94A5
:102F1000390764E170E054CF8091770A813019F16C
:102F200080F0833009F0FACE65E070E081E00E9425
:102F3000390769E070E082E00E9439076DE070E0D7
:102F40006ACF70E060E081E00E94390765E070E0E0
:102F500082E00E94390767E070E083E00E94390751
:102F600061E070E08BC061E070E081E00E943907B1
:102F700063E170E082E00E94390765E170E04BCFC9
:102F80008091770A8130C9F080F0833009F0C6CE95
:102F900070E060E081E00E94390767E070E082E065
:102FA0000E9439076BE070E036CF70E060E082E0AD
:102FB0000E94390765E070E09CCF70E060E081E03E
:102FC0000E94390766E170E082E00E94390764E1FF
:102FD00070E021CF8091770A8130C9F080F0833092
:102FE00009F09CCE65E070E082E00E94390769E05C
:102FF00070E083E00E9439076DE070E041CF70E03F
:1030000060E083E00E94390765E070E037C061E06E
:1030100070E082E00E94390763E170E083E00E9483
:10302000390765E170E02CCF8091770A8130D1F0CB
:1030300080F0833009F072CE70E060E082E00E94A0
:10304000390767E070E083E00E9439076BE070E0C9
:1030500015C070E060E084E00E9439078EE0809344
:1030600042035CCE70E060E082E00E94390766E1D6
:1030700070E083E00E94390764E170E084E066CE8E
:103080008091770A813059F0833009F047CE65E0AE
:1030900070E083E00E94390769E070E0EFCF61E003
:1030A00070E083E00E94390763E170E0E7CF809130
:1030B000770A813031F0833009F030CE70E060E083
:1030C00018CF70E060E083E00E94390766E170E0AD
:1030D000D5CF8091770A813009F442CF833009F44B
:1030E00093CF1CCE70E060E0C9CF0E947E7D10922D
:1030F000850710928607109242030E94A06A8250B0
:10310000823058F48091980390919903039729F0A5
:103110008091770A823009F0109808958F929F92DB
:10312000AF92BF92CF92DF92EF92FF92CF93DF9355
:1031300080916D0390916E03892B09F04DC00E9420
:10314000710A80919C038D7FC8E78C3109F4C8E235
:1031500090913508992309F442C78DE298E00E94C6
:103160006BA16B017C01E0917A0AE150FF0BEE0F3D
:10317000FF1FE05FF74F8081918166E070E00E9461
:1031800022B1CB01B0E0A0E0C816D906EA06FB06E2
:1031900008F0EFC580919C038D7F8C3109F0E0C56C
:1031A0004C2F46954695469550E04E5F5F4F052E55
:1031B000000C660B770B8CEF97E00E94E1A186E094
:1031C000DF91CF91FF90EF90DF90CF90BF90AF90C5
:1031D0009F908F900C94550880919C038C3109F43A
:1031E00062C0D0E08E3109F45FC08091520381113A
:1031F00016C080917A0A823009F4EFC308F0D8C370
:10320000813009F4F1C364E070E080E090E00E9456
:103210007E9A6E5F7F4F8F4F9F4F60935203C0E047
:103220008C2F0E948B630E94F193019729F4809167
:1032300052038C1708F0DDC3CF5FC53089F781E0FA
:1032400090917A0A923009F4DDC408F0D4C3913029
:1032500009F42DC5882309F405C4C5E08091520303
:10326000C81708F4DEC08C1312C080910602835088
:10327000833008F0ECC365E070E080E090E00E94ED
:103280007E9A6F5F7F4F8F4F9F4F60935203C15065
:103290008C2F0E948B630E94F193892BF9F68C2F5F
:1032A0000E94AE63BEC0D2E0CEE18C2E912C8D1A6E
:1032B000910880915003811114C080917A0A823064
:1032C000D9F100F5813069F09401092C000C440B10
:1032D000550B62E170E080E090E00E94989A609364
:1032E0005003C0E0C815190494F58C2F0E948B631D
:1032F0000E947392811104C090915003C91740F14C
:10330000CF5FF0CF833069F08430F1F66CE070E08D
:1033100080E090E00E947E9A635F7F4F8F4F9F4FC7
:10332000DECF6AE070E080E090E00E947E9A675F06
:103330007F4F8F4F9F4FD3CF6AE070E080E090E0E7
:103340000E947E9A6D5F7F4F8F4F9F4FC8CF81E065
:1033500090917A0A923009F43CC220F5913009F438
:10336000C2C2882309F47BC08DE1F82EFD1A092C16
:10337000000CAA08BB0880915003F81608F44FC04F
:103380008F1141C080910602833009F458C068F55E
:10339000823009F45BC0A501940162E170E080E035
:1033A00090E02DC0933009F454C19430D1F68823B5
:1033B00009F4F0C0C9E180915003C81780F18C1363
:1033C000B2C080910602833009F4C1C008F09AC0EF
:1033D000813009F4D2C0823009F4C4C069E170E0E0
:1033E00080E090E00E947E9A9CC0843009F1853094
:1033F00091F6A501940166E070E080E090E00E9403
:10340000989A609350038F2D0E948B630E94739251
:10341000882319F18F2D0E948B630E9438920E949D
:10342000A8958091690380FD98C40E94F88189CE97
:10343000A501940169E070E080E090E0E0CFA50193
:1034400094016CE070E080E090E0D9CFA501940198
:103450006FE070E080E090E0D2CFFA948CCFC0E0D3
:10346000092C000CAA08BB08809150038C17B8F2F5
:103470008C131DC080910602833069F150F48130B5
:10348000C1F1823079F1A501940160E070E0CB01D7
:103490000AC08430C9F08530B1F7A501940168E015
:1034A00070E080E090E00E94989A609350038C2F27
:1034B0000E948B630E947392811122C08C2F0E9404
:1034C0008B630E945692ABCFA50194016CE070E033
:1034D00080E090E0E8CFA50194016EE070E080E02C
:1034E00090E0E1CFA501940160E170E080E090E020
:1034F000DACFA501940162E170E080E090E0D3CFE3
:10350000CF5FB2CF8430C1F0853009F067CF68E17A
:1035100070E080E090E00E947E9A6F5F7F4F8F4F57
:103520009F4F609350038C2F0E948B630E94739275
:10353000882371F18C2F6FCF65E170E080E090E01F
:103540000E947E9A6C5F7F4F8F4F9F4FEACF62E160
:1035500070E080E090E00E947E9A695F7F4F8F4F1D
:103560009F4FDFCF6FE070E080E090E00E947E9A96
:10357000665F7F4F8F4F9F4FD4CF6CE070E080E04D
:1035800090E00E947E9A635F7F4F8F4F9F4FC9CF1D
:10359000C15011CFC0E0809150038C1708F43FCF89
:1035A0008C1321C080910602833091F160F4813048
:1035B00009F444C08230B9F169E170E080E090E044
:1035C0000E947E9A0EC08430C1F08530A9F768E170
:1035D00070E080E090E00E947E9A6F5F7F4F8F4F97
:1035E0009F4F609350038C2F0E948B630E947392B5
:1035F000882309F463CFCF5FCECF65E170E080E030
:1036000090E00E947E9A6C5F7F4F8F4F9F4FE9CF73
:1036100062E170E080E090E00E947E9A695F7F4FF7
:103620008F4F9F4FDECF6FE070E080E090E00E9410
:103630007E9A665F7F4F8F4F9F4FD3CF6CE070E0D5
:1036400080E090E00E947E9A635F7F4F8F4F9F4F94
:10365000C8CF882309F45EC0C3E180915003C81726
:1036600008F4DDCE8C1321C080910602833089F1ED
:1036700060F4813009F443C08230B1F163E170E05D
:1036800080E090E00E947E9A0EC08430B9F08530D0
:10369000A9F762E170E080E090E00E947E9A6F5F9F
:1036A0007F4F8F4F9F4F609350038C2F0E948B63EF
:1036B0000E94739281113ECFC150CFCF60E170E084
:1036C00080E090E00E947E9A6D5F7F4F8F4F9F4F0A
:1036D000EACF6EE070E080E090E00E947E9A6B5F3F
:1036E0007F4F8F4F9F4FDFCF6CE070E080E090E026
:1036F0000E947E9A695F7F4F8F4F9F4FD4CF6AE0C1
:1037000070E080E090E00E947E9A675F7F4F8F4F6D
:103710009F4FC9CFC0E0809150038C1708F47FCE33
:103720008C1321C080910602833091F160F48130C6
:1037300009F444C08230B9F163E170E080E090E0C8
:103740000E947E9A0EC08430C1F08530A9F762E1F4
:1037500070E080E090E00E947E9A6F5F7F4F8F4F15
:103760009F4F609350038C2F0E948B630E94739233
:10377000882309F4A3CECF5FCECF60E170E080E074
:1037800090E00E947E9A6D5F7F4F8F4F9F4FE9CFF1
:103790006EE070E080E090E00E947E9A6B5F7F4F69
:1037A0008F4F9F4FDECF6CE070E080E090E00E9492
:1037B0007E9A695F7F4F8F4F9F4FD3CF6AE070E053
:1037C00080E090E00E947E9A675F7F4F8F4F9F4F0F
:1037D000C8CF882309F443C0CDE080915003C817B7
:1037E00008F41DCE8C131CC080910602843009F1B0
:1037F00048F4813048F56DE070E080E090E00E9490
:103800007E9A0CC08530B9F76CE070E080E090E003
:103810000E947E9A6F5F7F4F8F4F9F4F6093500340
:103820008C2F0E948B630E947392811183CEC150B2
:10383000D4CF6BE070E080E090E00E947E9A6E5FF3
:103840007F4F8F4F9F4FEACF6AE070E080E090E0BB
:103850000E947E9A6D5F7F4F8F4F9F4FDFCFC0E0FA
:10386000809150038C1708F4DACD8C131CC0809122
:103870000602843011F148F4813050F56DE070E0BB
:1038800080E090E00E947E9A0CC08530B9F76CE031
:1038900070E080E090E00E947E9A6F5F7F4F8F4FD4
:1038A0009F4F609350038C2F0E948B630E947392F2
:1038B000882309F403CECF5FD3CF6BE070E080E0C4
:1038C00090E00E947E9A6E5F7F4F8F4F9F4FE9CFAF
:1038D0006AE070E080E090E00E947E9A6D5F7F4F2A
:1038E0008F4F9F4FDECF882389F1C7E0809150032F
:1038F000C81708F494CD8C1316C08091060284304A
:10390000D9F038F48130E8F467E070E080E090E0CE
:1039100006C08530C9F76AE070E080E090E00E9460
:103920007E9A609350038C2F0E948B630E94739247
:10393000811100CEC150DACF69E070E080E090E004
:10394000EECF68E070E080E090E0E9CFC0E08091E9
:1039500050038C1708F463CD8C1316C080910602B7
:103960008430E1F038F48130F0F467E070E080E01A
:1039700090E006C08530C9F76AE070E080E090E032
:103980000E947E9A609350038C2F0E948B630E944A
:103990007392882309F492CDCF5FD9CF69E070E0AC
:1039A00080E090E0EDCF68E070E080E090E0E8CF6C
:1039B000833041F0843009F026CC63E070E080E091
:1039C00090E025CC63E070E080E090E00E947E9A79
:1039D0006F5F7F4F8F4F9F4F20CC63E070E080E0A0
:1039E00090E00E947E9A19CC62E070E080E090E066
:1039F000F8CF80E025CC933009F4ABC0943009F0C7
:103A000029CC882309F46FC0C5E080915203C81700
:103A100008F407CD8C1312C08091060283508330C6
:103A200008F056C065E070E080E090E00E947E9A69
:103A30006F5F7F4F8F4F9F4F60935203C1508C2F0A
:103A40000E948B630E94F193892BF9F628CC64E0E5
:103A500070E080E090E00E947E9A6E5F7F4F8F4F13
:103A60009F4F13CCC0E0809152038C1708F4D9CC3F
:103A70008C130FC0809106028330A1F0F0F08630E5
:103A8000E0F466E070E080E090E00E947E9A60934F
:103A900052038C2F0E948B630E94F193CF5F01979A
:103AA00011F7FDCB65E070E080E090E00E947E9A27
:103AB0006F5F7F4F8F4F9F4FEACF64E070E080E0F1
:103AC00090E00E947E9A6E5F7F4F8F4F9F4FDFCFB7
:103AD00064E070E080E090E00E947E9A6E5F7F4F2D
:103AE0008F4F9F4FA9CFC0E0809152038C1708F4ED
:103AF00098CC8C130FC0809106028330A1F0F0F0B7
:103B00008630E0F466E070E080E090E00E947E9A0B
:103B1000609352038C2F0E948B630E94F193CF5FBE
:103B2000019711F7BCCB65E070E080E090E00E9467
:103B30007E9A6F5F7F4F8F4F9F4FEACF64E070E0B8
:103B400080E090E00E947E9A6E5F7F4F8F4F9F4F84
:103B5000DFCF882339F1C5E080915203C81708F4FC
:103B600060CC8C1311C08091060283508330A8F47E
:103B700065E070E080E090E00E947E9A6F5F7F4F8A
:103B80008F4F9F4F60935203C1508C2F0E948B63C5
:103B90000E94F193892B01F782CB63E070E080E013
:103BA00090E0EACFC0E0809152038C1708F439CC42
:103BB0008C130FC0809106028330A1F0F0F08630A4
:103BC000E0F466E070E080E090E00E947E9A60930E
:103BD00052038C2F0E948B630E94F193CF5F019759
:103BE00011F75DCB65E070E080E090E00E947E9A86
:103BF0006F5F7F4F8F4F9F4FEACF63E070E080E0B1
:103C000090E0F4CF882319F1C5E080915203C817E2
:103C100008F407CC8C130DC08091060282508430CA
:103C200088F466E070E080E090E00E947E9A609305
:103C30005203C1508C2F0E948B630E94F193892BF9
:103C400021F72DCB63E070E080E090E0EECFC0E0A4
:103C5000809152038C1708F4E4CB8C131AC0809126
:103C60000602833051F0F0F08630E0F466E070E058
:103C700080E090E00E947E9A0AC065E070E080E0FB
:103C800090E00E947E9A6F5F7F4F8F4F9F4F6093AF
:103C900052038C2F0E948B630E94F193CF5F019798
:103CA000B9F6FDCA63E070E080E090E0E3CF8823DE
:103CB00051F1C5E080915203C81708F4B2CB8C13C0
:103CC0000FC0809106028330A1F0C0F08630B0F4BE
:103CD00066E070E080E090E00E947E9A609352037C
:103CE000C1508C2F0E948B630E94F193892B11F796
:103CF000D6CA65E070E080E090E0EECF63E070E06F
:103D000080E090E0E9CFC0E0809152038C1708F486
:103D100088CB8C130FC0809106028330A1F0C0F0D5
:103D20008630B0F466E070E080E090E00E947E9A19
:103D3000609352038C2F0E948B630E94F193CF5F9C
:103D4000019711F7ACCA65E070E080E090E0EECF3B
:103D500063E070E080E090E0E9CF0E947E7DF1C9F1
:103D60008C2F65E00E9408B1482F50E070E060E0C1
:103D700022CA8DE298E00E946BA16B017C01E09168
:103D80007A0AE150FF0BEE0FFF1FE05FF74F8081D3
:103D9000918165E070E00E9422B1CB01B0E0A0E02B
:103DA000C816D906EA06FB06E0F480919C038D7FD5
:103DB0004C2F8C3181F446954695469550E04C5FEA
:103DC0005F4F052E000C660B770B8CEF97E00E947F
:103DD000E1A185E0F5C94695469550E070E060E0C8
:103DE000F4CF8DE298E00E946BA1E0917A0AE15055
:103DF000FF0BEE0FFF1FE05FF74F208131813695FB
:103E00002795369527956901F12CE12C6C157D05D8
:103E10008E059F05F0F480919C038D7F8C3181F499
:103E20004C2F4695469550E04F5F5F4F052E000C96
:103E3000660B770B8CEF97E00E94E1A184E0C0C98C
:103E40008C2F63E00E9414B1482F50E070E060E0D6
:103E5000F1CF8DE298E00E946BA16B017C01E091B3
:103E60007A0AE150FF0BEE0FFF1FE05FF74F8081F2
:103E7000918163E070E00E9422B1CB01B0E0A0E04C
:103E8000C816D906EA06FB06C8F480919C038D7F0C
:103E90004C2F8C3179F44695469550E04D5F5F4F3D
:103EA000052E000C660B770B8CEF97E00E94E1A1CA
:103EB00083E086C946954A50550BF2CF8DE298E0D3
:103EC0000E946BA1A0917A0A2A2F2150330BF9018D
:103ED000EE0FFF1FE05FF74F4081518156954795E8
:103EE0006A01F12CE12C20919C036C157D058E0557
:103EF0009F05C8F4922F9D7F4C2F9C3179F44695F5
:103F0000469550E04B5F5F4F052E000C660B770B1C
:103F10008CEF97E00E94E1A182E052C9469550E003
:103F200070E060E0F5CF922F9D7F9C3199F54C2F8A
:103F30004695A23039F1D0F4A13041F14550550BEE
:103F4000052E000C660B770B8CEF97E00E94E1A129
:103F500081E080930602DF91CF91FF90EF90DF9098
:103F6000CF90BF90AF909F908F900895A33031F085
:103F7000A43021F750E070E060E0E6CF50E04B5F06
:103F80005F4FDECF50E0465F5F4FDACF50E0415FDA
:103F90005F4FD6CF20916D0330916E0321303105F4
:103FA00029F4A23091F028F4A130A1F04C2F4695CD
:103FB000E1CFA33041F0A430C9F74C2F469550E033
:103FC000425E5F4FBDCF4C2FD5CF4C2F50E0440FFA
:103FD000551FB6CF33E0C39FA0011124B1CF8C3160
:103FE00061F54C2F469580917A0A8230F1F0B0F459
:103FF0008130F9F04750550B052E000C660B770BFE
:104000008CEF97E0DF91CF91FF90EF90DF90CF9012
:10401000BF90AF909F908F900C94E1A1833041F1BD
:10402000843041F74350550BE7CF50E0495F5F4F75
:10403000E3CF50E0445F5F4FDFCF80916D039091FD
:104040006E03019739F480917A0A8230A9F028F43E
:104050008130B9F04C2F46950BC0833041F084304D
:10406000C9F74C2F469550E0425E5F4FC5CF4C2FAD
:1040700050E070E060E0C4CF4C2F50E0440F551F7B
:10408000BBCF83E0C89FA0011124B6CFCF92DF92AF
:10409000EF92FF920F931F93CF938091470381116B
:1040A0000E94646F80915303882339F180914E03FD
:1040B00081113DC081E080934E0380917C0A833062
:1040C000B1F58091770A811132C085E10E94FC2808
:1040D0000E94DF6AEE24E39410E000E020E04091CB
:1040E0007B0661E0823009F06EC189E891E00E94B0
:1040F000E16F8091530381111AC080914E03882390
:10410000B1F010924E0380917C0A833081F480914B
:10411000770A81110CC086E10E94FC280E94DF6AA8
:10412000823009F053C189E891E00E94E66E8091E7
:104130005103882309F440C080914D03811138C098
:1041400081E080934D0380917C0A833089F58091D2
:10415000770A81112DC087E10E94FC2880917A0A9C
:104160008530D1F00E94DF6A833009F032C183E6E6
:1041700090E00E94E66E0E94DF6A40917B06EE248A
:10418000E39410E000E020E061E0823009F024C117
:1041900089E891E00E94E16FEE24E39410E000E0F2
:1041A00020E040917B0661E088E490E00E94E16FAE
:1041B00080915103811138C080914D03882379F19A
:1041C00010924D0380917C0A833049F58091770AE3
:1041D000811125C088E10E94FC2888E490E00E94BB
:1041E000E66E80917A0A8530D1F00E94DF6A8230D3
:1041F00009F0F5C089E891E00E94E66E0E94DF6A4E
:1042000040917B06EE24E39410E000E020E061E0C2
:10421000833009F0E7C083E690E00E94E16F80916F
:104220005103882309F45AC080915303882309F469
:1042300051C080913F0381114DC08091680381116D
:1042400049C081E08093680380933F0380915B03C2
:1042500090915C038130910509F4D1C0029709F077
:10426000C8C08EE690E00E94E66E8FE690E00E9465
:10427000E66EE12C10E000E020E040917B0660E07B
:104280008EE690E00E94E16F80917C0A833009F015
:10429000ACC08DE10E94FC28809148028823B1F0D7
:1042A00066E070E080E090E00E947E9A9B01AC01A5
:1042B000265F3F4F4F4F5F4FA8EEB3E00E94B4B070
:1042C000AB01BC0183E797E00E94E1A1809151031B
:1042D000882321F08091530381114DC080916803A0
:1042E000882309F448C080917C0A833009F043C0D8
:1042F0001092680310923F0380915B0390915C03DE
:104300008130910509F4A0C0029709F097C08EE6AC
:1043100090E00E94E66E8FE690E00E94E66EE12C4F
:1043200010E000E020E040917B0660E08FE690E046
:104330000E94E16F8EE10E94FC2880914802882350
:10434000D1F080919D038823B1F068E070E080E0B7
:1043500090E00E947E9A9B01AC01295F3F4F4F4F36
:104360005F4FA8EEB3E00E94B4B0AB01BC018FE593
:1043700097E00E94E1A180917C0A8D7F2091350811
:10438000813029F480915103882309F478C0809109
:104390004702882309F473C080917A0A8150990BEF
:1043A000FC01E35EF74F3081311170C0222309F424
:1043B0007CC010923508109236080E94B66A8DE0D3
:1043C0000E94FC2872C082E690E091CE82E690E0E6
:1043D000ACCE8EE791E0CDCE82E690E0DBCE82E6F9
:1043E00090E00ACF8EE791E018CF8CE153CF89E1BE
:1043F00051CF0E94DF6A8250823008F032CF809124
:10440000AC039091AD03039741F48AE490E00E94DD
:10441000E66E89E490E00E94E66EE12C10E000E098
:1044200020E040917B0660E08AE490E00E94E16F2A
:1044300080917C0A8330D9F68AE12CCF0E94DF6A12
:104440008250823008F063CF8091AC039091AD032D
:10445000039741F48AE490E00E94E66E89E490E0DC
:104460000E94E66EE12C10E000E020E040917B0627
:1044700060E089E490E00E94E16F8BE15CCF222351
:10448000A1F0109235081092360899CF21110DC075
:10449000880F991FFC01E05FF74F4081518170E068
:1044A00060E08DE298E00E94E1A1E091770AE1509E
:1044B000E73008F01BC1F0E08827EE59FD4D8F4F23
:1044C0000C944AB1BE23A923F2236922B023B3235B
:1044D000B623CBE18BE14FEF609150020E94477D04
:1044E0006B017C0185EA97E00E94B1A1882309F461
:1044F00066C0E091690380914F02E81708F05FC041
:1045000080915002803309F447C1823309F065C1BC
:10451000F0E0E650F74FE491E093BB03C701B6012A
:104520000E941F8E8091690390E0029620914F02B5
:104530002817190689F084F04FEF6091500280E04F
:104540000E94477DE0916903F0E0E450F74FE49169
:10455000E093BB030E941F8E80915002803331F0A4
:1045600044E150E060E070E0823321F443E050E049
:1045700060E070E085EA97E00E94E1A18091690324
:104580008F5F8093690390914F02891318C08091C7
:104590005002109269031092AD071092AE0780335B
:1045A00031F044E650E060E070E0823321F444E012
:1045B00050E060E070E087E897E00E94E1A14FEFF3
:1045C000609150028C2F0E94477D0E94F3118CEF66
:1045D00097E00E94B1A181110E948E1883E797E0B5
:1045E0000E94B1A1882369F18091770A811129C0C5
:1045F00080916803811125C080914802882309F1C8
:10460000E12C10E000E020E040917B0660E089E0D2
:1046100090E00E94E16F66E070E080E090E00E9430
:104620007E9A9B01AC01265F3F4F4F4F5F4FA8EE34
:10463000B3E00E94B4B0AB01BC0183E797E00E94F5
:10464000E1A18FE597E00E94B1A1882309F42BC175
:104650008091770A811127C180916803811123C15C
:1046600080914802882309F41EC1809144039091EF
:1046700045038637910509F4B7C08737910509F4DA
:10468000B8C0C0E08537910539F463E070E080E0A0
:1046900090E00E947E9AC62F62E070E080E090E099
:1046A0000E947E9A6E5F7F4F8F4F9F4F28EE33E0C0
:1046B000629F6001639FD00C729FD00C1124C230A6
:1046C00009F4C0C0C33009F499C0C13009F0CDC0AD
:1046D000E12C10E000E020E040917B0660E086E7FE
:1046E00090E00E94E16F86E790E0B9C08091680396
:1046F000882341F00E94E76A882309F442C0CBE096
:104700008EE0E9CE0E94DF6A90917A0A833099F4B4
:10471000923071F030F4C3E1913099F0C6E185E058
:10472000DACE933089F19430C9F7C6E187E0D3CE71
:10473000C4E189E0D0CE9230C1F328F4913071F316
:10474000C1E08AE0C8CE933011F19430C9F7C3E1DB
:10475000F0CF0E94DF6A8330E1F4C1E084E0BBCE99
:10476000C9E189E1B8CEC8E188E1B5CE80915502B2
:10477000C6E18E3F08F0C1E08CE1ADCEC5E186E137
:10478000AACECDE081E0A7CEC4E188E0A4CEC3E10B
:10479000FCCFCFE080E19FCEF0E0E653F74FE4910D
:1047A000E093BB03C701B6010E941F8E809169038D
:1047B00090E0029620914F022817190609F00CF498
:1047C000CBCE4FEF6091500280E00E94477DE09198
:1047D0006903F0E0E453F74FBACEE093BB03C7019F
:1047E000B601B8CECDE0EBCE62E070E080E090E0C4
:1047F00050CF61E070E080E090E04BCFE12C10E022
:1048000000E020E040917B0660E084E790E00E94B9
:10481000E16F84E790E0909345038093440385E043
:104820008C9DA0018D9D500D112470E060E08FE5FE
:1048300097E0CF911F910F91FF90EF90DF90CF9075
:104840000C94E1A1E12C10E000E020E040917B0617
:1048500060E087E790E00E94E16F87E790E0909347
:10486000450380934403A601E0CFE12C10E000E073
:1048700020E040917B0660E085E790E00E94E16FD8
:1048800020E040917B0660E088E790E00E94E16FC5
:1048900088E790E0909345038093440348E057E015
:1048A00060E070E0C4CFCF911F910F91FF90EF9027
:1048B000DF90CF900895EF920F931F93CF93DF93E4
:1048C0008091980390919903AC0144505109309123
:1048D0008909209184094330510508F452C340915D
:1048E000710341114EC3321761F081E090E0909363
:1048F000990380939803DF91CF911F910F91EF90CF
:10490000089580916C03833008F4F9C081E08093AE
:1049100070030E948F0E8091770A813009F4BFC026
:10492000823009F4B9C00E94DF6A833009F49BC069
:10493000853009F4AEC0823009F0A0C080917A0AB7
:10494000853009F485C08AE090E00E94E66E87E435
:1049500090E00E94E66E80E891E00E94E66E89E4B5
:1049600090E00E94E66E8AE490E00E94E66E8FE698
:1049700090E00E94E66E8EE690E00E94E66E0E9455
:10498000446A0E94DF6AC8EBDBE0853091F40E9444
:10499000E76A882361F0EE24E39410E000E020E071
:1049A00040917B0660E08DEB91E00E94E16FC0E7F3
:1049B000D7E180917A0A823009F47FC008F072C092
:1049C000813011F0C053D84FAE0170E060E083E257
:1049D00097E00E94E1A1BE0188E00E94B0280E94F9
:1049E000DF6A853009F06CC0EE24E39404EC19E032
:1049F00021E040917B0661E084E991E00E94E16F53
:104A000080914C02882309F476CF8091740A81301A
:104A100009F071CF9091FF088091FA08981709F476
:104A20006ACF9091440980913F09981364CF809197
:104A30004702882309F45FCF8091D309882309F4C2
:104A400094C2DF91CF911F910F91EF900C9462A7C8
:104A500088E891E00E94E66E8BE891E00E94E66EA5
:104A60008AE891E07ACF8BE090E00E94E66E87E4DE
:104A700090E00E94E66E8AE090E06FCF81E891E0DE
:104A80000E94E66E82E891E00E94E66E83E891E083
:104A900064CF82E891E061CF85E390E06ECF8BE355
:104AA00090E06BCF833031F0843009F08BCFC4526B
:104AB000DA4F8ACFC851DC4F87CFCC50DE4F84CF3E
:104AC00080915102882331F087EB0E94FC2883EC0F
:104AD0000E94FC28EE24E39410E000E020E04091E6
:104AE0007B0660E08EE591E00E94E16F04EC19E046
:104AF00021E040917B0661E08BE691E07FCF8091E1
:104B000043038823B1F085E597E00E946BA1672BF2
:104B1000682B692B71F4109243030E94A06A8250A3
:104B2000823038F48091980390919903039709F0AB
:104B3000109880917E0A823079F19091FF088091DF
:104B4000FA08981329C09091440980913F0998135D
:104B500023C084EA99E00E94F79F811106C080E992
:104B600098E00E94F79F8823B9F080915102882332
:104B700019F083ED0E94FC288CE290E00E94E66E22
:104B8000EE24E39410E000E020E040917B0660E03A
:104B90008CE290E00E94E16F9091CE098091C9096A
:104BA000981346C09091FF088091FA08981340C06E
:104BB0009091440980913F0998133AC080917E0AF0
:104BC0008230B1F5C091770AC13009F498C0C33082
:104BD00009F4B6C083E297E00E946BA1672B682BB3
:104BE000692B51F410926C0348EE53E060E070E0E2
:104BF00083E297E00E94E1A180915303811105C0F7
:104C000080916C038F5F80936C0380916C03833081
:104C100078F48091980390919903039731F083E0A1
:104C200090E0909399038093980381E080935303DD
:104C30002091BA089091B50880917C0A8D7F8130CF
:104C400009F4A0C08091770A882321F03CEF380F47
:104C5000343040F44091980350919903433051050A
:104C600009F40FC12913CEC02091FF089091FA08D2
:104C70002913C8C02091440990913F092913C2C04B
:104C800090917E0A923009F0BDC0813041F008F465
:104C900024C1823009F43CC1833009F0B3C083E2FF
:104CA00097E00E946BA1672B682B692B51F410923F
:104CB0006C0348EE53E060E070E083E297E00E940E
:104CC000E1A180916C0390915303911103C08F5F18
:104CD00080936C0380916C03833008F093C08091C3
:104CE000980390919903039731F083E090E09093BB
:104CF00099038093980381E08093530383C080914C
:104D00003E03811195CF85E597E00E946BA1672B4B
:104D1000682B692B09F08CCF8091980390919903AF
:104D2000039709F485CF48E552E060E070E085E53F
:104D300097E00E94E1A10E9482A3C0933E0378CF36
:104D400080913E03811174CF85E597E00E946BA1AD
:104D5000672B682B692B09F06BCF8091980390919A
:104D60009903039709F464CF4AEF50E060E070E0E4
:104D700085E597E00E94E1A10E9482A381E08093F3
:104D80003E0356CF29136CC09091FF088091FA081A
:104D9000981338C09091440980913F09981332C00C
:104DA00080917E0A823071F583E297E00E946BA1C8
:104DB000672B682B692B51F410926C0348EE53E07B
:104DC00060E070E083E297E00E94E1A180915103EE
:104DD000811105C080916C038F5F80936C0380917B
:104DE0006C03833078F48091980390919903039732
:104DF00031F083E090E0909399038093980381E0F1
:104E0000809351039091CE098091C909981348C0AD
:104E10009091BA088091B508981709F4F1CD809166
:104E20007C0A8111EDCD8091770A813041F008F440
:104E300099C0823009F496C0833009F0E1CD8091A9
:104E40006F03882309F4DCCD80915303882309F490
:104E5000D7CD109299031092980310925303D0CD9E
:104E60008091530381110AC0809198039091990316
:104E7000039721F410929903109298031092510312
:104E8000C1CF291709F4BBCF0E94E76A882309F430
:104E9000B9CF9091CE098091C909981709F4AFCF85
:104EA0008091770A813009F45AC0833009F457C0E1
:104EB00080916F03882309F4ABCF8091530388233B
:104EC00009F4A6CF80915103811144C01092990337
:104ED00010929803109253039BCF80913E0381114F
:104EE00091CF85E597E00E946BA1672B682B692B1A
:104EF00009F088CF40ED57E060E070E085E597E08D
:104F00000E94E1A10E9482A381E080933E037ACFB8
:104F100080913E03811176CF8091980390919903FF
:104F2000039709F46FCF80914303811110C04EEEB7
:104F300052E060E070E085E597E00E94E1A10E9408
:104F400082A3809143038F5F80934303DDCF823040
:104F5000D8F6F5CF0E9483778111B8CFBBCF1092DE
:104F60003E0356CF10923E034BCD8091D00988234B
:104F700009F4C1CCDF91CF911F910F91EF900C9468
:104F800069813213B2CC892B09F0B5CC84EA99E05F
:104F90000E94F79F81110DC080917C0A8D7F813026
:104FA00009F0A9CC80E998E00E94F79F882309F4D2
:104FB000A2CC8091B70781119ECC90914409809139
:104FC0003F09981398CC9091FF088091FA089813A4
:104FD00092CC80915102882319F087EB0E94FC2823
:104FE0008EE591E00E94E66EEE24E39410E000E08E
:104FF00020E040917B0660E08EE591E00E94E16F49
:10500000DF91CF911F910F91EF900C94446AEF9232
:105010000F931F93CF9310926C031092700381E053
:105020008093000210920D0710920E079091740A5F
:10503000923079F581E090E090939B0380939A03FE
:10504000109299031092980380918A09811117C0D8
:1050500080915102882319F08BEB0E94FC288CEF81
:1050600090E00E94E66EEE24E39410E000E020E081
:1050700040917B0660E08CEF90E00E94E16F84E05D
:105080000E94FC2880E0CF911F910F91EF900C942B
:10509000AE742091FF089091FA0829130BC09091EB
:1050A0006503992339F080934A030E948F0EC0E074
:1050B0008C2FE9CF81E090E090939B0380939A033B
:1050C0001092990310929803C091960384E00E9475
:1050D000FC28EECFCF938091A903811101C02E98B7
:1050E000C1E0C093BA030E94498E81112DC0809106
:1050F0005202882339F08091770A853039F180F4A3
:105100008430B1F00E94A06A825040E06FEF82309C
:1051100028F582E00E943A7B21E02093BA030FC079
:105120008630C1F0873071F740E06FEF8CE103C04B
:1051300040E06FEF8BE10E943A7BC093BA030E947C
:10514000348E81E08093A803CF91089540E06FEF03
:1051500089E1F1CF40E06FEF88E1EDCF81E0DACF78
:10516000CF93DF931F921F92CDB7DEB71A821982B9
:1051700090919D0391113BC092E0909374038093B2
:105180007503709377036093760385E080937803CB
:105190008091A6039091A703019761F4409137078E
:1051A000509138076091390770913A0787E397E08B
:1051B0000E94E1A18091740380935904809175034A
:1051C00080935A048091760380935B0480917703E7
:1051D00080935C048091780380935D0485E090E087
:1051E0009A83898361E0CE0101960E9415930F9006
:1051F0000F90DF91CF91089570E060E00C94B0289B
:10520000EDE1F8E080912208808380911C08818381
:1052100080911B08828380911A08838380916A029F
:10522000848308950E94A06A8250823070F4E091D5
:105230009703F0E0EE0FFF1FEB58FD4F8081918147
:105240009093050280930402089582E990E0F8CFDC
:10525000CF939091A903992309F467C0C82F8DE0DB
:105260000E94F193019729F06FEF70E08DE00E94AA
:105270005796C931A0F41092BA030E94498E882330
:1052800061F040E06FEF80E00E943A7B1092BA0339
:105290000E94348E81E08093A803CF91089580917D
:1052A0005202882351F08091770A843061F170F4C2
:1052B0008230D9F020F58130A1F00E94A06A82509E
:1052C00040E06C2F823078F581E0DECF863019F136
:1052D000F0F0873021F1803481F740E060E885E02C
:1052E000D3CF40E06C2F84E1CFCF0E94DF6A40E053
:1052F0006C2F833011F484E0C7CF8FE0C5CF40E03E
:105300006C2F8DE0C1CF40E06C2F8BE1BDCF40E032
:105310006C2F89E1B9CF40E06C2F88E1B5CF40E038
:105320006C2F8CE1B1CF82E0AFCFE82FF0E0EC5EE4
:10533000F84FE4916FEF70E06E1B71098DE0CF9133
:105340000C945796EF920F931F93CF9342E350E044
:1053500060E070E08CE09AE00E94E1A18091980307
:10536000909199038830910509F418C3893091050B
:1053700009F443C08630910509F054C5809190032B
:105380008B30E1F480915702843009F05AC42091A7
:10539000720330917303232B09F057C42091CE0977
:1053A0009091C909291351C42091BA089091B50868
:1053B000291709F44AC480E40E94FC2880919003D4
:1053C000873009F0FFC180915702843009F0C3C4CF
:1053D0002091720330917303232B09F0F0C12091C7
:1053E000CE099091C9092913EAC12091BA08909178
:1053F000B508291709F4E3C122C4809190038B30CA
:1054000009F046C0209172033091730380915702D6
:105410002230310509F093C0853009F0CCC6909157
:10542000D109992309F491C02091BA089091B50847
:10543000291709F48AC080919D03882309F487C045
:1054400080917D068D3D21F180915F02853008F0CD
:1054500089C010925F0280917F062DED3FEF281BDF
:10546000310987FD339540915F02429FC001439F00
:10547000900D11246CE97FEF0E9436B16352609366
:105480007D0660937E0660937C0680E00E94FA7A37
:1054900080919003873009F095C12091720330917B
:1054A0007303809157022230310509F082C18530A3
:1054B00009F05CC78091D109882309F46CC39091ED
:1054C000BA088091B508981709F465C380919D03C7
:1054D000811107C080918E0390918F03019709F08D
:1054E00078C190917F0680917D06891709F46AC181
:1054F00080915F02803608F46AC184E680935F027F
:105500002DED3FEF291B310997FD339540915F0247
:10551000429FC001439F900D11246CE97FEF0E94D0
:1055200036B1635260937D0660937E0660937C067D
:1055300080E0CF911F910F91EF900C94FA7A233075
:105540003105A1F0823008F49DC08150A3C0809144
:105550008E0390918F03019709F472CF82EA0E9423
:10556000FC2896CF855080935F0275CF853079F403
:105570002091CE099091C90929134BC04091BA08D6
:105580003091B508431709F444C08EE7E8CF843062
:1055900079F42091CE099091C909291347C040910F
:1055A000BA083091B508431709F440C08DE7D7CF4A
:1055B000833071F42091CE099091C909291341C01B
:1055C0004091BA083091B5084317D9F18CE7C7CF9D
:1055D000823071F42091CE099091C90929133CC001
:1055E0004091BA083091B5084317B1F18BE7B7CFB6
:1055F000813009F029C69091CE098091C90998138C
:1056000036C03091BA082091B508321781F18AE787
:10561000A6CF291709F499CF2091BA089091B5081F
:10562000291393CF85E00E9408A432CF291709F4EB
:105630008CCF2091BA089091B508291386CF84E0C9
:10564000F2CF291709F481CF2091BA089091B508BB
:1056500029137BCF83E0E7CF291709F476CF209178
:10566000BA089091B508291370CF82E0DCCF981763
:1056700009F4EDC59091BA088091B5089813E7C573
:1056800081E0D1CF2115310541F02130310509F4F8
:105690004AC081E080935702FBCE81E090E0909376
:1056A00073038093720385E0809357028091020117
:1056B00080628093020180E00E9428290E948A92E1
:1056C000809102018F7B809302018FE390E00E9422
:1056D000E66EEE24E39410E000E020E040917B06CB
:1056E00060E08FE390E00E94E16F85EF90E00E9420
:1056F000E66E86EF90E00E94E66E87EF90E00E94F3
:10570000E66E88EF90E00E94E66E89EF90E00E94DE
:10571000E66E20E040917B0660E086EF90E00E941C
:10572000E16F8AE31CCF82E090E090937303809353
:10573000720385E08093570280910201806280931A
:1057400002018FEF0E9428290E948A928091020113
:105750008F7B809302018FE390E00E94E66EEE243F
:10576000E39410E000E020E040917B0660E08FE3EE
:1057700090E00E94E16F85EF90E00E94E66E86EF78
:1057800090E00E94E66E87EF90E00E94E66E88EF60
:1057900090E00E94E66E89EF90E00E94E66E20E0C5
:1057A00040917B0660E087EF90E00E94E16F8BE321
:1057B000D6CE23303105A1F0853008F0A1C08F5F2F
:1057C00080935702CF911F910F91EF9008958B5FB7
:1057D00095CE83EACF911F910F91EF900C94FC2806
:1057E000853079F49091CE098091C90998134CC005
:1057F0003091BA082091B508321709F445C089E7FD
:10580000E9CF843079F42091CE099091C909291308
:105810004BC04091BA083091B508431709F444C011
:1058200088E7D8CF833079F42091CE099091C909C7
:10583000291345C04091BA083091B508431709F4BF
:105840003EC087E7C7CF823071F42091CE09909196
:10585000C90929133FC04091BA083091B5084317D0
:10586000C9F186E7B7CF813009F037C52091CE095D
:105870009091C909291339C04091BA083091B508EF
:10588000431799F185E7A6CF981709F429C5909198
:10589000BA088091B508981323C585E0CF911F9170
:1058A0000F91EF900C9476A4291709F488CF2091DA
:1058B000BA089091B508291382CF84E0EFCF291759
:1058C00009F47DCF2091BA089091B508291377CFBC
:1058D00083E0E4CF291709F472CF2091BA089091A0
:1058E000B50829136CCF82E0D9CF291709F467CF07
:1058F0002091BA089091B508291361CF81E0CECFED
:105900002130310509F4CBC52430310509F00EC62C
:1059100083E090E0909373038093720381E080931F
:105920005702809102018062809302018FEF0E94F2
:1059300028290E946A28809102018F7B80930201AE
:105940008FE390E00E94E66EEE24E39410E000E026
:1059500020E040917B0660E08FE390E00E94E16FE1
:1059600085EF90E00E94E66E86EF90E00E94E66E82
:1059700087EF90E00E94E66E88EF90E00E94E66E6E
:1059800089EF90E00E94E66E20E040917B0660E0A7
:1059900088EF90E00E94E16F8CE31CCF8091900330
:1059A0008B3039F520917203309173038091570247
:1059B0002115310509F085C0843009F04EC02091D1
:1059C000CE099091C909291709F480C02091BA081D
:1059D0009091B50829137AC0909156028091550292
:1059E000923078F18E3F68F19150909356020E9468
:1059F000870F80919003873009F0E4CE20917203E5
:105A000030917303809157022115310509F0B8C018
:105A1000843009F081C02091CE099091C9092917DD
:105A200009F4CDCE2091BA089091B5082913C7CEBC
:105A3000809155028E3F08F05EC08F5F80935502C3
:105A400061C091E090935602823020F081508093A3
:105A50005502CDCF90935502CACF833081F4209167
:105A6000CE099091C909291789F12091BA0890911E
:105A7000B50829132BC08DE50E94FC28BACF8230CF
:105A800071F42091CE099091C9092917F9F020915C
:105A9000BA089091B508291319C08CE5EDCF813073
:105AA00009F068C49091CE098091C909981709F44A
:105AB00064C49091BA088091B50898135EC48BE5D0
:105AC000DBCF2130310521F0823088F0815010C0C9
:105AD000853009F098C42091CE099091C909291701
:105AE000A9F39091BD08992389F380E4C5CF81E0A3
:105AF000809357027ECF809156028D3F48F48F5F8E
:105B000080935602CF911F910F91EF900C94870FC5
:105B10008EEF8093560292CF833079F42091CE0994
:105B20009091C909291709F44ACE2091BA08909199
:105B3000B508291344CE8EE54DCE823079F42091FC
:105B4000CE099091C909291709F439CE2091BA08D4
:105B50009091B508291333CE8FE53CCE813009F002
:105B6000E2C42091CE099091C909291709F427CEE2
:105B70002091BA089091B508291321CE80E62ACE4B
:105B80002130310509F44CC0853008F418CE22309C
:105B9000310509F0CBC481E090E0909373038093CA
:105BA0007203809357028091020180628093020108
:105BB00080E00E9428290E948A92809102018F7BB6
:105BC000809302018FE390E00E94E66EEE24E3945E
:105BD00010E000E020E040917B0660E08FE390E081
:105BE0000E94E16F85EF90E00E94E66E86EF90E004
:105BF0000E94E66E87EF90E00E94E66E88EF90E0EC
:105C00000E94E66E89EF90E00E94E66E20E04091EF
:105C10007B0660E086EF90E00E94E16F8AE3DACDD8
:105C2000853009F039C49091CE098091C90998173F
:105C300009F435C48091BD08882309F430C48FE38A
:105C4000C9CD833021F0823060F1815081C0209134
:105C5000720330917303232BC1F72091CE099091E9
:105C6000C90929130AC04091BA083091B5084317F1
:105C700021F00E949B7A83E39FCB291731F3209177
:105C8000BA089091B5082913E0CF9091A403992305
:105C9000E1F29091A2039111D8CF0E9403A785E36E
:105CA0008BCB80919603811104C080918D03882352
:105CB00061F080919D03882309F449C080919A0383
:105CC00090919B03892B09F042C0809172039091BF
:105CD0007303892BE1F581E090E090937303809347
:105CE000720385E080935702809102018062809365
:105CF00002018FE390E00E94E66EEE24E39410E050
:105D000000E020E040917B0660E08FE390E00E949D
:105D1000E16F85EF90E00E94E66E86EF90E00E94D2
:105D2000E66E87EF90E00E94E66E88EF90E00E94BA
:105D3000E66E89EF90E00E94E66E20E040917B06DF
:105D400060E086EF90E00E94E16F8AE335CB81E06E
:105D50008093570233CB833069F5209172033091E1
:105D60007303232B09F02BCD2091CE099091C90903
:105D700029130AC04091BA083091B508431721F0A1
:105D80000E94CA7A82E326CD291709F418CD209102
:105D9000BA089091B508291312CD9091A4039923C4
:105DA00009F40DCD9091A203911109CD0E9432A763
:105DB00084E310CD853008F402CD809196038111E3
:105DC00004C080918D03882361F080919D03882316
:105DD00009F4ACC380919A0390919B03892B09F03D
:105DE000A5C380917203909173038130910579F07E
:105DF000029709F09BC381E090E090937303809336
:105E000072038093570280E00E942829DBCE109213
:105E100073031092720381E0809357028091020114
:105E20008F7D51C39C01245031092230310508F483
:105E3000C9CC209171032111C5CC2091700321118F
:105E4000C1CC039729F480917A0A853009F470C394
:105E5000809190038B3009F0AAC09091FF08809147
:105E6000FA08981312C09091440980913F09981341
:105E70000CC09091890980918409981306C0809183
:105E80009A0390919B03019751F10E948377882395
:105E900009F472C09091FF088091FA08981709F4EC
:105EA0006BC09091440980913F09981365C080911F
:105EB0009A0390919B03019709F05EC0C091770A05
:105EC000C73008F0C8C0CF5F8C2F0E94AE928823E5
:105ED000B9F38C2F0E94CD920E94EF754DC0809136
:105EE0007A0A482F50E09091740A22E030E0923014
:105EF00011F021E030E0241735070CF058C0813054
:105F000039F080937B0A823018F0815080937A0AAE
:105F10008091530290915402019741F480919C0327
:105F20008D7F8C3119F480E00E94026380916F03B1
:105F3000882369F080919C038D7F8C3141F480919E
:105F40006D0390916E03019711F40E9444670E94C3
:105F5000646F0E94A06A8250823030F490914409AC
:105F600080913F09981306C080E00E942E6F80E068
:105F70000E9414720E94456380919A0390919B0342
:105F8000892BA9F49091CE098091C909981709F439
:105F900066C08091A403882309F45FC08091A203A6
:105FA00081115BC00E9403A785E30E94FC28209119
:105FB0009803309199032330310529F480917A0AAE
:105FC000853009F4FFCB80919003873009F0FACB3C
:105FD0009091FF088091FA08981313C0909144099A
:105FE00080913F0998130DC090918909809184098F
:105FF000981307C080919A0390919B03019709F42D
:1060000059C00E948377882309F498C09091FF08B3
:106010008091FA08981709F491C0909144098091F1
:106020003F0998138BC080919A0390919B0301972D
:1060300009F084C0C091770ACC2309F497C0C150FD
:106040008C2F0E94AE928823B9F38C2F0E94CD92A0
:106050000E94EF7573C0C0E037CF87E3A6CF809171
:106060007E068D3D09F4A3CF80915F028530F0F468
:1060700010925F0280917F062DED3FEF281B3109C2
:1060800087FD339540915F02429FC001439F900D71
:1060900011246CE97FEF0E9436B1635260937E0653
:1060A00060937C0680E00E94FA7A81CF85508093CD
:1060B0005F02E0CF80917A0A853008F083CB84308C
:1060C00021F42330310509F47DCB80937B0A8F5F67
:1060D00080937A0A8091530290915402019741F47F
:1060E00080919C038D7F8C3119F480E00E940263C3
:1060F00080916F03882369F080919C038D7F8C31A0
:1061000041F480916D0390916E03019711F40E9408
:1061100044670E94646F0E94A06A8250823030F40B
:106120009091440980913F09981306C080E00E9435
:106130002E6F80E00E9414720E94456380919A0342
:1061400090919B03892B09F03DCB9091CE098091D2
:10615000C909981769F08091A403882329F08091D8
:10616000A203882309F422CE88E334CBC7E068CFAA
:1061700090917F0680917E06891709F423CB809148
:106180005F028036B0F084E680935F022DED3FEF32
:10619000291B310997FD339540915F02429FC00151
:1061A000439F900D11246CE97FEF0E9436B163523A
:1061B000BBC98B5FE9CF823008F0C7C983E090E0AC
:1061C000909373038093720385E0809357028091CC
:1061D00002018062809302018FEF0E9428290E94B1
:1061E0006A28809102018F7B809302018FE390E007
:1061F0000E94E66EEE24E39410E000E020E040917F
:106200007B0660E08FE390E00E94E16F85EF90E015
:106210000E94E66E86EF90E00E94E66E87EF90E0C7
:106220000E94E66E88EF90E00E94E66E89EF90E0B3
:106230000E94E66E20E040917B0660E088EF90E0EF
:106240000E94E16F8CE38BC9823008F07EC984E044
:1062500090E0909373038093720385E080935702DC
:10626000809102018062809302018FEF0E942829B1
:106270000E946A28809102018064809302018FE36A
:1062800090E00E94E66EEE24E39410E000E020E04F
:1062900040917B0660E08FE390E00E94E16F85EF24
:1062A00090E00E94E66E86EF90E00E94E66E87EF37
:1062B00090E00E94E66E88EF90E00E94E66E89EF23
:1062C00090E00E94E66E20E040917B0660E089EF5E
:1062D00090E00E94E16F8DE342C9853008F46FCAF7
:1062E00082E090E0909373038093720381E0809347
:1062F0005702809102018062809302018FEF0E9419
:1063000028290E948A92809102018F7B809302014A
:106310008FE390E00E94E66EEE24E39410E000E04C
:1063200020E040917B0660E08FE390E00E94E16F07
:1063300085EF90E00E94E66E86EF90E00E94E66EA8
:1063400087EF90E00E94E66E88EF90E00E94E66E94
:1063500089EF90E00E94E66E20E040917B0660E0CD
:1063600087EF90E00E94E16F8BE334CA853008F438
:1063700026CA11CC823008F0A9CB81E090E090933E
:1063800073038093720385E080935702809102012A
:1063900080628093020180E00E9428290E948A92F4
:1063A000809102018F7B809302018FE390E00E9435
:1063B000E66EEE24E39410E000E020E040917B06DE
:1063C00060E08FE390E00E94E16F85EF90E00E9433
:1063D000E66E86EF90E00E94E66E87EF90E00E9406
:1063E000E66E88EF90E00E94E66E89EF90E00E94F2
:1063F000E66E20E040917B0660E086EF90E00E9430
:10640000E16F8AE339CB823008F060CB82E090E024
:10641000909373038093720385E080935702809179
:1064200002018062809302018FEF0E9428290E945E
:106430008A92809102018F7B809302018FE390E02A
:106440000E94E66EEE24E39410E000E020E040912C
:106450007B0660E08FE390E00E94E16F85EF90E0C3
:106460000E94E66E86EF90E00E94E66E87EF90E075
:106470000E94E66E88EF90E00E94E66E89EF90E061
:106480000E94E66E20E040917B0660E087EF90E09E
:106490000E94E16F8BE3F0CA853008F490C9109236
:1064A00073031092720381E080935702809102017E
:1064B0008F7D8093020180E00E9428290E948A92A9
:1064C000809102018F7B809302018FE390E00E9414
:1064D000E66EEE24E39410E000E020E040917B06BD
:1064E00060E08FE390E00E94E16F85EF90E00E9412
:1064F000E66E86EF90E00E94E66E87EF90E00E94E5
:10650000E66E88EF90E00E94E66E89EF90E00E94D0
:10651000E66E20E040917B0660E085EF90E00E940F
:10652000E16F89E357C9853008F449C985E048C956
:1065300023E030E043CD2F923F924F925F926F92D3
:106540007F928F929F92AF92BF92CF92DF92EF9203
:10655000FF920F931F93CF93DF93CDB7DEB7609772
:106560000FB6F894DEBF0FBECDBF84EA99E00E945B
:1065700001A08FE599E00E9401A08AE199E00E94C4
:1065800001A085ED98E00E9401A080E998E00E94BA
:1065900001A08BE498E00E9401A08091700381111A
:1065A0005FC08AE69AE00E94B1A1882341F044EFDF
:1065B00051E060E070E08AE69AE00E94E1A10E946A
:1065C0006B7080919A0390919B038130910509F43F
:1065D0005FC208F4A1C0029709F40FC28091900332
:1065E000880F880F809390039091000194FF03C05F
:1065F0008260809390038091000183FF05C08091A9
:106600009003816080939003809190038F708093BA
:106610009003282F30E0F901EB57FD4F808188234C
:10662000F9F080918A0390918B0344E0880F991FC1
:106630004A95E1F7822B932B90938B0380938A03E7
:1066400099278B32910511F0479751F48CE09AE02D
:106650000E946BA1672B682B692B11F40E94A22961
:1066600089EE99E00E94B1A1882309F4CAC20E9470
:10667000536A8091980390919903039721F183E2E3
:1066800097E00E946BA1672B682B692BE1F41092B5
:106690006C03809170038823B1F081E090E09093C7
:1066A0009B0380939A03109299031092980380E0C1
:1066B0000E94AE74109270030E94F26E84EC0E94ED
:1066C000FC280E94816380919A0390919B03813002
:1066D000910509F422C508F4A7C2029709F4C7C4BA
:1066E00080919A0390919B038130910511F40C9451
:1066F000073C029711F40C94CD3B8091740A8230D0
:1067000011F00C94E33B8091750A81110C94E33BEA
:10671000109811980C94E33B8091740A823009F030
:1067200055C18091750A813009F058CF8091980346
:1067300090919903892B09F051CF80917A0A209189
:10674000890990918409291326C0209144099091C8
:106750003F0929130C9460512091FF089091FA0889
:1067600029130C94695190917B0A2FEF290F253042
:1067700020F490937A0A80937B0A80917A0A82307F
:1067800028F480937B0A82E080937A0A0E94456312
:106790000E94072823CF813079F080937B0A81E023
:1067A00080937A0A80919C038D7F8C3119F480E06C
:1067B0000E9402630E9445639091440980913F09C1
:1067C00098130C9464518AE69AE00E946BA16A3F88
:1067D00071058105910510F00C94645180910201BE
:1067E0008F7D80930201809145099091000991115C
:1067F00024C0811124C09091440980913F099813CD
:1068000007C09091FF088091FA08981709F4ACC06E
:1068100080919C038D7F8C3109F0D4C00E948163EC
:10682000809102018F7B8093020180E00E942829E1
:106830000E948A920E94536AD1CE882349F1909196
:10684000440980913F09981323C09091FF088091DB
:10685000FA089817E9F09091CE098091C909981724
:10686000B9F080915102882319F08EEB0E94FC2828
:1068700080E490E00E94E66EEE24E39410E000E0F5
:1068800020E040917B0660E080E490E00E94E16FB0
:106890009091440980913F09981306C03091FF08F8
:1068A0002091FA08321781F020910009211135C09A
:1068B00080914509882309F49ECF9091FF0880912B
:1068C000FA08981398CF31C080915102882331F093
:1068D0008CEB0E94FC288BEB0E94FC288BEF90E055
:1068E0000E94E66E8CEF90E00E94E66EEE24E39448
:1068F00010E000E020E040917B0660E08CEF90E04B
:106900000E94E16F80919C038D7F8C3119F480E0AF
:106910000E9402630E94F0696ECF9813C9CF9091D4
:10692000FF088091FA08981719F280915102882384
:1069300031F08AEB0E94FC288DEB0E94FC288CEF42
:1069400090E00E94E66E8BEF90E00E94E66EEE24EF
:10695000E39410E000E020E040917B0660E08BEFE4
:1069600090E00E94E16F47CF8091020180648093A4
:10697000020180914D02882371F086E60E94282949
:106980000E946A2886E098E00E94B1A1882329F03D
:106990000E94AA6723CE8FEFF1CF80910E0881115C
:1069A0001DCE80919803909199039C012350310949
:1069B0002230310508F412CE069709F40FCE0E945A
:1069C00028660CCE80E00E94AE632ACF0E94646FDE
:1069D0008FE599E00E94F79F882309F4FFCD80910D
:1069E000980390919903892B09F0F8CD82E090E00B
:1069F0009093990380939803F1CD8091700388233D
:106A000089F180912B07882369F180914D028823B9
:106A1000E9F1E0917A0AE250E430A8F5F0E0EF57AE
:106A2000FD4F0081098383E297E00E946BA19B01E7
:106A3000AC01A4E6B0E00E94B4B0209123073091ED
:106A4000240740912507509126070E94C7B009816D
:106A5000029FC001112464E670E00E9436B1862FC7
:106A60000E9428298091740A823009F4B7CD909150
:106A7000890980918409981709F4B0CD10924A03CE
:106A80000E94FD7FABCD16E61983CDCF80E0E8CF25
:106A90008091740A8230B1F49091440980913F0949
:106AA00098130BC09091FF088091FA08981305C0C5
:106AB0000E9474720E945B2491CD0E945B6381E00E
:106AC00090E096CF00919803109199031A8309835F
:106AD000C8010397039760F30130110549F38091D2
:106AE00071038111E5CFE090FF08F090FA08EF10F4
:106AF00008C09091440980913F09981711F40C94B3
:106B0000575180E998E00E94F79F882391F1909176
:106B1000CE098091C909981761F18091570285309B
:106B200039F609811A810630110509F44DC086E055
:106B300090E0909399038093980340E951E060E0DE
:106B400070E08DE297E00E94E1A10E94816360E421
:106B500070E08AE00E94B028EE24E39410E000E0A8
:106B600020E040917B0660E088E290E00E94E16FC7
:106B70009FCF09811A810630110509F099CF9091B4
:106B8000440980913F09981393CFEF1091CF0E9451
:106B9000EF75109299031092980310923507109296
:106BA00036070E94816380919C038D7F8C3109F0B0
:106BB0007FCF8091530290915402019709F078CFD2
:106BC00081E00E94026374CF0E94EF7510929903D6
:106BD0001092980310923507109236070E94816335
:106BE00080919C038D7F8C3109F0B6CF8091530248
:106BF00090915402019709F0AFCF81E00E940263A7
:106C0000ABCF8091F109882309F433CD80914B03F8
:106C10008E3109F42ECD8EE180934B036EE170E04E
:106C20008BE00E94579625CD80919803909199030F
:106C30009C01285031092230310508F491C0069793
:106C400099F080919D03882379F08091740A8230B5
:106C500059F48091D209882339F081E09091750A26
:106C6000911180E00E94EA0E80E998E00E94F79F6F
:106C7000209198033091990390917103882331F00A
:106C80004091CE098091C909481336C0911134C092
:106C90002630310509F064C080919603882309F4F9
:106CA0005FC080919D0381115BC0809172039091C0
:106CB0007303892B09F454C010927303109272036A
:106CC00085E08093570280E00E942829809102018C
:106CD0008F7D809302018FE390E00E94E66EEE24A8
:106CE000E39410E000E020E040917B0660E08FE359
:106CF00090E00E94E16F34C02630310509F41DC1D7
:106D000091111BC1EE24E39410E000E020E04091DB
:106D10007B0660E088E290E00E94E16F86E090E010
:106D200090939903809398031092730310927203C7
:106D300085E08093570240E951E060E070E08DE229
:106D400097E00E94E1A110920E0810920F080E9495
:106D500081630E94EE6260E470E08AE00E94B028E5
:106D60003091CE092091C909321721F010926B039E
:106D700010926A038091980390919903863091054F
:106D800009F455C08830910509F44AC1099709F4FE
:106D90004EC080919603811104C080918D03882399
:106DA00029F080919D03882309F441C032133FC02C
:106DB00080916B038530D8F184E490E00E94E66E08
:106DC000EE24E39410E000E020E040917B0660E0D8
:106DD00084E490E00E94E16F84EF90E00E94E66E10
:106DE00020E040917B0660E084EF90E00E94E16F3C
:106DF00088E40E94FC2881E60E94FC2885E08093BC
:106E0000570288E090E09093990380939803109242
:106E100073031092720340E951E060E070E08DE28C
:106E200097E00E94E1A10E94870F0E94EE6280918C
:106E30009803909199038630910509F454C08830E5
:106E4000910509F450C020919603099709F4F4C004
:106E5000211104C080918D03882329F080919D0326
:106E6000882309F440C09091CE098091C9099813F4
:106E70003AC080916A038530B0F184E490E00E94CA
:106E8000E66EEE24E39410E000E020E040917B0603
:106E900060E084E490E00E94E16F83EF90E00E9464
:106EA000E66E20E040917B0660E083EF90E00E9478
:106EB000E16F89E40E94FC2885E08093570289E015
:106EC00090E090939903809398031092730310922B
:106ED000720340E951E060E070E08DE297E00E94CB
:106EE000E1A10E94EE628091980390919903892B11
:106EF00009F0F6CB80919603882329F080919D03B9
:106F0000882309F4EDCB85E097E00E94B1A18823A6
:106F100009F4E6CB8091740A823009F097C0809121
:106F2000750A882309F495C044EF51E060E070E0F1
:106F300085E097E00E94E1A1D3CB80915702853094
:106F400049F44091720350917303452B19F4263094
:106F5000310519F0992309F403CF85E08093570296
:106F600091110CC0EE24E39410E000E020E0409189
:106F70007B0660E088E290E00E94E16F6091770A12
:106F800070E08AE00E94B028109299031092980352
:106F90000E94A27D0E94AA0F0E9412296091790A84
:106FA00070E089E00E94B0288FEA0E94FC2880915E
:106FB000740A823009F0D4CE9091440980913F093F
:106FC0009813CECE9091FF088091FA089813C8CEFE
:106FD0008091750A813009F0C3CE809151028823D7
:106FE00019F08BEB0E94FC288CEF90E00E94E66E7B
:106FF000EE24E39410E000E020E040917B0660E0A6
:107000008CEF90E00E94E16F80919C038D7F8C312A
:1070100009F0A6CE80E00E9402630E94F069A0CE33
:1070200080919603882309F402CF80919D038111FA
:10703000FECE0E94E10FFBCE222309F454CF8091B3
:107040009D03811150CF0E94E10F4DCF813009F097
:107050006BCF8091000186FD06C0809102018064A3
:107060008093020161CF809102018F7BF9CF83EC85
:1070700097E00E94B1A1882331F140E951E060E03E
:1070800070E083EC97E00E94E1A180917003811190
:107090001AC080915102882319F088EB0E94FC28C5
:1070A000E12C10E000E020E040917B0660E083E40A
:1070B00090E00E94E16F20E040917B0660E08FE36A
:1070C00090E00E94E16F8DEC97E00E94B1A18823CF
:1070D000D1F080917003811112C0809151028823F8
:1070E00019F089EB0E94FC28E12C10E000E020E080
:1070F00040917B0660E084E490E00E94E16F8DECBB
:1071000097E00E94F4A10E94F563809170038823A8
:1071100009F4E6CA0E941B10E3CA80917103882318
:1071200009F43FC083EC97E00E94B1A1882341F0AD
:1071300040E951E060E070E083EC97E00E94E1A15B
:1071400086E19AE00E94B1A1882371F081E08093EA
:10715000BA030E94498E882309F45EC00E948A9275
:1071600086E19AE00E94F4A186E098E00E94B1A135
:1071700081110E94AA670E941B1080919803909130
:107180009903039709F4C1C20E94A06A823030F0CB
:10719000843008F444C0863008F44BC00EE1098303
:1071A00052C080910E0881110EC080919803909179
:1071B00099039C01235031092230310520F00697B4
:1071C00011F00E94286681E498E00E94B1A1882312
:1071D00009F4B6CF9091440980913F09981709F4BA
:1071E000AFCF80915102882319F080E50E94FC28DE
:1071F0008091AC039091AD03029709F4A1CFEE24E6
:10720000E39410E000E020E040917B0661E08EE82E
:1072100090E00E94E16F94CF0E946A28A1CF209154
:10722000440990913F0916E2291761F00E94536AC0
:1072300057CA2091440990913F091DE2291302C0C9
:107240000CE3ADCF1983E0917A0AE150E430E8F520
:10725000F0E0EB56FD4F1081198782508230A0F488
:1072600080914C03882381F080E80E947D9721E083
:1072700030E042EE54E060E070E089811985810FD2
:107280000E943A9710924C0380910A0A90910B0A3F
:107290000097F1F44091F3095091F4096091F509D8
:1072A0007091F6098091F7099091F809A091F90978
:1072B000B091FA09481759076A077B07B9F4898121
:1072C0000985800F0E945E6A0BCA09E10987C5CF54
:1072D000019761F48091F3099091F409A091F50967
:1072E000B091F609892B8A2B8B2B49F38091050AE3
:1072F0008111E5CF8091040A811150C04090FF09AF
:107300005090000A712C612C60E070E0CB0121E00C
:107310002090080A3090090A2114310409F4F5C0BC
:10732000222309F4F2C06093FB097093FC09809357
:10733000FD099093FE0920910A0A30910B0A21154C
:10734000310509F04AC04091F3095091F409609168
:10735000F5097091F6098091F7099091F809A091CB
:10736000F909B091FA09481759076A077B0709F02C
:1073700044C08091060A9091070A8230910509F471
:10738000CDC008F0C5C00197C1F51092F309109265
:10739000F4091092F5091092F6092FC00E942E9759
:1073A000C090FB09D090FC09E090FD09F090FE0927
:1073B0002B013C014C185D086E087F08C090FF0946
:1073C000D090000AF12CE12C21E04C145D046E04F5
:1073D0007F0408F09DCF20E09BCF2130310569F478
:1073E0008091F3099091F409A091F509B091F60903
:1073F000892B8A2B8B2B09F4BCCF8091050A811134
:1074000084C02091F7093091F8094091F909509111
:10741000FA092D873E874F87588B80910A0A9091F1
:107420000B0A009709F49EC0019709F4FAC0D090A6
:10743000030A4D855E856F857889452B462B472B42
:1074400009F460C1C090020ADC1409F45BC16091C8
:10745000F3097091F4098091F5099091F6090E9461
:1074600060AF4B015C016D857E858F8598890E9498
:1074700060AF9B01AC01C501B4010E94F2B1A10152
:107480000E94FE9B4B015C010C2D10E01A830983C6
:10749000ED2CF12C2801012E000C66087708DC1475
:1074A00008F40AC1B701601B710B072E000C880B92
:1074B000990B0E9462AFA50194010E94C1AF6B01BC
:1074C0007C01C301B2010E9462AF9B01AC01C70104
:1074D000B6010E9481B16B017C0120E030E0A9017E
:1074E0000E945BAF87FD03C120E030E04FE753E42B
:1074F000C701B6010E94D2B218160CF4FCC0C70135
:10750000B6010E9464B26093010A8091010ADACE4A
:107510008430910579F0059709F06FCF2115310579
:10752000D1F02130310509F068CF10920B0A10928A
:107530000A0A63CF8091F7099091F809A091F9099F
:10754000B091FA098093F3099093F409A093F50997
:10755000B093F60952CF81E090E090930B0A8093AC
:107560000A0A4BCF4091F3095091F4096091F50953
:107570007091F60949875A876B877C879A01890140
:107580009B016B833C83530198014B815C8160E0DC
:1075900070E080E090E06B82BC825201CB80DC80A6
:1075A000E12CF12C00E010E00E9459B1F9010D85A9
:1075B0001E852F85388948015901C12CD12C7601AF
:1075C0009F0189829A82AB82BC82CD82DE82EF8269
:1075D000F8865401CB80DC80E12CF12C00E010E037
:1075E0000E946BB18CF429853A854B855C85420EEF
:1075F000531E641E751E4092F3095092F409609266
:10760000F5097092F60913CF4D855E856F857889EF
:107610004093F3095093F4096093F5097093F609C8
:1076200006CF6091F3097091F4098091F50990916A
:10763000F60969877A878B879C879C018B833C83BB
:1076400053014201C12CD12C76019B014B815C81FD
:1076500060E070E080E090E049829A826B82BC82B8
:10766000CD82DE82EF82F8865201CB80DC80E12C75
:10767000F12C00E010E00E9462B1A0E00E9474B121
:1076800091F08CF089859A85AB85BC858419950924
:10769000A609B7098093F3099093F409A093F5091B
:1076A000B093F609C4CE1092F3091092F409109227
:1076B000F5091092F609BBCEC301B2010E9462AF78
:1076C0002B013C0169817A816E197F09072E000C1C
:1076D000880B990B0E9462AFA50194010E94C1AF73
:1076E0009B01AC01C301B2010E9480B1F4CEC12C58
:1076F000D12C760104CFC12CD12C3FE7E32E33E40B
:10770000F32EFDCED092010A00CF80919C032091F0
:107710006D0330916E0321303105A1F4853051F4B1
:1077200080915203843010F081E9CCCD823040F05A
:107730008EE8C8CD809150038731B0F78C30C0F708
:107740008CE8C0CD8E3159F4809150038C3018F400
:107750008730B0F3EDCF8F3038F30C9470338C3129
:1077600059F4809150038B3018F4863048F3E0CF01
:107770008E30D0F20C947033809152038330A1F29A
:1077800030F48130E9F2823099F20C947033843015
:1077900079F28530A9F20C94703383EC97E00E9463
:1077A0006BA1683C71058105910528F50E948A92BC
:1077B000809102018F7D80930201119880910201D6
:1077C0008F7B80930201E0919803F09199033197A8
:1077D000E930F10508F075C08827EE50F44C8F4F62
:1077E0000C944AB15D3CCC3F703C713FC23FAB4C06
:1077F000613CCF3FA4420E946A28809102018062CE
:1078000080930201119A809102018064DACF9091F5
:10781000FF088091FA08981316C0809102018064D5
:107820008093020180917103882389F083EC97E0B3
:107830000E946BA1683C71058105910510F40C94C0
:107840008933119AC0CF809102018F7BE9CF80915B
:107850009803909199032091D507211112C020918E
:10786000CB07211111C0049791F00E94A06A8450A7
:107870008230F0F0119880916F0381111AC0109836
:10788000A2CF8330910559F0049709F09CCF10984E
:107890000E94A06A82508230A0F20C9489338DEC51
:1078A00097E00E946BA1623371058105910518F480
:1078B000119A109A88CF1198E2CF109270030E940B
:1078C000FD7F80916F03882309F4D9C280919803CA
:1078D00090919903039709F4D2C20E94EB7DCFC225
:1078E0008091710390919603992309F4C1C281118B
:1078F000C2C28091770A833089F580E69AE00E94BF
:10790000B1A1882359F180918C038D3618F489EC4C
:107910000E94FC288091AA039091AB038D369105BB
:1079200058F4E12C10E000E020E040917B0660E09C
:1079300086E491E00E94E16F809150028D7F803358
:1079400011F40E94C67D40E050E0BA0187E897E05C
:107950000E94E1A180E69AE00E94F4A180916F0369
:1079600081112CC181E080936F0383E080935B02DF
:107970008091770A823009F4C2C1833009F4F3C1DF
:10798000813009F4D6C180917A0A8150843008F0A0
:107990004FC180915303882309F436C10E94DF6AE6
:1079A00040917B06E12C10E000E020E060E08330B5
:1079B000A9F0853009F41FC1823009F013C18DE7A9
:1079C00091E00E94E16FEE24E3940AEF10E021E0E1
:1079D00040917B0661E08EE791E00EC084E690E086
:1079E0000E94E16FEE24E39404E619E121E0409166
:1079F0007B0661E083E690E00E94E16F81E0809386
:107A00004E0380915103882309F40FC10E94DF6A5D
:107A100040917B06E12C10E000E020E060E0833044
:107A200009F0F5C084E690E00E94E16FEE24E39453
:107A300004E619E121E040917B0661E088E490E0F2
:107A40000E94E16F81E080934D038091770A853039
:107A500059F4E12C04E610E021E040917B0660E05F
:107A600083EA91E00E94E16F8091770A863059F4B1
:107A7000E12C04E610E021E040917B0660E084EA1E
:107A800091E00E94E16F8091530361E070E0811109
:107A900002C062E070E086E00E94B02810925307B6
:107AA0001092540780916D0390916E03019709F035
:107AB000C0C10E94446710925203109A80917C0AC0
:107AC0008D7F813021F4809151038823D9F08091FA
:107AD00047028823B9F080917A0A8150990BFC0102
:107AE000E35EF74F2081222369F0880F991FFC0184
:107AF000E05FF74F4081518170E060E08DE298E0F7
:107B00000E94E1A10E94C67D8091770A40E050E08A
:107B1000BA01833009F093C187E897E00E94E1A1A0
:107B200010920E0810920F081092DF071092E007D3
:107B30001092500310924F030E948E188091770A82
:107B4000811134C080914802882381F166E070E0A1
:107B500080E090E00E947E9A9B01AC01265F3F4F3F
:107B60004F4F5F4FA8EEB3E00E94B4B0AB01BC0131
:107B700083E797E00E94E1A180919D038823B1F003
:107B800068E070E080E090E00E947E9A9B01AC018A
:107B9000295F3F4F4F4F5F4FA8EEB3E00E94B4B054
:107BA000AB01BC018FE597E00E94E1A148E95AE3EF
:107BB00060E070E089E697E00E94E1A18DEC97E03B
:107BC0000E94B1A1882321F08DEC97E00E94F4A1DE
:107BD0008DE298E00E94B1A1882309F433C10E948C
:107BE00069816FCE8BE990E00E94E16FEE24E3940F
:107BF00003E111E0ECCE8FE491E00E94E16FEE240E
:107C0000E39408EC10E0E3CE10924E03FACE8530F8
:107C100049F48FE491E00E94E16FEE24E3940CE2DA
:107C200011E008CF85E090E0F6CF10924D030DCF24
:107C30000E94DF6A40917B06E12C10E000E020E02A
:107C400060E0833009F43FC0853009F442C08230DF
:107C5000E9F587E891E00E94E16F80915303882362
:107C600009F445C081E080934E030E94DF6A409191
:107C70007B06EE24E394823079F504EA16E021E0F5
:107C800061E089E891E00E94E16F809151038823CF
:107C900061F281E080934D030E94DF6A40917B0690
:107CA000EE24E3940CEB12E0833021F10CE211E0BE
:107CB000823001F504EA16E021E061E089E891E014
:107CC0000E94E16FC2CE81E690E0C5CF8BE990E0E3
:107CD000C2CF8FE491E0BFCF0CE211E0833011F40A
:107CE0000CEB12E021E061E082E690E0CCCF109254
:107CF0004E03CBCF21E061E088E490E0E1CF85E363
:107D000090E00E94E66EE12C10E000E020E040915F
:107D10007B0660E083E390E00E94E16FEE24E39451
:107D200002E513E021E040917B0661E084E390E00E
:107D3000A8CE8BE390E00E94E66EE12C10E000E01C
:107D400020E040917B0660E089E390E00E94E16FD3
:107D5000EE24E39408EE13E021E040917B0661E01D
:107D60008AE390E08ECE8091AA039091AB038D368A
:107D7000910510F5E12C10E000E020E040917B0639
:107D800060E086E491E00E94E16F80917A0A82309F
:107D9000B1F1B8F4813009F43FC04DE750E060E044
:107DA00070E080E69AE00E94E1A160917B068DE799
:107DB00090E00E94319167CE86E491E00E94E66EE9
:107DC000E4CF833079F0843041F749EB50E060E054
:107DD00070E080E69AE00E94E1A160917B0689EB69
:107DE00090E0E7CF47ED50E060E070E080E69AE099
:107DF0000E94E1A160917B0687ED90E0DACF45EF2C
:107E000050E060E070E080E69AE00E94E1A16091BD
:107E10007B0685EF90E0CDCF43E151E060E070E07C
:107E200080E69AE00E94E1A160917B0683E191E007
:107E3000C0CF0E94816381E0809352033ECE85EAE9
:107E400097E06CCE0E9446209091440980913F09B2
:107E500098130BC09091FF088091FA08981305C001
:107E600080917E0A823009F42CCD0E94EB7D29CDD1
:107E7000882309F426CD80916F038111F6CF8DE719
:107E800097E00E94B1A181110E941B1681E997E041
:107E90000E94B1A1882311F40C94FB4FE091770A62
:107EA0009091690380914F02981710F00C945A50EA
:107EB00080918F07882311F40C945A50E150E730D9
:107EC00010F00C949850F0E08827E659F04C8F4F52
:107ED0000C944AB1E84FBB50CC50C150C350C55070
:107EE000C75080916703882309F442C00E94F5635C
:107EF00089E197E00E94B1A18823F1F080915102BD
:107F0000882319F088EB0E94FC28E12C10E000E0A7
:107F100020E040917B0660E083E490E00E94E16F06
:107F200020E040917B0660E08FE390E00E94E16FEB
:107F300089E197E00E94F4A18FE097E00E94B1A14F
:107F40008823B1F080915102882319F089EB0E94B7
:107F5000FC28E12C10E000E020E040917B0660E08E
:107F600084E490E00E94E16F8FE097E00E94F4A12A
:107F700083E298E00E94B1A1882309F4A2CC0E9478
:107F800058749FCC83E298E00E94B1A1882309F441
:107F900098CC0E94E17095CC0E94072892CC0E9458
:107FA000F563109157021983133009F4F9C1E0F415
:107FB000113009F46AC2123009F083CC84EA99E0E6
:107FC0000E94F79F882309F44EC28091720390911A
:107FD00073038130910509F442C2029709F471CC10
:107FE00084E40E94FC286DCC0981043009F4A0C00F
:107FF000053009F066CC84EA99E00E94F79F209151
:10800000720330917303882349F12130310539F02F
:108010002230310541F48DED0E94FC2852CC8DECCC
:108020000E94FC284ECC82E40E94FC2882E60E943A
:10803000FC288BE890E00E94E66EEE24E39410E0CA
:1080400000E020E040917B0660E08BE890E00E9439
:10805000E16F0E94EB6C0E94E10F33CC21303105BF
:10806000F1F180E998E02230310509F041C00E9429
:10807000F79F882309F425CC84EB91E00E94E66EFB
:1080800083EB91E00E94E66E809166038823B1F055
:1080900010926603EE24E39410E000E020E04091AB
:1080A0007B0660E084EB91E00E94E16F8EED0E9420
:1080B000FC28809166030E94146D03CC81E08093BC
:1080C0006603EE24E39410E000E020E040917B069C
:1080D00060E083EB91E00E94E16F8FEDE8CF80914B
:1080E000BF08882309F4EDCB8EE30E94FC28E9CB7E
:1080F0000E94F79F882309F4E4CB83E40E94FC28C4
:1081000082E60E94FC288CE890E00E94E66EEE2455
:10811000E39410E000E020E040917B0660E08CE812
:1081200090E00E94E16F0E94976C0E94E10FC9CB22
:1081300084EA99E00E94F79F882309F4EAC08091BD
:108140007203909173038130910539F0029709F021
:1081500046C08DE20E94FC28B4CB80914E028E3145
:1081600029F18EE180934E028EE991E00E94E66E45
:108170008FE991E00E94E66EEE24E39410E000E0C7
:1081800020E040917B0660E08FE991E00E94E16F82
:1081900088ED0E94FC2880919C038D7F8C3109F032
:1081A00090CB80914E0280939C038BCB8CE180938B
:1081B0004E028EE991E00E94E66E8FE991E00E9406
:1081C000E66EEE24E39410E000E020E040917B06B0
:1081D00060E08EE991E00E94E16F87EDDACF0E94C6
:1081E000537D0E947E7D80915002853049F180331D
:1081F00009F44DC0823009F06DC085E080935002D3
:1082000080934F0287EA91E00E94E66E8CEA90E04C
:108210000E94E66E8DEA90E00E94E66E8EEA90E0A3
:108220000E94E66EEE24E39410E000E020E040912E
:108230007B0660E08CEA90E00E94E16F88E622C055
:1082400080E38093500280934F028DEA90E00E9479
:10825000E66E8CEA90E00E94E66E87EA91E00E946A
:10826000E66E8EEA90E00E94E66EEE24E39410E063
:1082700000E020E040917B0660E08DEA90E00E9403
:10828000E16F89E60E94FC280E94870F1ACB92E3D7
:108290009093500280934F0287EA91E00E94E66E2D
:1082A0008CEA90E00E94E66E8DEA90E00E94E66E15
:1082B0008EEA90E00E94E66EEE24E39410E000E087
:1082C00020E040917B0660E08EEA90E00E94E16F42
:1082D0008AE6D8CF82E08093500280934F0287EAEB
:1082E00091E00E94E66E8DEA90E00E94E66E8EEAD2
:1082F00090E00E94E66EEE24E39410E000E020E0BF
:1083000040917B0660E087EA91E00E94E16F87E69A
:10831000B9CF80E998E00E94F79F882309F4D1CA79
:108320008091720390917303019709F0CACA8091FA
:10833000A9038823D1F01092A90385EA91E00E9455
:10834000E66E86EA91E00E94E66EEE24E39410E089
:1083500000E020E040917B0660E086EA91E00E9428
:10836000E16F89ED0E94FC28ACCA81E08093A903EB
:1083700085EA91E00E94E66E86EA91E00E94E66E50
:10838000EE24E39410E000E020E040917B0660E002
:1083900085EA91E00E94E16F8AED0E94FC2891CA73
:1083A00084EA99E00E94F79F882391F080917203FC
:1083B000909173038130910539F0029709F481CAD5
:1083C00085E40E94FC287DCA8CEC0E94FC2879CAB6
:1083D00080E998E00E94F79F882309F472CA80918F
:1083E000720390917303019709F06BCA80914D025B
:1083F0008823D1F010924D028EE990E00E94E66E43
:108400008FE990E00E94E66EEE24E39410E000E035
:1084100020E040917B0660E08FE990E00E94E16FF0
:108420008BED0E94FC284DCA81E080934D028EE9BD
:1084300090E00E94E66E8FE990E00E94E66EEE24E6
:10844000E39410E000E020E040917B0660E08EE9DC
:1084500090E00E94E16F8CED0E94FC2832CA8AEC09
:108460000E94FC282ECA80E998E00E94F79F88238A
:1084700009F427CA8091720390917303019709F060
:1084800020CA81E20E94FC281CCA84EA99E00E946A
:10849000F79F882391F0809172039091730381304C
:1084A000910539F0029709F40CCA86E40E94FC2871
:1084B00008CA87E40E94FC2804CA80E998E00E9468
:1084C000F79F882309F4FDC980917203909173038B
:1084D000019709F0F6C9809152028823D1F01092D9
:1084E00052028BEB91E00E94E66E8CEB91E00E94D1
:1084F000E66EEE24E39410E000E020E040917B067D
:1085000060E08CEB91E00E94E16F85EE0E94FC2818
:10851000D8C91981109352028BEB91E00E94E66E4C
:108520008CEB91E00E94E66EEE24E39410E000E014
:1085300020E040917B0660E08BEB91E00E94E16FD0
:1085400086EE0E94FC28BDC90E94F5632091570267
:108550002983233009F4FCC4C8F4213011F40C94AD
:10856000C24A223009F0ADC984EA99E00E94F79F1F
:10857000882309F4B3C78091720390917303009725
:1085800009F03BC78CE20E94FC289BC9398134303A
:1085900009F491C2353009F094C980E998E00E944D
:1085A000F79F2091720330917303882309F45AC115
:1085B00021153105C1F48BE40E94FC288CE890E081
:1085C0000E94E66EEE24E39410E000E020E040918B
:1085D0007B0660E08CE890E00E94E16F0E94F96AFF
:1085E0000E94E10F6EC921303105C9F58091650304
:1085F0008823D1F01092650380EB90E00E94E66E34
:108600008FEA90E00E94E66EEE24E39410E000E032
:1086100020E040917B0660E080EB90E00E94E16FFB
:1086200086E60E94FC284DC981E0809365038FEAAD
:1086300090E00E94E66E80EB90E00E94E66EEE24F1
:10864000E39410E000E020E040917B0660E08FEAD8
:1086500090E00E94E16F85E60E94FC2832C922303A
:10866000310509F0D0C080916403823009F47DC0E7
:1086700050F5813009F452C081E0809364038EE0AC
:1086800091E00E94E66E82E091E00E94E66E81E059
:1086900091E00E94E66E80E091E00E94E66E8FEF2E
:1086A00090E00E94E66EEE24E39410E000E020E00B
:1086B00040917B0660E08FEF90E00E94E16F89E8D7
:1086C0000E94FC28FEC8833009F476C08430A1F6ED
:1086D000109264038EE091E00E94E66E82E091E0E9
:1086E0000E94E66E81E091E00E94E66E80E091E0FB
:1086F0000E94E66E8FEF90E00E94E66EEE24E39417
:1087000010E000E020E040917B0660E08EE091E028
:108710000E94E16F8DE80E94FC28D3C882E080931C
:1087200064038EE091E00E94E66E82E091E00E9498
:10873000E66E81E091E00E94E66E80E091E00E94AA
:10874000E66E8FEF90E00E94E66EEE24E39410E078
:1087500000E020E040917B0660E080E091E00E9434
:10876000E16F8AE80E94FC28ACC883E08093640330
:108770008EE091E00E94E66E82E091E00E94E66E5B
:1087800081E091E00E94E66E80E091E00E94E66E5A
:108790008FEF90E00E94E66EEE24E39410E000E09C
:1087A00020E040917B0660E081E091E00E94E16F73
:1087B0008BE80E94FC2885C884E0809364038EE0E7
:1087C00091E00E94E66E82E091E00E94E66E81E018
:1087D00091E00E94E66E80E091E00E94E66E8FEFED
:1087E00090E00E94E66EEE24E39410E000E020E0CA
:1087F00040917B0660E082E091E00E94E16F8CE8AE
:108800000E94FC285EC82330310521F581E391E008
:108810000E94E66E82E391E00E94E66E83E391E0BF
:108820000E94E66E84E391E00E94E66E85E391E0AB
:108830000E94E66EEE24E39410E000E020E0409118
:108840007B0660E081E391E00E94E16F89EA0E948B
:10885000FC2837C82430310509F033C88DE90E945F
:10886000FC282FC82230310509F49BC020F52130A7
:10887000310509F4DDC084EA99E00E94F79F88235E
:1088800009F41FC88AE40E94FC288BE890E00E944B
:10889000E66EEE24E39410E000E020E040917B06D9
:1088A00060E08BE890E00E94E16F0E94786C0E948B
:1088B000E10F0C94613C2330310509F445C02430AC
:1088C0003105C9F684EA99E00E94F79F882311F4E4
:1088D0000C94613C80916A028823E9F010926A024C
:1088E0008DE191E00E94E66E88E191E00E94E66EE3
:1088F000EE24E39410E000E020E040917B0660E08D
:108900008DE191E00E94E16F88E90E94FC280E94BD
:1089100000290C94613C81E080936A0288E191E037
:108920000E94E66E8DE191E00E94E66EEE24E394F3
:1089300010E000E020E040917B0660E088E191E0FB
:108940000E94E16F83E9E1CF84EA99E00E94F79FFA
:10895000882311F40C94613C8CE291E00E94E66E55
:108960008DE291E00E94E66E8EE291E00E94E66E5A
:108970008FE291E00E94E66E80E391E00E94E66E55
:10898000EE24E39410E000E020E040917B0660E0FC
:108990008CE291E00E94E16F84EA0E94FC280C9432
:1089A000613C8091D309882311F40C94613C80913F
:1089B0009D0381110C94613C80918E0390918F03F3
:1089C000892BE1F481E090E090938F0380938E03F4
:1089D00085EB91E00E94E66E86EB91E00E94E66EE8
:1089E000EE24E39410E000E020E040917B0660E09C
:1089F00085EB91E00E94E16F0C94613C10928F0333
:108A000010928E0385EB91E00E94E66E86EB91E07A
:108A10000E94E66EEE24E39410E000E020E0409136
:108A20007B0660E086EB91E00E94E16F0C94613C74
:108A300084EA99E00E94F79F882311F40C94613C2A
:108A400080914C028823D9F010924C028DE990E07D
:108A50000E94E66E8CE990E00E94E66EEE24E394BC
:108A600010E000E020E040917B0660E08DE990E0BE
:108A70000E94E16F84E60E94FC280C94613C81E036
:108A800080934C028DE990E00E94E66E8CE990E0C4
:108A90000E94E66EEE24E39410E000E020E04091B6
:108AA0007B0660E08CE990E00E94E16F83E60E9423
:108AB000FC280C94613C84EA99E00E94F79F88238B
:108AC00009F4B1C08091720390917303009721F46F
:108AD0000E9406770C94613C8130910529F489E26B
:108AE0000E94FC280C94613C82309105D9F580915C
:108AF00063038823D9F01092630380EA90E00E9418
:108B0000E66E81EA90E00E94E66EEE24E39410E0C7
:108B100000E020E040917B0660E081EA90E00E9466
:108B2000E16F8CE60E94FC280C94613C81E080930C
:108B3000630380EA90E00E94E66E81EA90E00E9482
:108B4000E66EEE24E39410E000E020E040917B0626
:108B500060E080EA90E00E94E16F8BE60E94FC28D2
:108B60000C94613C8330910529F58CE291E00E94E0
:108B7000E66E8DE291E00E94E66E8EE291E00E9448
:108B8000E66E8FE291E00E94E66E80E391E00E9443
:108B9000E66EEE24E39410E000E020E040917B06D6
:108BA00060E08DE291E00E94E16F85EA0E94FC287E
:108BB0000C94613C049711F00C94613C80911A086C
:108BC0008823C1F010921A088EE191E00E94E66EAF
:108BD00089E191E00E94E66EEE24E39410E000E06B
:108BE00020E040917B0660E08EE191E00E94E16F21
:108BF00089E98BCE81E080931A0889E191E00E9497
:108C0000E66E8EE191E00E94E66EEE24E39410E0C1
:108C100000E020E040917B0660E089E191E00E9465
:108C2000E16F84E972CE80E998E00E94F79F882383
:108C300011F40C94613C809172039091730300973E
:108C400009F047C09091740A80917C0A923009F132
:108C500081111FC08091790A8837E9F41092790A4E
:108C60008AE990E00E94E66E89E990E00E94E66E53
:108C7000EE24E39410E000E020E040917B0660E009
:108C80008AE990E00E94E16F8AE50E94FC280C943A
:108C9000613C811105C08091790A88678093790AC7
:108CA0008AE990E00E94E66E89E990E00E94E66E13
:108CB000EE24E39410E000E020E040917B0660E0C9
:108CC00089E990E00E94E16F89E50E94FC280C94FC
:108CD000613C8130910509F0CCC080E490E00E94B5
:108CE000E66EEE24E39410E000E020E040917B0685
:108CF00060E080E490E00E94E16F80914B0282305E
:108D000009F462C0833009F485C0813061F181E0EB
:108D100080934B0280937F0A80934A028CE690E016
:108D20000E94E66E8AE690E00E94E66E8BE690E096
:108D30000E94E66E8AE491E00E94E66E20E0409197
:108D40007B0660E08AE690E00E94E16F85E20E9487
:108D5000FC284AEF50E060E070E089EE99E00E9464
:108D6000E1A10C94613C82E080934B0280937F0AE6
:108D700081E080934A028CE690E00E94E66E8AE6EB
:108D800090E00E94E66E8BE690E00E94E66E8AE438
:108D900091E00E94E66EEE24E39410E000E020E013
:108DA00040917B0660E08CE690E00E94E16F86E2F5
:108DB0000E94FC284AEF50E060E070E089EE99E004
:108DC0000E94E1A10C94613C83E080934B0280936C
:108DD0007F0A8CE690E00E94E66E8AE690E00E94B0
:108DE000E66E8BE690E00E94E66E8AE491E00E94D7
:108DF000E66EEE24E39410E000E020E040917B0674
:108E000060E08BE690E00E94E16F84E20E94FC2823
:108E10000C94613C498140934B0282E080937F0A2D
:108E20008CE690E00E94E66E8AE690E00E94E66E94
:108E30008BE690E00E94E66E8AE491E00E94E66E86
:108E4000EE24E39410E000E020E040917B0660E037
:108E50008AE491E00E94E16F87E20E94FC284AEFD9
:108E600050E060E070E089EE99E00E94E1A10C948E
:108E7000613C82309105D9F5809167038823D9F050
:108E80001092670385E091E00E94E66E84E091E035
:108E90000E94E66EEE24E39410E000E020E04091B2
:108EA0007B0660E085E091E00E94E16F80E80E942F
:108EB000FC280C94613C81E08093670385E091E09D
:108EC0000E94E66E84E091E00E94E66EEE24E39458
:108ED00010E000E020E040917B0660E084E091E05B
:108EE0000E94E16F8FE70E94FC280C94613C833064
:108EF000910529F581E391E00E94E66E82E391E01D
:108F00000E94E66E83E391E00E94E66E84E391E0C6
:108F10000E94E66E85E391E00E94E66EEE24E39403
:108F200010E000E020E040917B0660E082E391E009
:108F30000E94E16F8AEA0E94FC280C94613C04972D
:108F400011F00C94613C8EE90E94FC280C94613C69
:108F500084EA99E00E94F79F882309F41DC180915B
:108F6000720390917303009721F40E94B3750C94DF
:108F7000613C81309105D9F5809149028823D9F06F
:108F80001092490287E391E00E94E66E88E391E047
:108F90000E94E66EEE24E39410E000E020E04091B1
:108FA0007B0660E087E391E00E94E16F82E80E9427
:108FB000FC280C94613C81E08093490287E391E0B6
:108FC0000E94E66E88E391E00E94E66EEE24E39450
:108FD00010E000E020E040917B0660E088E391E053
:108FE0000E94E16F81E80E94FC280C94613C823071
:108FF000910509F070C02091610330916203213026
:10900000310539F12230310509F044C081E090E0AA
:10901000909362038093610388E091E00E94E66E82
:109020008AE091E00E94E66E89E091E00E94E66E9F
:10903000EE24E39410E000E020E040917B0660E045
:109040008AE091E00E94E16F85E80E94FC280C9480
:10905000613C109262031092610388E091E00E94EB
:10906000E66E89E091E00E94E66E8AE091E00E945F
:10907000E66EEE24E39410E000E020E040917B06F1
:1090800060E088E091E00E94E16F83E80E94FC28A4
:109090000C94613C909362038093610388E091E0BB
:1090A0000E94E66E89E091E00E94E66E8AE091E01F
:1090B0000E94E66EEE24E39410E000E020E0409190
:1090C0007B0660E089E091E00E94E16F84E80E9405
:1090D000FC280C94613C8330910529F58CE291E0E9
:1090E0000E94E66E8DE291E00E94E66E8EE291E0D3
:1090F0000E94E66E8FE291E00E94E66E80E391E0CE
:109100000E94E66EEE24E39410E000E020E040913F
:109110007B0660E08EE291E00E94E16F86EA0E94A9
:10912000FC280C94613C049711F00C94613C8091F4
:109130001B088823C1F010921B088FE191E00E9468
:10914000E66E8AE191E00E94E66EEE24E39410E080
:1091500000E020E040917B0660E08FE191E00E941A
:10916000E16F8AE9D2CB81E080931B088AE191E02C
:109170000E94E66E8FE191E00E94E66EEE24E39499
:1091800010E000E020E040917B0660E08AE191E0A1
:109190000E94E16F85E9B9CB80E998E00E94F79FD2
:1091A000882311F40C94613C8091720390917303B5
:1091B000009729F48AE20E94FC280C94613C8130DB
:1091C000910509F075C020915F033091600321156E
:1091D000310519F59093600380935F0310927E0A26
:1091E0008FEA91E00E94E66E8EEA91E00E94E66EC0
:1091F00080EB91E00E94E66EEE24E39410E000E044
:1092000020E040917B0660E08EEA91E00E94E16FF1
:1092100085ED0E94FC280C94613C2130310529F534
:1092200082E090E09093600380935F0310927E0A47
:109230008FEA91E00E94E66E8EEA91E00E94E66E6F
:1092400080EB91E00E94E66EEE24E39410E000E0F3
:1092500020E040917B0660E080EB91E00E94E16FAE
:1092600086ED0E94FC280C94613C109260031092E1
:109270005F0310927E0A8FEA91E00E94E66E8EEA0A
:1092800091E00E94E66E80EB91E00E94E66EEE2493
:10929000E39410E000E020E040917B0660E08FEA7C
:1092A00091E00E94E16F84ED0E94FC280C94613CE7
:1092B0008230910509F070C020915D0330915E030A
:1092C0002130310539F12230310509F044C081E007
:1092D00090E090935E0380935D038BE091E00E94A9
:1092E000E66E8DE091E00E94E66E8CE091E00E94D7
:1092F000E66EEE24E39410E000E020E040917B066F
:1093000060E08BE091E00E94E16F86E80E94FC281B
:109310000C94613C10925E0310925D038DE091E02D
:109320000E94E66E8CE091E00E94E66E8BE091E098
:109330000E94E66EEE24E39410E000E020E040910D
:109340007B0660E08DE091E00E94E16F88E80E947A
:10935000FC280C94613C90935E0380935D038DE048
:1093600091E00E94E66E8CE091E00E94E66E8BE058
:1093700091E00E94E66EEE24E39410E000E020E02D
:1093800040917B0660E08CE091E00E94E16F87E80D
:109390000E94FC280C94613C8330910529F581E3FF
:1093A00091E00E94E66E82E391E00E94E66E83E324
:1093B00091E00E94E66E84E391E00E94E66E85E310
:1093C00091E00E94E66EEE24E39410E000E020E0DD
:1093D00040917B0660E083E391E00E94E16F8BEABD
:1093E0000E94FC280C94613C049711F00C94613CA1
:1093F0008FE90E94FC280C94613C8130910529F48E
:109400008DE60E94FC280C94613C8230910529F481
:109410008EE80E94FC280C94613C8330910529F56C
:109420008CE291E00E94E66E8DE291E00E94E66E91
:109430008EE291E00E94E66E8FE291E00E94E66E7D
:1094400080E391E00E94E66EEE24E39410E000E0F9
:1094500020E040917B0660E08FE291E00E94E16FA6
:1094600087EA0E94FC280C94613C049711F00C944C
:10947000613C80911C088823C1F010921C0880E296
:1094800091E00E94E66E8BE191E00E94E66EEE2490
:10949000E39410E000E020E040917B0660E080E291
:1094A00091E00E94E16F8BE930CA81E080931C0853
:1094B0008BE191E00E94E66E80E291E00E94E66E10
:1094C000EE24E39410E000E020E040917B0660E0B1
:1094D0008BE191E00E94E16F86E917CA80E998E08C
:1094E0000E94F79F882311F40C94613C80917203D1
:1094F00090917303009729F488E50E94FC280C944E
:10950000613C8130910529F48EE60E94FC280C9480
:10951000613C8230910529F481EE0E94FC280C9474
:10952000613C8330910529F581E391E00E94E66E6C
:1095300082E391E00E94E66E83E391E00E94E66E92
:1095400084E391E00E94E66E85E391E00E94E66E7E
:10955000EE24E39410E000E020E040917B0660E020
:1095600084E391E00E94E16F8CEA0E94FC280C9455
:10957000613C049711F00C94613C80EA0E94FC2845
:109580000C94613C84EA99E00E94F79F882309F4D7
:10959000E9C08091720390917303009759F580910F
:1095A0005102882399F010925102EE24E39410E0C6
:1095B00000E020E040917B0660E086E990E00E94B8
:1095C000E16F87E50E94FC280C94613C598150931F
:1095D0005102EE24E39410E000E020E040917B068D
:1095E00060E085E990E00E94E16F86E50E94FC283A
:1095F0000C94613C8130910529F480E70E94FC289D
:109600000C94613C8230910509F04BC082E90E94C4
:10961000FC2880919D03882311F40C94613C809177
:10962000740A813031F582E08093740A1092750AD1
:109630001092770A80917C0A811103C081E08093A7
:109640007C0A87E191E00E94E66E86E191E00E944B
:10965000E66EEE24E39410E000E020E040917B060B
:1096600060E087E191E00E94E16F0E9483770C94B3
:10967000613C69816093740A0E94E19286E191E005
:109680000E94E66E87E191E00E94E66EEE24E3948C
:1096900010E000E020E040917B0660E086E191E090
:1096A000E2CF8330910529F58CE291E00E94E66ECD
:1096B0008DE291E00E94E66E8EE291E00E94E66EFD
:1096C0008FE291E00E94E66E80E391E00E94E66EF8
:1096D000EE24E39410E000E020E040917B0660E09F
:1096E00080E391E00E94E16F88EA0E94FC280C94DC
:1096F000613C049711F00C94613C8091220888230E
:10970000C1F01092220881E291E00E94E66E8CE1A5
:1097100091E00E94E66EEE24E39410E000E020E089
:1097200040917B0660E081E291E00E94E16F8CE96C
:10973000ECC881E0809322088CE191E00E94E66E03
:1097400081E291E00E94E66EEE24E39410E000E0F6
:1097500020E040917B0660E08CE191E00E94E16FA7
:1097600087E9D3C880E998E00E94F79F882311F425
:109770000C94613C80917203909173030097F1F512
:1097800081E40E94FC2880919D03882311F40C94AD
:10979000613C809148028823C1F0109248028CE716
:1097A00090E00E94E66E8DE790E00E94E66EEE2467
:1097B000E39410E000E020E040917B0660E08DE75C
:1097C00090E00E94E16F0C94613C798170934802B3
:1097D0008CE790E00E94E66E8DE790E00E94E66ED6
:1097E000EE24E39410E000E020E040917B0660E08E
:1097F0008CE790E00E94E16F0C94613C8130910510
:1098000029F48FE60E94FC280C94613C823091057B
:1098100009F070C020915B0330915C032130310569
:1098200039F12230310509F444C081E090E0909391
:109830005C0380935B0381E191E00E94E66E83E12B
:1098400091E00E94E66E85E191E00E94E66EEE24D2
:10985000E39410E000E020E040917B0660E081E1CD
:1098600091E00E94E16F80E90E94FC280C94613C29
:1098700090935C0380935B0381E191E00E94E66E2C
:1098800083E191E00E94E66E85E191E00E94E66E40
:10989000EE24E39410E000E020E040917B0660E0DD
:1098A00083E191E00E94E16F81E90E94FC280C9421
:1098B000613C10925C0310925B0381E191E00E9495
:1098C000E66E83E191E00E94E66E85E191E00E9400
:1098D000E66EEE24E39410E000E020E040917B0689
:1098E00060E085E191E00E94E16F8FE80E94FC2832
:1098F0000C94613C8330910529F581E391E00E944D
:10990000E66E82E391E00E94E66E83E391E00E94BE
:10991000E66E84E391E00E94E66E85E391E00E94AA
:10992000E66EEE24E39410E000E020E040917B0638
:1099300060E085E391E00E94E16F8DEA0E94FC28DF
:109940000C94613C049711F00C94613C81EA0E94F4
:10995000FC280C94613C0E94F56380915702898336
:10996000833009F4B3C008F054C0813009F42FC229
:10997000823011F00C94613C8091720390917303DA
:10998000009709F082C184EA99E00E94F79F88233A
:1099900009F4F0C080919D03882309F4E6C060912A
:1099A000A0037091A10380915A0300919E0310912E
:1099B0009F031A830983882309F4B1C0645F71404F
:1099C00090E080E00E944F8F209154033091550326
:1099D0002617370709F096C01092590310925803C2
:1099E000609158037091590390E080E00E940290CA
:1099F00009811A81601771070CF48BC060915803BC
:109A0000709159036F5F7F4F7093590360935803B0
:109A1000EBCF99819430D9F1953011F00C94613CE1
:109A200080917203909173030097A9F484EA99E0FE
:109A30000E94F79F882311F40C94613C80E30E94FC
:109A4000FC2880919D03882311F40C94613C0E94B2
:109A5000E4A40C94613C019711F00C94613C84EAFD
:109A600099E00E94F79F811133C880E998E00E9435
:109A7000F79F882311F40C94613C80917C0A81113A
:109A80000C94613C81E20E94FC280C94613C809122
:109A9000720390917303009731F480E998E00E947B
:109AA000F79F0C947140019711F00C94613C84EA8B
:109AB00099E00E94F79F811158CA80E998E00E94BE
:109AC000F79F882311F40C94613C74CB809172034E
:109AD00090917303019711F00C94613C84EA99E032
:109AE0000E94F79F81110C94C24280E998E00E9485
:109AF000F79F882311F40C94613C8DE20E94FC28AE
:109B00000C94613C6F5F7F4F7093590360935803CF
:109B100067CF8B010C501E4F1A8309830BC06F5FF8
:109B20007F4F09811A810D501E4F0617170790F0BD
:109B30007A8369838091A403882379F00E94E0A648
:109B400009811A811093A1030093A0030E94766EED
:109B50000C94613C04EF11E0DFCF09811A8110936E
:109B6000A1030093A0030C94613C83E70E94FC28AE
:109B70000C94613C80E998E00E94F79F882311F4DF
:109B80000C94613C80919D03882309F479C0209155
:109B9000A0033091A1033A83298380915A0388233B
:109BA00009F454C0245F3140B90190E080E00E9484
:109BB0004F8F20915603309157032617370751F5E1
:109BC00080915403909155039093590380935803C7
:109BD000609158037091590390E080E00E940290D8
:109BE00000919E0310919F031A83098309811A81B2
:109BF00060177107B4F06091580370915903615078
:109C00007109709359036093580390E080E00E94BB
:109C10000290ECCF6150710970935903609358031F
:109C2000D7CF8B010C501E4F1A8309838091A40358
:109C30008823F1F00E94E0A609811A811093A10304
:109C40000093A0030E94766E0C94613C29813A81B6
:109C5000215031093A832983243F314038F76091FC
:109C60009E0370919F036D507E4F7A836983DECF90
:109C700009811A811093A1030093A0030C94613C05
:109C800084E70E94FC280C94613C019711F00C942D
:109C9000613C84EA99E00E94F79F882329F088E2DA
:109CA0000E94FC280C94613C80E998E00E94F79F98
:109CB000882311F40C94613C80E490E00E94E66EED
:109CC000EE24E39410E000E020E040917B0660E0A9
:109CD00080E490E00E94E16F80917F0A813019F169
:109CE000833009F44AC083E080937F0A8CE690E0D9
:109CF0000E94E66E8AE690E00E94E66E8BE690E0B7
:109D00000E94E66EEE24E39410E000E020E0409133
:109D10007B0660E08BE690E00E94E16F84E20E94A7
:109D2000FC280C94613C198110937F0A80934A02AD
:109D30008CE690E00E94E66E8AE690E00E94E66E75
:109D40008BE690E00E94E66EEE24E39410E000E0E3
:109D500020E040917B0660E08CE690E00E94E16F9D
:109D600086E20E94FC284AEF50E060E070E089EE55
:109D700099E00E94E1A10C94613C81E080937F0A0C
:109D800080934A028CE690E00E94E66E8AE690E0BC
:109D90000E94E66E8BE690E00E94E66EEE24E3946D
:109DA00010E000E020E040917B0660E08AE690E071
:109DB0000E94E16F85E20E94FC284AEF50E060E0DB
:109DC00070E089EE99E00E94E1A10C94613C8091E1
:109DD0007203909173030097B9F584EA99E00E94A9
:109DE000F79F8823A9F086E30E94FC2880919D03B9
:109DF000882311F40C94613C8091A403882321F002
:109E00000E94E0A60C94613C0E94766E0C94613C2A
:109E100080E998E00E94F79F882311F40C94613C3C
:109E200080917E068A3B61F480917C0680937E0659
:109E30008FE10E94FC2880E00E94FA7A0C94613C39
:109E400080937C068AEBF2CF019711F00C94613C71
:109E500084EA99E00E94F79F882309F4A0C080E279
:109E60000E94FC2880919D03882311F40C94613C8E
:109E700084E490E00E94E66EEE24E39410E000E0BB
:109E800020E040917B0660E084E490E00E94E16F76
:109E90000E94A06A833009F1853009F45FC08230E6
:109EA000E1F58093640383E091E00E94E66E8EE525
:109EB00090E00E94E66E8EE490E00E94E66E8DE4F3
:109EC00090E00E94E66E20E040917B0660E08EE428
:109ED00090E00E94E16F0C94613C8093640383E006
:109EE00091E00E94E66E8EE590E00E94E66E8EE4C0
:109EF00090E00E94E66E8DE490E00E94E66EEE2413
:109F0000E39410E000E020E040917B0660E08EE505
:109F100090E00E94E16F0C94613C84E080936403C4
:109F200083E091E00E94E66E8EE590E00E94E66E8E
:109F30008EE490E00E94E66E8DE490E00E94E66E72
:109F4000EE24E39410E000E020E040917B0660E026
:109F500083E091E00E94E16F0C94613C29812093A1
:109F6000640383E091E00E94E66E8EE590E00E943B
:109F7000E66E8EE490E00E94E66E8DE490E00E9432
:109F8000E66EEE24E39410E000E020E040917B06D2
:109F900060E08DE490E00E94E16F0C94613C80E908
:109FA00098E00E94F79F882311F40C94613C81E3B0
:109FB0000E94FC2880919D03882311F40C94613C3D
:109FC00080915A033981382730935A030C94613CAD
:109FD00085E14FEF609150020E94477D0E94F3118E
:109FE0009091690380914F02981708F0D7C081E9DA
:109FF00097E00E94F4A18BE997E00E94B1A1882329
:10A0000009F43CC04FEF6091500280E00E94477D10
:10A01000E091690320914F02E21780F520915002F0
:10A02000203309F437C1223309F038C1F0E0E6509B
:10A03000F74FE491E093BB030E941F8E44E050E091
:10A0400060E070E08BE997E00E94E1A180916903F4
:10A050008F5F8093690390914F0289130FC0109214
:10A06000690380915002853011F00E947E7D10922C
:10A07000A3071092A40783E080935B028BE497E030
:10A0800060960FB6F894DEBF0FBECDBFDF91CF91C3
:10A090001F910F91FF90EF90DF90CF90BF90AF9006
:10A0A0009F908F907F906F905F904F903F902F90F8
:10A0B0000C94B1A1E730A8F480E0E330A8F486E185
:10A0C000E13091F0E23009F4C9C08091680388233F
:10A0D00009F4A2C00E94E76A882309F4C5C08EE093
:10A0E00003C08CE1E73089F7609150024FEF603395
:10A0F00009F4BEC0623309F0C5C00E94477DE091FB
:10A100006903E150FF0BE650F74FE491E093BB0386
:10A110000E941F8E109269031092990710929A075D
:10A1200040E050E0BA018BE997E00E94E1A163CFE3
:10A1300080916803882331F00E94E76A882361F1E7
:10A140008BE047CF0E94DF6A90917A0A833049F40E
:10A15000913079F020F084E1943008F43ACF86E130
:10A1600038CF913020F09330D0F3953010F081E06B
:10A1700030CF83E12ECF0E94DF6A8330C1F38FE0BE
:10A1800028CF8BE126CF89E124CF88E122CF8091AF
:10A1900055028E3F60F7E3CF8DE01BCF80917A0AA6
:10A1A0009091770A9330C9F49FEF980F9430E0F4C0
:10A1B00098E020915002203311F02233E9F44AE074
:10A1C000491B50E070E060E081E997E00E94E1A166
:10A1D00010928F07109290070ECF96E0823049F3CD
:10A1E00028F495E0813029F399E0E3CF97E08330BC
:10A1F00001F38430E9F2F8CF45E5823011F328F419
:10A2000044E68130F1F248E2DCCF46E48330C9F223
:10A2100047E38430B1F2F7CF0E94DF6A90917A0A67
:10A22000833069F49230B1F020F4913069F085E028
:10A230005BCF933089F09430D1F787E055CF9230DF
:10A24000E1F320F4913099F38AE04ECF933021F07E
:10A250009430D1F789E048CF88E046CF0E94DF6A8A
:10A26000833021F484E040CF81E03ECF80E13CCFD9
:10A2700060E30E94477DE0916903E150FF0BE653E4
:10A28000F74F43CF0E94477D2091690321502093CF
:10A29000BB033ECFF0E0E653F74FCBCEE093BB03DA
:10A2A0000E941F8E44E150E060E070E0CBCE098157
:10A2B0001A810630110511F00C9458350C94C735ED
:10A2C000813011F00C94CD338091020180620C94A6
:10A2D000F133813011F40C94E3330C94CD33EF92CD
:10A2E0000F931F93CF93DF93CDB7DEB762970FB66F
:10A2F000F894DEBF0FBECDBF80919D03811153C086
:10A300001F828FEF89838091740690917506DC011E
:10A31000ED91FC910084F185E02D1995892B09F4CC
:10A320004EC081E08F838091740690917506DC01A8
:10A33000ED91FC910084F185E02D1995892BF9F0C0
:10A340008091740690917506DC01ED91FC91028478
:10A35000F385E02D19958983BE01695F7F4FCE019A
:10A3600001960E949E978093720680915C0680936E
:10A3700073068330C1F2181614F00E94D1938091B5
:10A380007206882381F080916706882361F084300B
:10A3900011F40C949F5F08F5813009F4B0C082304D
:10A3A00011F40C94555F62960FB6F894DEBF0FBEA1
:10A3B000CDBFDF91CF911F910F91EF900895BE0116
:10A3C000695F7F4FCE0101960E949E97809372062F
:10A3D00080915C0680937306CECF853011F40C9487
:10A3E0008F61A7E5B5E0E7E0F2E08630E1F68D9118
:10A3F000819382E0E631F807D1F762E778E0CE0199
:10A4000001960E94369ACE0101960E942E9A809162
:10A410000D02882311F40C94F46181E0809396037B
:10A42000809107020E94FA92809108028093760A36
:10A4300080910A020E94CD9280910B028093750A4E
:10A4400080910E029FEF980F953030F490917A0A28
:10A4500090937B0A80937A0A0E94837780910B0203
:10A460000E94EA0E0E94AA0F0E94122980914B02BC
:10A47000843021F480910F0280934A0280910C0273
:10A48000809349038091100280938C038091140281
:10A490008093A3038091150280935A038091130245
:10A4A000823040F0843010F40C940F62843011F448
:10A4B0000C9414621092A4031092A20380911102D2
:10A4C00080935E02A6E48A9FC001112464E670E0D6
:10A4D0000E9436B1665460937B060E94426D809163
:10A4E0001202882309F45FCF80917E0680937C0658
:10A4F0008AEB80937E0680E00E94FA7A54CF909196
:10A500005705909385036091580560938603809169
:10A5100059058093870380915A0580938803809121
:10A520005B0580938903662309F43DCF913011F0D8
:10A530000C940B5F843009F036CFCE010D960E944B
:10A54000F8996AEB78E0CE0101960E94369ABE0136
:10A550006F5F7F4FCE0107960E94649ABE01635FD2
:10A560007F4FCE0107960E94A499CE0107960E94C4
:10A570002E9ACE0101960E942E9ACE010D960E942F
:10A580002E9A0091870310918803E0918603E336A9
:10A5900009F43CC108F08BC0E23009F4B7C008F000
:10A5A0007CC0E13009F4A4C0E550EE3608F0FBCEE3
:10A5B000F0E08827E152FD4A8F4F0C944AB10A54CB
:10A5C0001054EC555856CB56F656FC5704580C58B8
:10A5D0001458C556C8561B5748577557A257CF57DA
:10A5E000F159B559D35997591C5845586E58975831
:10A5F000E158EC580159405955596B5981596255E8
:10A60000A155BD55CF55815B9F5BBD5BDB5B0F5A91
:10A61000F95B125CAE5CC45CDA5CF85C165D345DC0
:10A62000525D685D7E5DA45DCA5DF05D165E3C5E58
:10A630002A5C405C565C6C5CB656135BFD5A3F5B13
:10A64000295B555B6B5BC0585B546954DF54E35422
:10A65000E754EB54EE543B5580548A54825C985C2A
:10A66000215A375A4D5A635A795A8F5AA55ABB5AAA
:10A67000D15AE75A31544654D351D351D351D351BF
:10A68000DF5EF55E9454AD54C65416592B59625E84
:10A69000785ED3518E5EA45EBA5EE43009F44AC09F
:10A6A000E23609F081CF8FEA0E94F8A47CCEE3372E
:10A6B00009F4A8C068F4EF3609F076CF109247038A
:10A6C00040E050E0BA0189EB97E00E94E1A16BCE37
:10A6D000E43709F48FC0E53709F066CF8091700345
:10A6E000882309F460CE10922B0710922C075BCEC2
:10A6F0008091A6039091A703019721F082E00E9428
:10A70000FC2851CE81E00E94FC284DCE62E678E024
:10A71000CE0101960E94369ACE0101960E942E9A91
:10A720000130110511F410925C0210924907109249
:10A730004A0739CE64E578E0CE0101960E94369A48
:10A74000CE0101960E942E9A83E00E94FC2860911F
:10A75000AA037091AB0380EE0E94B0286091790A41
:10A7600070E089E00E94B02880919603811106C0B4
:10A77000809148030E94CD920E94EF758091770AE4
:10A78000882339F181E08093740A10927C0A109238
:10A790007D0A80917E0A882351F10E946B70882384
:10A7A00021F181E70E94FC2842EB5CE060E070E070
:10A7B00087E397E00E94E1A10E948A925F9881E07E
:10A7C00090E09093A7038093A6038AE08093A5036B
:10A7D000EACD80917C0A61E070E0813011F070E098
:10A7E00060E084EE0E94B028D4CF82E7DBCF0E94E5
:10A7F0006B70DACF809170038111D5CD83E08093A7
:10A800006C03D1CD81E080935C02CDCD80EB0E94C2
:10A81000F8A4C9CD81E08093960310928D03C3CD37
:10A8200080919603882361F080919A0390919B0315
:10A83000009731F010927003029761F40E94FD7F3F
:10A840001092960381E00130110509F080E08093B9
:10A850008D03A9CD81E090E09093990380939803B4
:10A86000EFCF86E191E00E94E66E87E191E00E94E1
:10A87000E66EEE24E39410E000E020E040917B06D9
:10A8800060E086E191E00E94E16F8DCD86E191E08C
:10A890000E94E66E87E191E00E94E66EEE24E3946A
:10A8A00010E000E020E040917B0660E087E191E06D
:10A8B0000E94E16F78CD81E08093740A0E94E1925A
:10A8C0000E9483776091790A70E089E00E94B02845
:10A8D0006ACD82E08093740A1092750A1092770A0A
:10A8E00080917C0A811103C081E080937C0A0E94E0
:10A8F00083776091790A70E089E00E94B02853CD97
:10A9000080919A0390919B03892B09F44CCD0E946E
:10A91000587449CD80919A0390919B03892B09F437
:10A9200042CD0E94E1703FCD81E991E00E94E66E48
:10A9300082E991E00E94E66E88E791E00E94E66E6F
:10A94000EE24E39410E000E020E040917B0660E01C
:10A9500088E791E00E94E16F26CD81E991E00E94B5
:10A96000E66E82E991E00E94E66E88E791E00E943F
:10A97000E66EEE24E39410E000E020E040917B06D8
:10A9800060E081E991E00E94E16F0DCD81E991E005
:10A990000E94E66E82E991E00E94E66E88E791E00F
:10A9A0000E94E66EEE24E39410E000E020E0409187
:10A9B0007B0660E082E991E00E94E16FF4CC81E0E7
:10A9C0000E94EA0EF0CC80E00E94EA0EECCC81E01E
:10A9D00080934903E8CC10924903E5CC80919A0317
:10A9E00090919B038130910509F03EC080919803BE
:10A9F000909199030497039708F4D5CC809196031E
:10AA0000882309F4D0CC809171038111CCCC809142
:10AA10004702882309F4C7CC80915102882319F09A
:10AA20008CE40E94FC280E94A06A82508230C8F008
:10AA300080914603811115C00E940E6FEE24E394AD
:10AA400010E000E020E040917B0660E081E990E0CA
:10AA50000E94E16F80915102882319F083E50E94E2
:10AA6000FC280E9469819FCC892B09F09CCC8BE04B
:10AA70000E94FC2898CC80919A0390919B0381308E
:10AA80009105C9F4809198039091990304970397D5
:10AA900008F489CC80919603882309F484CC8091B2
:10AAA0007103811180CC80914702882309F47BCC0B
:10AAB0000E9462A778CC892B09F075CC8CE00E94AB
:10AAC000FC2871CC0230110530F004301105A0F0E3
:10AAD00004301105A9F01092A4031092A2038091F2
:10AAE000A403882399F08091A20381110FC01092D2
:10AAF0000D0710920E0757CC81E08093A403EDCF91
:10AB000081E08093A4038093A203E9CF80919A030C
:10AB100090919B03892B09F046CC809198039091EA
:10AB20009903892B09F03FCC8091960381113BCC8E
:10AB300040E65AEE60E070E085E097E00E94E1A117
:10AB400032CC01151105B1F061E00230110509F0B8
:10AB500060E06093A30380919E0390919F03181679
:10AB600019060CF020CC8091A0039091A1030E94C3
:10AB70004A8C19CC0E94E4A416CC0115110541F0B1
:10AB800081E00230110509F080E080935A030BCC7C
:10AB900080915A0391E0892780935A0304CC8091D5
:10ABA0007E068A3B61F40230110509F4FCCB8091EA
:10ABB0007C0680937E0680E00E94FA7AF4CB013016
:10ABC000110509F4F0CB80937C068AEB80937E0616
:10ABD00080E00E94FA7AE7CB81E080937103809154
:10ABE0009A0390919B038230910509F4DCCB20916C
:10ABF0009803309199032430310509F4D4CB01979F
:10AC000009F04DC080915102882331F086EB0E94FB
:10AC1000FC288CE40E94FC2881E190E00E94E66E12
:10AC2000EE24E39410E000E020E040917B0660E039
:10AC300081E190E00E94E16F0E94A06A8250823020
:10AC4000A8F080914603811111C00E940E6F20E090
:10AC500040917B0660E081E990E00E94E16F809185
:10AC60005102882319F083E50E94FC280E940F6A94
:10AC70008091980390919903069751F46091770A17
:10AC800070E08AE00E94B028109299031092980315
:10AC90000E94646F0E941E7181E00E942E6F40E945
:10ACA00051E060E070E083EC97E00E94E1A17BCB93
:10ACB00080919A0390919B03029709F454C080916C
:10ACC0007103882309F44FC00E94B66A80919A03E9
:10ACD00090919B030197C1F48091740A823091F4A2
:10ACE0009091440980913F0998130EC09091FF08FC
:10ACF0008091FA08981308C090918909809184097D
:10AD0000981302C00E94F06980919A0390919B036E
:10AD1000019749F58091980390919903049719F14F
:10AD2000809196038823F9F081E00E9414720E94BA
:10AD3000A06A84508230B8F489E491E00E94E66E03
:10AD4000EE24E39410E000E020E040917B0660E018
:10AD500089E491E00E94E16F9091440980913F095C
:10AD600098130E94D371109271031DCB1092350875
:10AD7000109236080E94B66A8DE00E94FC280E945C
:10AD8000026F81E0809306020ECB0E94CA7A0BCB41
:10AD90000E949B7A08CB81E080934A0280919803BD
:10ADA00090919903099709F4FECA80E490E00E940B
:10ADB000E66EEE24E39410E000E020E040917B0694
:10ADC00060E080E490E00E94E16F80E590E00E9406
:10ADD000E66E81E590E00E94E66E20E040917B0601
:10ADE00060E080E590E00E94E16FDDCA10924A02C7
:10ADF00080E490E00E94E66EEE24E39410E000E030
:10AE000020E040917B0660E080E490E00E94E16FEA
:10AE100081E590E00E94E66E80E590E00E94E66E9B
:10AE200020E040917B0660E081E590E00E94E16FC8
:10AE30000E94536AB8CA80E490E00E94E66EEE2455
:10AE4000E39410E000E020E040917B0660E080E4C5
:10AE500090E00E94E16F88E690E00E94E66E86E650
:10AE600090E00E94E66E87E690E00E94E66E8BE43A
:10AE700091E00E94E66E8CE991E00E94E66E20E08F
:10AE800040917B0660E086E690E00E94E16F8BCA0D
:10AE900080E490E00E94E66EEE24E39410E000E08F
:10AEA00020E040917B0660E080E490E00E94E16F4A
:10AEB00088E690E00E94E66E86E690E00E94E66EEC
:10AEC00087E690E00E94E66E8BE491E00E94E66ED9
:10AED0008CE991E00E94E66E20E040917B0660E004
:10AEE00087E690E00E94E16F5ECA80E490E00E94F5
:10AEF000E66EEE24E39410E000E020E040917B0653
:10AF000060E080E490E00E94E16F88E690E00E94BB
:10AF1000E66E86E690E00E94E66E87E690E00E948C
:10AF2000E66E8BE491E00E94E66E8CE991E00E946F
:10AF3000E66E20E040917B0660E088E690E00E94AB
:10AF4000E16F31CA80E490E00E94E66EEE24E39463
:10AF500010E000E020E040917B0660E080E490E0BB
:10AF60000E94E16F88E690E00E94E66E86E690E03F
:10AF70000E94E66E87E690E00E94E66E8BE491E028
:10AF80000E94E66E8CE991E00E94E66E20E040911E
:10AF90007B0660E08BE491E00E94E16F04CA80E4EC
:10AFA00090E00E94E66EEE24E39410E000E020E0E2
:10AFB00040917B0660E080E490E00E94E16F88E6CB
:10AFC00090E00E94E66E86E690E00E94E66E87E6DC
:10AFD00090E00E94E66E8BE491E00E94E66E8CE9C0
:10AFE00091E00E94E66E20E040917B0660E08CE9F3
:10AFF00091E00E94E16FD7C982E08093760A0E94B7
:10B00000AA0F0E941229CFC983E08093760A0E947A
:10B01000AA0F0E941229C7C984E08093760A0E9471
:10B02000AA0F0E941229BFC985E08093760A0E9468
:10B03000AA0F0E941229B7C984E490E00E94E66E2C
:10B0400083E091E00E94E66E8EE590E00E94E66E5D
:10B050008EE490E00E94E66E8DE490E00E94E66E41
:10B06000EE24E39410E000E020E040917B0660E0F5
:10B0700084E490E00E94E16F20E040917B0660E074
:10B0800083E091E00E94E16F8EC984E490E00E9429
:10B09000E66E83E091E00E94E66E8EE590E00E940D
:10B0A000E66E8EE490E00E94E66E8DE490E00E94F1
:10B0B000E66EEE24E39410E000E020E040917B0691
:10B0C00060E084E490E00E94E16F20E040917B0624
:10B0D00060E08EE590E00E94E16F65C984E490E055
:10B0E0000E94E66E83E091E00E94E66E8EE590E0BD
:10B0F0000E94E66E8EE490E00E94E66E8DE490E0A1
:10B100000E94E66EEE24E39410E000E020E040911F
:10B110007B0660E084E490E00E94E16F20E04091D3
:10B120007B0660E08EE490E00E94E16F3CC984E41D
:10B1300090E00E94E66E83E091E00E94E66E8EE56C
:10B1400090E00E94E66E8EE490E00E94E66E8DE450
:10B1500090E00E94E66EEE24E39410E000E020E030
:10B1600040917B0660E084E490E00E94E16F20E083
:10B1700040917B0660E08DE490E00E94E16F13C98E
:10B180008AEA90E00E94E66E83E091E00E94E66E1B
:10B190008EE590E00E94E66E8DE490E00E94E66EFF
:10B1A0008EE490E00E94E66EEE24E39410E000E06E
:10B1B00020E040917B0660E08AEA90E00E94E16F27
:10B1C000F2C80E948377882309F4EDC8802F0E947B
:10B1D000CD920E94EF75E7C885E590E00E94E66E8B
:10B1E00084E590E00E94E66EEE24E39410E000E037
:10B1F00020E040917B0660E085E590E00E94E16FF1
:10B20000D2C884E590E00E94E66E85E590E00E9459
:10B21000E66EEE24E39410E000E020E040917B062F
:10B2200060E084E590E00E94E16FBDC889E991E0AB
:10B230000E94E66E8AE991E00E94E66EEE24E394B5
:10B2400010E000E020E040917B0660E089E991E0B9
:10B250000E94E16FA8C88AE991E00E94E66E89E940
:10B2600091E00E94E66EEE24E39410E000E020E01E
:10B2700040917B0660E08AE991E00E94E16F93C80B
:10B2800086E590E00E94E66E87E590E00E94E66E1B
:10B29000EE24E39410E000E020E040917B0660E0C3
:10B2A00087E590E00E94E16F7EC886E590E00E940D
:10B2B000E66E87E590E00E94E66EEE24E39410E0EF
:10B2C00000E020E040917B0660E086E590E00E948F
:10B2D000E16F0C94D3518BE590E00E94E66E8AE515
:10B2E00090E00E94E66EEE24E39410E000E020E09F
:10B2F00040917B0660E08AE590E00E94E16F0C944B
:10B30000D3518BE590E00E94E66E8AE590E00E94C2
:10B31000E66EEE24E39410E000E020E040917B062E
:10B3200060E08BE590E00E94E16F0C94D35180E7E0
:10B3300090E00E94E66E81E790E00E94E66E82E770
:10B3400090E00E94E66E83E790E00E94E66EEE24B5
:10B35000E39410E000E020E040917B0660E080E7AD
:10B3600090E00E94E16F0C94D35180E790E00E943E
:10B37000E66E81E790E00E94E66E82E790E00E9430
:10B38000E66E83E790E00E94E66EEE24E39410E020
:10B3900000E020E040917B0660E082E790E00E94C0
:10B3A000E16F0C94D35180E790E00E94E66E81E754
:10B3B00090E00E94E66E82E790E00E94E66E83E7EE
:10B3C00090E00E94E66EEE24E39410E000E020E0BE
:10B3D00040917B0660E083E790E00E94E16F0C946F
:10B3E000D35180E790E00E94E66E81E790E00E94F2
:10B3F000E66E82E790E00E94E66E83E790E00E94AE
:10B40000E66EEE24E39410E000E020E040917B063D
:10B4100060E081E790E00E94E16F0C94D3518FE3EC
:10B4200090E00E94E66EEE24E39410E000E020E05D
:10B4300040917B0660E08FE390E00E94E16F0C9406
:10B44000D35182E291E00E94E66E87E291E00E9491
:10B45000E66EEE24E39410E000E020E040917B06ED
:10B4600060E082E291E00E94E16F0C94D35183E2AC
:10B4700091E00E94E66E88E291E00E94E66EEE2482
:10B48000E39410E000E020E040917B0660E083E27E
:10B4900091E00E94E16F0C94D35184E291E00E940C
:10B4A000E66E89E291E00E94E66EEE24E39410E0FD
:10B4B00000E020E040917B0660E084E291E00E94A1
:10B4C000E16F0C94D35185E291E00E94E66E8AE22E
:10B4D00091E00E94E66EEE24E39410E000E020E0AC
:10B4E00040917B0660E085E291E00E94E16F0C9460
:10B4F000D35186E291E00E94E66E8BE291E00E94D9
:10B50000E66EEE24E39410E000E020E040917B063C
:10B5100060E086E291E00E94E16F0C94D35187E2F3
:10B5200091E00E94E66E82E291E00E94E66EEE24D7
:10B53000E39410E000E020E040917B0660E087E2C9
:10B5400091E00E94E16F0C94D35188E291E00E9457
:10B55000E66E83E291E00E94E66EEE24E39410E052
:10B5600000E020E040917B0660E088E291E00E94EC
:10B57000E16F0C94D35189E291E00E94E66E84E27F
:10B5800091E00E94E66EEE24E39410E000E020E0FB
:10B5900040917B0660E089E291E00E94E16F0C94AB
:10B5A000D3518AE291E00E94E66E85E291E00E942A
:10B5B000E66EEE24E39410E000E020E040917B068C
:10B5C00060E08AE291E00E94E16F0C94D3518BE23B
:10B5D00091E00E94E66E86E291E00E94E66EEE2423
:10B5E000E39410E000E020E040917B0660E08BE215
:10B5F00091E00E94E16F0C94D35185EA90E00E94A3
:10B60000E66E84EA90E00E94E66EEE24E39410E099
:10B6100000E020E040917B0660E085EA90E00E9437
:10B62000E16F0C94D35184EA90E00E94E66E85EAC3
:10B6300090E00E94E66EEE24E39410E000E020E04B
:10B6400040917B0660E084EA90E00E94E16F0C94F8
:10B65000D35187EA90E00E94E66E86EA90E00E946D
:10B66000E66EEE24E39410E000E020E040917B06DB
:10B6700060E087EA90E00E94E16F0C94D35186EA83
:10B6800090E00E94E66E87EA90E00E94E66EEE246B
:10B69000E39410E000E020E040917B0660E086EA61
:10B6A00090E00E94E16F0C94D35189EA90E00E94EF
:10B6B000E66E88EA90E00E94E66EEE24E39410E0E5
:10B6C00000E020E040917B0660E089EA90E00E9483
:10B6D000E16F0C94D35188EA90E00E94E66E89EA0B
:10B6E00090E00E94E66EEE24E39410E000E020E09B
:10B6F00040917B0660E088EA90E00E94E16F0C9444
:10B70000D35189E790E00E94E66E8AE790E00E94BC
:10B71000E66E8BE790E00E94E66E8AE791E00E9479
:10B72000E66EEE24E39410E000E020E040917B061A
:10B7300060E089E790E00E94E16F0C94D35189E7C3
:10B7400090E00E94E66E8AE790E00E94E66E8BE74A
:10B7500090E00E94E66E8AE791E00E94E66EEE2499
:10B76000E39410E000E020E040917B0660E08AE78F
:10B7700090E00E94E16F0C94D35189E790E00E9421
:10B78000E66E8AE790E00E94E66E8BE790E00E940A
:10B79000E66E8AE791E00E94E66EEE24E39410E004
:10B7A00000E020E040917B0660E08BE790E00E94A3
:10B7B000E16F0C94D35189E790E00E94E66E8AE72E
:10B7C00090E00E94E66E8BE790E00E94E66E8AE7CA
:10B7D00091E00E94E66EEE24E39410E000E020E0A9
:10B7E00040917B0660E08AE791E00E94E16F0C9453
:10B7F000D35181E0809348028CE790E00E94E66E8E
:10B800008DE790E00E94E66EEE24E39410E000E005
:10B8100020E040917B0660E08CE790E00E94E16FC1
:10B820000C94D351109248028CE790E00E94E66E8F
:10B830008DE790E00E94E66EEE24E39410E000E0D5
:10B8400020E040917B0660E08DE790E00E94E16F90
:10B850000C94D35180EA91E00E94E66E81EA91E077
:10B860000E94E66EEE24E39410E000E020E04091B8
:10B870007B0660E080EA91E00E94E16F0C94D35176
:10B8800080EA91E00E94E66E81EA91E00E94E66E15
:10B89000EE24E39410E000E020E040917B0660E0BD
:10B8A00081EA91E00E94E16F0C94D35188E990E025
:10B8B0000E94E66E87E990E00E94E66EEE24E39433
:10B8C00010E000E020E040917B0660E088E990E035
:10B8D0000E94E16F0C94D35188E990E00E94E66EDB
:10B8E00087E990E00E94E66EEE24E39410E000E029
:10B8F00020E040917B0660E087E990E00E94E16FE4
:10B900000C94D3518FE091E00E94E66E80E191E0CB
:10B910000E94E66EEE24E39410E000E020E0409107
:10B920007B0660E08FE091E00E94E16F0C94D351C0
:10B9300080E191E00E94E66E8FE091E00E94E66E69
:10B94000EE24E39410E000E020E040917B0660E00C
:10B9500080E191E00E94E16F0C94D35189E890E07E
:10B960000E94E66E8AE890E00E94E66EEE24E39480
:10B9700010E000E020E040917B0660E089E890E084
:10B980000E94E16F0C94D3518AE890E00E94E66E29
:10B9900089E890E00E94E66EEE24E39410E000E077
:10B9A00020E040917B0660E08AE890E00E94E16F31
:10B9B0000C94D35182E890E00E94E66E80E591E01D
:10B9C0000E94E66E83E890E00E94E66E84E890E0D4
:10B9D0000E94E66EEE24E39410E000E020E0409147
:10B9E0007B0660E082E890E00E94E16F0C94D35106
:10B9F00082E890E00E94E66E80E591E00E94E66EAB
:10BA000083E890E00E94E66E84E890E00E94E66E93
:10BA1000EE24E39410E000E020E040917B0660E03B
:10BA200080E591E00E94E16F0C94D35182E890E0B0
:10BA30000E94E66E80E591E00E94E66E83E890E069
:10BA40000E94E66E84E890E00E94E66EEE24E394A5
:10BA500010E000E020E040917B0660E083E890E0A9
:10BA60000E94E16F0C94D35182E890E00E94E66E50
:10BA700080E591E00E94E66E83E890E00E94E66E29
:10BA800084E890E00E94E66EEE24E39410E000E08B
:10BA900020E040917B0660E084E890E00E94E16F46
:10BAA0000C94D35180E890E00E94E66E81E890E02B
:10BAB0000E94E66EEE24E39410E000E020E0409166
:10BAC0007B0660E080E890E00E94E16F0C94D35127
:10BAD00080E890E00E94E66E81E890E00E94E66EC9
:10BAE000EE24E39410E000E020E040917B0660E06B
:10BAF00081E890E00E94E16F0C94D35185E891E0D9
:10BB00000E94E66E85E890E00E94E66E86E891E08D
:10BB10000E94E66E86E890E00E94E66E87E890E07C
:10BB20000E94E66E88E890E00E94E66EEE24E394C0
:10BB300010E000E020E040917B0660E087E890E0C4
:10BB40000E94E16F0C94D35185E891E00E94E66E6B
:10BB500085E890E00E94E66E86E891E00E94E66E3D
:10BB600086E890E00E94E66E87E890E00E94E66E2C
:10BB700088E890E00E94E66EEE24E39410E000E096
:10BB800020E040917B0660E086E890E00E94E16F53
:10BB90000C94D35185E891E00E94E66E85E890E030
:10BBA0000E94E66E86E891E00E94E66E86E890E0EC
:10BBB0000E94E66E87E890E00E94E66E88E890E0DA
:10BBC0000E94E66EEE24E39410E000E020E0409155
:10BBD0007B0660E086E891E00E94E16F0C94D3510F
:10BBE00085E891E00E94E66E85E890E00E94E66EAE
:10BBF00086E891E00E94E66E86E890E00E94E66E9C
:10BC000087E890E00E94E66E88E890E00E94E66E89
:10BC1000EE24E39410E000E020E040917B0660E039
:10BC200085E890E00E94E16F0C94D35185E891E0A3
:10BC30000E94E66E85E890E00E94E66E86E891E05C
:10BC40000E94E66E86E890E00E94E66E87E890E04B
:10BC50000E94E66E88E890E00E94E66EEE24E3948F
:10BC600010E000E020E040917B0660E085E891E094
:10BC70000E94E16F0C94D35185E891E00E94E66E3A
:10BC800085E890E00E94E66E86E891E00E94E66E0C
:10BC900086E890E00E94E66E87E890E00E94E66EFB
:10BCA00088E890E00E94E66EEE24E39410E000E065
:10BCB00020E040917B0660E088E890E00E94E16F20
:10BCC0000C94D35182EB91E00E94E66E81EB91E0FF
:10BCD0000E94E66EEE24E39410E000E020E0409144
:10BCE0007B0660E082EB91E00E94E16F0C94D351FF
:10BCF00082EB91E00E94E66E81EB91E00E94E66E9D
:10BD0000EE24E39410E000E020E040917B0660E048
:10BD100081EB91E00E94E16F0C94D35187EB91E0AD
:10BD20000E94E66E88EB91E00E94E66EEE24E394BA
:10BD300010E000E020E040917B0660E087EB91E0BE
:10BD40000E94E16F0C94D35187EB91E00E94E66E64
:10BD500088EB91E00E94E66EEE24E39410E000E0B0
:10BD600020E040917B0660E088EB91E00E94E16F6B
:10BD70000C94D35180919A0390919B03892B11F0DD
:10BD80000C94D3518091740A813011F00C94D351EA
:10BD9000909189098091840998130C94D3518091D2
:10BDA000980390919903892B11F00C94D35182E060
:10BDB00090E090939903809398030C94D3510E9440
:10BDC000976C0E94F96A8CE890E00E94E66EEE247F
:10BDD000E39410E000E020E040917B0660E08CE816
:10BDE00090E00E94E16F0C94D3510E94EB6C0E9492
:10BDF000786C8BE890E00E94E66EEE24E39410E00D
:10BE000000E020E040917B0660E08BE890E00E943B
:10BE1000E16F0C94D351923011F00C94D3516230F5
:10BE200011F00C94D3512091870330918803232B78
:10BE300011F00C94D351853011F00C94D35182E061
:10BE400090E09093A7038093A60311E010939D03C5
:10BE5000109396031092A4031092A2030E948A9258
:10BE60005F980E94E68340ED57E060E070E084E96F
:10BE700096E00E94E1A10E949F7781E00E94FA7AF9
:10BE800080917C0A8D7F813031F01093740A10927A
:10BE90007C0A10927D0A0E9483770E94AA0F10925A
:10BEA000490710924A070C94D351909157059093EB
:10BEB0007F036091580560938003809159058093BA
:10BEC000810380915A058093820380915B05809362
:10BED000830380915C0580938403662311F40C94A2
:10BEE000D351913011F00C94D351843011F00C9453
:10BEF000D351CE010D960E94F8996AEA78E0CE01FE
:10BF000001960E94369ABE016F5F7F4FCE01079661
:10BF10000E94649ABE01635F7F4FCE0107960E9424
:10BF2000A499CE0107960E942E9ACE0101960E94F6
:10BF30002E9ACE010D960E942E9A0C94D351A7E50D
:10BF4000B5E0EBE2F2E08D91819322E0E734F20775
:10BF5000D1F768E978E0CE0101960E94369ACE01C9
:10BF600001960E942E9A6CE378E0CE0101960E9421
:10BF7000369ACE0101960E942E9A80912C02813031
:10BF800091F168F1833089F182E38093500280E37C
:10BF900080934F02809130028093470280912D025E
:10BFA0008093560280912E02809355029091310227
:10BFB0009093790AE091770AE150E730D8F4F0E005
:10BFC00020917C0A8827E851F04A8F4F0C944AB19F
:10BFD000F75F116017601B60236027601F6085E0BA
:10BFE00080935002D5CF80E3FBCF82E0F9CF916000
:10BFF0002223D1F0E0913202E0934803E150E73090
:10C0000080F5F0E090917C0A8827E65FFF498F4F2A
:10C010000C944AB12B60FA600261086114611A61E4
:10C020000E6192602111E6CF9093790AE3CF94607C
:10C030002223D1F3DFCF98602223B1F3DBCF9064CA
:10C04000222391F3D7CF9061222371F3D3CF211113
:10C05000D1CF9062E9CF8091790A8160992309F468
:10C06000CEC080913302813009F4EAC0833009F4F4
:10C07000F7C081E08093740A10927C0A10927D0AC6
:10C0800070E060E084EE0E94B0288091350210924A
:10C090007E0A823009F4EFC0833009F4F3C01092B5
:10C0A000600310925F0380913402823009F4EDC086
:10C0B000833029F0813009F0ECC080934A028093EC
:10C0C0004B0280937F0A80913602809351028091C7
:10C0D000370280934C0280912F028093A9038091B4
:10C0E0003802809352028091390280934D028091F0
:10C0F0003A028093490280913B02809365038091CC
:10C1000044028093660380913C02833009F4D1C0DD
:10C1100008F0C4C0823009F4C8C010926403809152
:10C120003D02823009F4C9C0843009F4CDC01092B8
:10C130005C0310925B0380914002809363038091C3
:10C1400041028093670380913F028E3109F08CE1B8
:10C1500080934E0280919C038D7F8C3121F48091DD
:10C160004E0280939C0380914202823009F4AFC05A
:10C17000833009F4B7C0109262031092610380917A
:10C180004302823009F4B7C0833009F4BFC0109273
:10C190005E0310925D0380913E02A3E28A9FC0017C
:10C1A000112464E670E00E9436B1635260937D060C
:10C1B0008FE390E00E94E66EEE24E39410E000E04E
:10C1C00020E040917B0660E08FE390E00E94E16F09
:10C1D000809166030E94146D0E94AA0F0E9400299C
:10C1E0000E9412296091790A70E089E00E94B028CB
:10C1F0000C94D3518091790A8260911132CF80934F
:10C20000790A2FCF8091790A84609923C1F329CFCD
:10C210008091790A8860992391F323CF8091790ADC
:10C220008064992361F31DCF8091790A80619923FD
:10C2300031F317CF911115CF8091790A8062DFCF4A
:10C240000E94A49261E070E084EE0E94B02880E039
:10C250000E94CD92882309F418CF0E94EF7515CF64
:10C2600080937C0A9091740A913011F480937D0A36
:10C2700062E070E0E9CF81E090E09093600380930A
:10C280005F0311CF82E090E0F8CF91E090934A02F3
:10C2900016CF84E080934B0282E013CF843059F0B4
:10C2A000853009F03ACF84E001C081E080936403D7
:10C2B00036CF82E0FBCF83E0F9CF81E090E090932E
:10C2C0005C0380935B0337CF82E090E0F8CF10925D
:10C2D00054021092530281E090E0909362038093A5
:10C2E00061034DCF81E090E090935402809353021C
:10C2F00082E090E0F2CF10926E0310926D0381E025
:10C3000090E090935E0380935D0345CF81E090E0E1
:10C3100090936E0380936D0382E090E0F2CFA7E5E7
:10C32000B5E0E6E1F2E08D91819322E0EB32F20795
:10C33000D1F765E878E0CE0101960E94369ACE01E9
:10C3400001960E942E9A8091210280936A02809128
:10C35000220280931A088091230280931B08809107
:10C36000240280931C08809125028093220840912A
:10C37000260288EE93E0489F9001499F300D1124DA
:10C38000309361022093600240912702489F900100
:10C39000499F300D11243093630220936202409133
:10C3A0002802489F9001499F300D11243093650267
:10C3B0002093640240912902489F9001499F300DCB
:10C3C0001124309367022093660240912A02489F0D
:10C3D0009001499F300D1124309369022093680227
:10C3E0000E9400290C94D35180919603882361F018
:10C3F00080919A0390919B03009731F01092700303
:10C40000029731F40E94FD7F109296030C94105213
:10C4100081E090E09093990380939803F5CF81E0B9
:10C420008093A4030C945C5281E08093A4038093D6
:10C43000A2030C945E5290919C039C3131F4E82F3E
:10C44000F0E0EA58F34F849108959E3129F4E82FE3
:10C45000F0E0E059F34FF7CF81E0089580916B034E
:10C460008F5F80936B03089580916A038F5F809341
:10C470006A0308950F931F93CF93DF9300D000D0EA
:10C48000CDB7DEB78FEF9FEFDC0189839A83AB8353
:10C49000BC8310E000E01E830D83BE016B5F7F4F05
:10C4A000CE0101960E94B29BBE016A5F7F4FCE0112
:10C4B00001960E94B29B0F5F1F4F0632110559F77C
:10C4C0008EE190E09E838D83BE016B5F7F4FCE0136
:10C4D00001960E94B29BBE016A5F7F4FCE0101961A
:10C4E0000E94B29B88E090E09E838D83BE016B5FCB
:10C4F0007F4FCE0101960E94B29BBE016A5F7F4FC3
:10C50000CE0101960E94B29B69817A818B819C81C8
:10C51000609570958095909526960FB6F894DEBF3D
:10C520000FBECDBFDF91CF911F910F910895209144
:10C53000AC033091AD03215031092330310518F49B
:10C5400060E00C944A8C0895FF920F931F93CF9351
:10C55000DF93EC01F62E08811981C8010E947FB09B
:10C56000F81621F06F2DC8010E9487B0CE01DF912F
:10C57000CF911F910F91FF900895EF92FF920F932B
:10C580001F93CF93DF9300D000D0CDB7DEB70E94CA
:10C590003A6269837A838B839C83CE0101967C0106
:10C5A0000CEF1FE01E830D83F70161917F01CE0127
:10C5B00005960E94A4620F5F1F4F0115F0E11F074F
:10C5C00089F726960FB6F894DEBF0FBECDBFDF9178
:10C5D000CF911F910F91FF90EF900895E2E0F1E06D
:10C5E00080818F7D808380818F7B808310981198DC
:10C5F0000E948A9280E00E942829E5E0F7E01086F8
:10C60000118608952091980330919903A901435010
:10C6100051094230510518F02630310511F48823B4
:10C6200099F190917A0A20917B0A291303C0811114
:10C6300018C008952917A8F481E080934F034EE1B4
:10C6400050E060E070E09230D9F070F449E150E0E1
:10C6500060E070E09130A1F04CE350E060E070E009
:10C660000FC010924F03EBCF44E250E060E070E067
:10C67000933031F04DE250E060E070E0943061F7CB
:10C6800087ED97E00C94E1A1089580917A0A8230B9
:10C6900071F028F4813069F084E10C94FC28833037
:10C6A00021F08430C9F783E1F8CF82E1F6CF81E150
:10C6B000F4CF80E1F2CF8091530290915402019720
:10C6C00039F480E190E09093030280930202089590
:10C6D00083E090E09093030280930202809198039C
:10C6E00090919903049751F08091740A823079F700
:10C6F00080919A0390919B03892B49F786E090E003
:10C70000E2CF80919C038D7F8C3121F40E949E9515
:10C7100010925003089520919C0390916303E82F99
:10C72000F0E02C3149F4992321F0EC5AF34F849135
:10C730000895E85CF34FFBCF2E3141F4992319F0B3
:10C74000E05FF34FF4CFEE50F44FF1CF992319F09F
:10C75000ED5CF34FECCFE25DF34FE9CFCF93C82F01
:10C7600084E0C530F0F00E948B6360E00E941A9470
:10C7700083E00E948B6360E00E941A9482E00E9432
:10C780008B6360E00E941A9481E00E948B6360E0FA
:10C790000E941A9480E00E948B6360E0CF910C9419
:10C7A0001A940E948B6361E00E941A94C43001F3D2
:10C7B00083E00E948B6361E00E941A94C330F1F21F
:10C7C00082E00E948B6361E00E941A94C230E1F221
:10C7D00081E00E948B6361E00E941A94C111DACF5C
:10C7E00080E00E948B6361E0D9CFEF92FF920F93BC
:10C7F0001F93CF93DF938DE297E00E94B1A188232E
:10C8000041F040E951E060E070E08DE297E00E9485
:10C81000E1A180919C0310E08E3109F012E08DE2DD
:10C8200097E00E946BA1683C71058105910508F0B5
:10C83000DFC0C091A303CC2391F080919803909125
:10C840009903069759F480915702853039F4C1E075
:10C850008091720390917303892B09F0C0E080915D
:10C860007C0A8D7F813089F480919803909199039F
:10C87000069759F480915702853039F480917203FC
:10C8800090917303019709F4C1E080917E068A3B81
:10C8900069F48091980390919903069739F4D1E057
:10C8A0008091720390917303892B09F0D0E08091FD
:10C8B0005A03882379F02091980330919903263008
:10C8C000310541F420917203309173032130310519
:10C8D00009F4D82F80919C038C3169F105E08E31E9
:10C8E00059F180E0DD2309F47BC00E948B6360E096
:10C8F0000E941A9481E00E948B6361E00E941A9466
:10C9000082E00E948B6361E00E941A9483E00E949F
:10C910008B6361E00E941A9484E0CC2309F464C024
:10C920000E948B6360E0DF91CF911F910F91FF9088
:10C93000EF900C941A9404E0CC2379F1C0E08EE1DE
:10C9400090E07C01E11AF108CE151F04ACF4CC2371
:10C9500069F0DD2311F0C01710F0C93138F08C2FC9
:10C960000E948B630E945692CF5FEECF8C2F0E9465
:10C970008B630E943892F8CF80919C038E3129F40A
:10C980008DE10E948B630E943892DF91CF911F91BD
:10C990000F91FF90EF900C94A895DD23C9F0C0E0B3
:10C9A0008EE190E07C01E11AF108CE151F046CF7CE
:10C9B0008C2FCC2341F0C01730F40E948B630E946F
:10C9C0005692CF5FF2CF0E948B630E943892F9CFCC
:10C9D000DF91CF911F910F91FF90EF900C949E9556
:10C9E0000E948B6361E084CF0E948B6361E09BCFE8
:10C9F00080915702833009F4BDC068F4813009F496
:10CA00000BC1823009F4E3C0DF91CF911F910F91E8
:10CA1000FF90EF900895843009F47BC08530A1F732
:10CA200080919C038C3109F439C08E3109F068C0C3
:10CA3000C1E08EE190E09C01211B31098901C01702
:10CA400011060CF0A2CFEBEFEC0FE93100F5F0E0AE
:10CA50008827E25DFA498F4F0C944AB14C654C65CA
:10CA600047654765476547654C654C65476547655C
:10CA7000476547654C654C6547654765476547654C
:10CA80004C654C6547654765476547654C658C2F28
:10CA90000E948B630E945692CF5FD1CFC1E08EE19E
:10CAA00090E09C01211B31098901C01711060CF08F
:10CAB0006CCFECEFEC0FE531E0F4F0E08827EC59B7
:10CAC000FA498F4F0C944AB17E657E657E65796523
:10CAD000796579657E657E657E6579657965796557
:10CAE0007E657E657E657965796579657E657E653D
:10CAF0007E658C2F0E948B630E945692CF5FD5CFAC
:10CB000085E0DF91CF911F910F91FF90EF900C94F2
:10CB1000AE6380919C038C3149F18E3149F5C1E0BF
:10CB2000CD3038F48BEFCB3028F0CF5FC731C1F771
:10CB30002CCF8FEE8C0F8230C0F38C2F0E948B6332
:10CB40000E945692F2CFCD3038F48CEFCA3028F0E4
:10CB5000CF5FC631C1F719CF80EF8C0F8330C0F3A0
:10CB60008C2F0E948B630E945692F2CFC1E0F8CFC7
:10CB700084E0C7CF80919C038C3129F18E3129F557
:10CB8000C1E0C53030F0C73048F085EF8C0F8230FF
:10CB900028F08C2F0E948B630E945692CF5FC13188
:10CBA00081F7F3CEC43030F0C73048F086EF8C0FF9
:10CBB000833028F08C2F0E948B630E945692CF5FA7
:10CBC000C03181F7E2CEC1E0F5CF83E09ACF80910A
:10CBD0009C038C31E9F08E31E9F4C1E08BEF8C0FCE
:10CBE000823028F08C2F0E948B630E945692CF5F78
:10CBF000CB30A1F7CACE8CEF8C0F833028F08C2F6E
:10CC00000E948B630E945692CF5FCA30A1F7BDCEBF
:10CC1000C1E0F5CF82E075CF80919C038C3161F04B
:10CC20008E31A1F4C1E08C2F0E948B630E9456923A
:10CC3000CF5FC530C1F7A9CEC1E08C2F0E948B63B6
:10CC40000E945692CF5FC430C1F79FCE81E059CF8A
:10CC5000EF92FF920F931F93CF93DF9300D01F9219
:10CC60001F92CDB7DEB780919C038D7F8C3109F088
:10CC7000EAC087ED97E00E94B1A1882309F455C06E
:10CC800080919C03F12C8E3111F082E0F82E85E02A
:10CC9000E9E9F2E0DE01119601900D928A95E1F743
:10CCA0008091530290915402019731F48AE0898374
:10CCB0008A838B838C838D8380915003282F30E06F
:10CCC0000EE110E00F19110990914F03992309F417
:10CCD0005CC02017310724F40E948B630E94B39537
:10CCE00080917A0A9FEF980F9430F0F50E941B62B2
:10CCF00090915003981728F110924F03809153029E
:10CD0000909154024AE550E060E070E0019739F5F7
:10CD10001092DF071092E00780914F03882329F0DB
:10CD2000809150038F5F809350030F900F900F906E
:10CD30000F900F90DF91CF911F910F91FF90EF9087
:10CD40000895E0917A0AEC0FFD2FF11D408184E0F7
:10CD5000489FA0011124052E000C660B770B87ED70
:10CD600097E00E94E1A1D8CF90915003901711064F
:10CD700041F03CF010924F038EE18F1980935003E5
:10CD8000BDCFFE01E80FF11DE1CF2017310724F4DC
:10CD90000E948B630E94AC95F0905003F11016C076
:10CDA00081E080934F034AE550E060E070E087ED5A
:10CDB00097E00F900F900F900F900F90DF91CF9111
:10CDC0001F910F91FF90EF900C94E1A1FA94F092D3
:10CDD0005003EE24E39480919C038E3109F4E12CFE
:10CDE00080917A0A20915302309154029FEF980F5C
:10CDF0009430F8F42130310569F40E941B628E0DE5
:10CE00009927991FF81619062CF41092DF07109233
:10CE1000E0078BCFE0917A0AEC0FFD2FF11D4081E6
:10CE200084E0489FA0011124052E000C660B770BAF
:10CE3000BECF2130310519F4F016110634F3FE018E
:10CE4000E80FF11DECCF80917A0A8230C9F020F40E
:10CE5000813041F085E007C08330A1F08430D1F704
:10CE600084E001C081E00F900F900F900F900F9021
:10CE7000DF91CF911F910F91FF90EF900C94AE63D3
:10CE800082E0F1CF83E0EFCF0F931F93CF93DF9337
:10CE900090919C0380917A0A9C3169F0D0E09E3198
:10CEA00059F0823009F452C008F042C0813009F4D0
:10CEB00046C085E045C0D2E081502D2F30E0C0E073
:10CEC0000EE110E0021B130B843018F5C017110699
:10CED0009CF480917A0A0E941B628C1738F08C2F88
:10CEE0000E948B630E945692CF5FF0CF8C2F0E94DE
:10CEF0008B630E943892F8CF0E94A89580917A0A9D
:10CF00000E941B6280935003DF91CF911F910F917C
:10CF10000895C01711063CF48C2F0E948B630E9469
:10CF20005692CF5FF6CF0E94A8958EE18D1BEACF77
:10CF3000833071F0843009F0BCCF84E001C081E01F
:10CF4000DF91CF911F910F910C94AE6382E0F8CFE7
:10CF500083E0F6CFCF9380919C038C3109F0E5C03C
:10CF6000809150038C3118F1883308F040C097E36A
:10CF7000981B892F20919803309199032430310513
:10CF800021F0909171039923A1F10E948B630E947B
:10CF9000AC9580915003873309F0E8C010920E08D9
:10CFA00010920F0810924F031092500320C00E945D
:10CFB0008B630E94B395809150038F5F80935003E1
:10CFC0008C3109F0EDC04AE550E060E070E086E0A9
:10CFD00098E00E94E1A18091530290915402019740
:10CFE00031F488E090E09093030280930202CF91A5
:10CFF0000895209153023091540290917A0A95300D
:10D0000018F42130310511F0232B21F40E948B6399
:10D010000E94AC9580915302909154020097E9F0E0
:10D02000019729F78091500390917A0A923009F480
:10D030005EC058F5913009F467C08733B1F510929E
:10D04000DF071092E00710920E0810920F0810925E
:10D050004F038BE18093500315C0809150038733B9
:10D06000D9F544E050E060E070E087ED97E00E9481
:10D07000E1A110920E0810920F0881E080934F03F7
:10D0800010925003CF910C945B639330C9F09430AD
:10D09000A1F6803241F410920E0810920F081092FF
:10D0A0004F0386E1D7CF8132B8F010920E0810926C
:10D0B0000F0891E090934F0397E3981B892FCACFF5
:10D0C000863241F410920E0810920F0810924F030E
:10D0D00080E1C0CF873248F74091020250910302AD
:10D0E000440F551F440F551F70E060E043C08B3262
:10D0F00041F410920E0810920F0810924F038BE02B
:10D10000A9CF8C3248F3D1CF823341F410920E086C
:10D1100010920F0810924F0384E09CCF8333E0F20B
:10D1200010920E0810920F08C5CF8E3109F0C0C0C2
:10D13000809150038E3140F18C3308F058CF9BE33F
:10D14000981B892F20919803309199032430310541
:10D1500021F090917103992391F10E948B630E94B9
:10D16000AC95809150038B3309F418CF40E550E023
:10D1700060E070E086E098E00E94E1A180915003B9
:10D180008F5F8093500333CF0E948B630E94B395CF
:10D19000809150038F5F809350038E3109F413CF39
:10D1A0004091020250910302440F551F440F551F36
:10D1B00070E060E086E098E0CF910C94E1A12091CE
:10D1C00053023091540290917A0A953018F421302C
:10D1D000310511F0232B21F40E948B630E94AC9542
:10D1E00080915302909154020097E1F0019709F069
:10D1F000FECE8091500390917A0A923009F440C09B
:10D20000B8F4913009F442C08B3319F51092DF075E
:10D210001092E00710920E0810920F0810924F0320
:10D220008DE118CF809150038B3309F055CF19CF82
:10D230009330C1F0943041F7833241F410920E08DC
:10D2400010920F0810924F0387E104CF843208F444
:10D2500043CF10920E0810920F0891E090934F0365
:10D260009BE32BCF893241F410920E0810920F08E5
:10D2700010924F0381E1EECE8A3208F42DCFE9CF30
:10D280008F3209F436CF08F427CFE3CF853341F44A
:10D2900010920E0810920F0810924F0385E0DACE1C
:10D2A000863308F419CF10920E0810920F08D6CFCB
:10D2B0008091980390919903049721F080917103D4
:10D2C000C1E08111C2E0E0915203EA3008F08FCE54
:10D2D000F0E08827E159F6498F4F0C944AB17969FB
:10D2E0008E69906992699469B569BF69C869D169A5
:10D2F000EC6981E00E94AE6388E7C89FA001112419
:10D30000052E000C660B770B86E098E00E94E1A1E9
:10D31000809152038F5F8093520369CE82E0EACFFF
:10D3200083E0E8CF84E0E6CF85E00E94AE638091A1
:10D330005203282F30E02F5F3F4F90917A0A9217C7
:10D34000130639F420919803309199032430310564
:10D35000E1F58F5F8093520388E7C89FA0011124F5
:10D36000052E000C660B770B25CF84E00E94AE6380
:10D3700080915203482F4150550B9A01DECF83E034
:10D380000E94AE6380915203482F4350550BF5CF56
:10D3900082E00E94AE6380915203482F4550550BA6
:10D3A000ECCF81E00E94AE63809152038750990BCD
:10D3B00020917A0A2817190609F09ECF80919803C8
:10D3C00090919903049709F497CF10920E08109248
:10D3D0000F08109252030BCE80E00E94AE63F5CF8F
:10D3E0000E9481631092350710923607809167037F
:10D3F000811114C00E945B6380919C038D7F8C31EE
:10D4000049F48091530290915402019719F480E0FD
:10D410000E9402630E9445630C94AA6708950F93CB
:10D420001F93CF9380919C0390E08E3109F092E09E
:10D430002EE1291B2093500325E0209352038D7F7A
:10D440008C31F1F4C0E00EE110E0091B1109C017A6
:10D4500011063CF48C2F0E948B630E945692CF5F82
:10D46000F6CF0E94A89548E750E060E070E086E0C3
:10D4700098E00E94E1A1CF911F910F910C94AA67AF
:10D4800085E00E94AE63EFCF1092400384E6809364
:10D4900001021092410345E050E060E070E08FEA45
:10D4A00097E00C94E1A1E9EEF9E010861186109264
:10D4B0004B0370E060E08BE00C94579640917F0A3C
:10D4C0004330F1F090914A029923D1F020919803D2
:10D4D000309199032430310599F0909171039111A5
:10D4E0000FC090919603992359F0882349F09091A9
:10D4F0005307423081F42330310569F091110BC09C
:10D500000C94536A8217D9F080934B03682F70E014
:10D510008BE00C94579620914B03992399F3682F35
:10D5200070E0660F771F6F3F710519F014F06FEF11
:10D5300070E02617170619F060934B03E9CF0895A2
:10D5400080916403823061F028F4813069F0809129
:10D55000760A0895833031F08430C9F785E0089564
:10D5600083E0089584E0089582E008951092D5073D
:10D570001092D6071092CB071092CC0780916F03C0
:10D5800081110BC00E94A06A84508230A0F4809167
:10D590009A0390919B03019771F4109A0E94A06ADC
:10D5A0008450823030F480919A0390919B030197CC
:10D5B00021F0119808951098F1CF119A0895809153
:10D5C0009D0381110C94A06A8091760A08950E94AF
:10D5D000DF6A853059F480914903811107C0909129
:10D5E000770A81E0992321F0973011F080E00895C7
:10D5F00008952F923F924F925F926F927F928F92F7
:10D600009F92AF92BF92CF92DF92EF92FF920F93D1
:10D610001F93CF93DF93CDB7DEB7A6970FB6F894DD
:10D62000DEBF0FBECDBF80917D066DED7FEF9B010C
:10D63000281B310987FD339544E6429FC001439F73
:10D64000900D11240E9436B1762E662E80917C0AB0
:10D6500012E0813031F011E0833019F412E042E041
:10D6600001C041E08091790AEE24E394E80EF09045
:10D67000480380914702CC24C394882311F062E0D0
:10D68000C62E80914802DD24D394882311F052E005
:10D69000D52E809151028111B6C021E029A380913D
:10D6A0004C028111B3C0F1E0FAA38091650301E05F
:10D6B000811102E08091630355245394882311F073
:10D6C00032E0532E8091670344244394882311F061
:10D6D00022E0422E8091740A33243394823011F474
:10D6E00092E0392E8091490222242394882311F05C
:10D6F00082E0282E809160029091610228EE33E052
:10D70000B9010E9422B1862E80916202909163023B
:10D71000B9010E9422B1962E809164029091650217
:10D72000B9010E9422B1A62E8091660290916702F3
:10D73000B9010E9422B1B62E8091680290916902CF
:10D74000B9010E9422B180916A02A1E08111A2E098
:10D7500080911A0881115DC081E08BA380911B0824
:10D7600081115AC0E1E0ECA380911C08811157C0DF
:10D7700021E02DA380912208811154C091E09EA345
:10D7800080916103909162038130910509F44FC04B
:10D79000029709F04AC093E020915D0330915E0347
:10D7A00082E02130310529F083E02230310509F093
:10D7B00081E0E0916403E15051E0E43020F4F0E0D6
:10D7C000EF55FD4F508120915B0330915C0372E077
:10D7D0002130310529F074E02230310509F071E083
:10D7E000F4E6B1E0B70DF61508F4B5E620915F0355
:10D7F0003091600321303105E1F02230310509F428
:10D8000075C021E017C0E2E0E9A349CF22E02AA3D6
:10D810004CCF92E09BA3A2CFF2E0FCA3A5CF82E085
:10D820008DA3A8CFE2E0EEA3ABCF91E0B5CF92E01D
:10D83000B3CF22E0E0914B02E15034E0E33020F43A
:10D84000F0E0E256FD4F308119834A83EB82FC827F
:10D85000CD82DE8249A14F83EAA1E88709875A86F3
:10D860009B878C874D865E877F87388A298ABA8B0B
:10D870008B8A9C8AAD8ABE8A6F8BA88FFBA1F98F99
:10D880004CA14A8F8DA18B8F9EA19C8F2D8F3E8F97
:10D89000FE0131967F0110E000E018A30F8FF70121
:10D8A00061917F01CE014F960E94A4620F5F1F4FCE
:10D8B0000E31110591F70E94BD62A6960FB6F8943D
:10D8C000DEBF0FBECDBFDF91CF911F910F91FF90B3
:10D8D000EF90DF90CF90BF90AF909F908F907F9010
:10D8E0006F905F904F903F902F90089523E0A2CFCC
:10D8F0000F931F93CF93DF931F921F92CDB7DEB785
:10D9000010E000E01A8309836FEFCE0101960E94B8
:10D91000A4620F5F1F4F0E311105A1F70E94BD6277
:10D920000F900F90DF91CF911F910F910895EF927B
:10D93000FF920F931F93CF93DF9300D000D000D0BE
:10D940001F92CDB7DEB75091500240914E028091A8
:10D950004D0231E0811132E08091520291E081115B
:10D9600092E08091A90321E0811122E08091660379
:10D9700081112FC081E06091560269836091550248
:10D980006A833B835C834D832E839F838887CE018C
:10D9900001967C010EE110E01A870987F701619179
:10D9A0007F01CE0109960E94A4620F5F1F4F0632CD
:10D9B000110591F70E94BD622A960FB6F894DEBF5A
:10D9C0000FBECDBFDF91CF911F910F91FF90EF90D0
:10D9D000089582E0D0CF0F931F93CF93DF931F92D0
:10D9E0001F92CDB7DEB70EE110E01A8309836FEF07
:10D9F000CE0101960E94A4620F5F1F4F06321105EF
:10DA0000A1F70E94BD620F900F90DF91CF911F91FF
:10DA10000F9108958091AC039091AD030197039706
:10DA200010F40C94C08C0895CF93DF93CDB7DEB77C
:10DA300064970FB6F894DEBF0FBECDBF2091AC0344
:10DA40003091AD03215031092230310580F4FE01BF
:10DA5000319694E1DF011D929A95E9F795E099835B
:10DA600081110EC083E18D83CF010E94E58A649607
:10DA70000FB6F894DEBF0FBECDBFDF91CF910895F2
:10DA800082E1F1CF8091AC039091AD0301970397B0
:10DA900008F02BC160917B06062E000C770B8CE3FF
:10DAA00090E00E94738C60917B06062E000C770B31
:10DAB0008AE691E00E94738C60917B06062E000C32
:10DAC000770B81E290E00E94738C60917B06062EBA
:10DAD000000C770B8DE190E00E94738C60917B06C7
:10DAE000062E000C770B8EE190E00E94738C609103
:10DAF0007B06062E000C770B8FE190E00E94738C62
:10DB000060917B06062E000C770B80E290E00E946D
:10DB1000738C80919D038823D9F060917B06062E3B
:10DB2000000C770B83E991E00E94738C60917B0677
:10DB3000062E000C770B84E991E00E94738C6091B3
:10DB40007B06062E000C770B87E491E00E94738C15
:10DB500080916F038823B9F160917B06062E000C3B
:10DB6000770B8091770A823009F4B6C0833059F17F
:10DB7000813009F4B4C08EE791E00E94738C60910B
:10DB80007B06062E000C770B89E891E00E94738CCF
:10DB900060917B06062E000C770B83E690E00E94D6
:10DBA000738C60917B06062E000C770B88E490E066
:10DBB0000E94738C60917B06062E000C770B82E628
:10DBC00090E00E94738C0E94DF6A60917B06062EB3
:10DBD000000C770B853009F085C084E991E00E9444
:10DBE000738C0E94A06A8450823008F07EC06091DD
:10DBF0007B06062E000C770B8EE890E00E94738C5B
:10DC000060917B06062E000C770B80E990E00E9465
:10DC1000738C60917B06062E000C770B8DE890E0EC
:10DC20000E94738C60917B06062E000C770B8FE8A8
:10DC300090E00E94738C60917B06062E000C770B9F
:10DC400083E990E00E94738C60917B06062E000CA5
:10DC5000770B81E990E00E94738C60917B06062E21
:10DC6000000C770B82E990E00E94738C60917B0638
:10DC7000062E000C770B84E990E00E94738C609173
:10DC80007B06062E000C770B82E190E00E94738CDD
:10DC900060917B06062E000C770B83E190E00E94DA
:10DCA000738C60917B06062E000C770B84E190E06C
:10DCB0000E94738C60917B06062E000C770B85E129
:10DCC00090E00E94738C60917B06062E000C770B0F
:10DCD00086E190E00C94738C84E390E072CF8AE349
:10DCE00090E06FCF8BE691E07ACF089580919E030C
:10DCF00090919F03181619060CF067C08091A0033D
:10DD00009091A103843F21E0920708F45EC021E0D6
:10DD10002093A40340919D032091AC033091AD0367
:10DD20002230310599F12330310519F021303105C8
:10DD300009F54423F9F02091A30361E0211101C00A
:10DD400060E00E944A8C60917A06062E000C770BE8
:10DD50008091A0039091A1030E94738C61E0809157
:10DD6000A0039091A1030E94998C0E94C08C81E035
:10DD70008093EF0680919D03882339F140E157E2BB
:10DD800060E070E080E896E00C94E1A1442391F318
:10DD90002091A30361E0211101C060E00E944A8C40
:10DDA00060917A06062E000C770B8091A00390916B
:10DDB000A1030E94738C50E040E061E08091A003D9
:10DDC0009091A1030E94AB8DD0CF08952091AC0318
:10DDD0003091AD03215031092330310510F40C94FA
:10DDE000B59008958DEB91E00E94E66E84E991E094
:10DDF0000E94E66E8BE691E00E94E66E8CE691E072
:10DE00000C94E66E0E94DF6A8250823020F08AE62F
:10DE100091E00C94E66E8CE390E0FBCF8DE890E00F
:10DE20000E94E66E8EE890E00E94E66E8FE890E039
:10DE30000E94E66E80E990E00E94E66E81E990E043
:10DE40000E94E66E82E990E00E94E66E83E990E02F
:10DE50000E94E66E84E990E00C94E66ECF93C82FA2
:10DE600080917A0A813051F010F08430E0F08DE139
:10DE700090E00E94E66E80E290E002C081E290E0D5
:10DE80000E94E66ECC23F1F080919D038823D1F0AF
:10DE90008091770A823071F0833089F0813091F47B
:10DEA00084E991E009C081E290E00E94E66E8DE194
:10DEB00090E0E6CF83E991E0CF910C94E66E87E4A1
:10DEC00091E0FACFCF9108959091FF088091FA08E0
:10DED00098131AC09091440980913F09981314C077
:10DEE000909189098091840998130EC080919A03BA
:10DEF00090919B03019741F448EE53E060E070E09D
:10DF000089EB97E00E94E1A180914703882309F4FF
:10DF100057C0109247039091FF088091FA08981318
:10DF200012C09091440980913F0998130CC09091C0
:10DF3000890980918409981306C080919A03909171
:10DF40009B03019711F182E190E00E94E66E83E16C
:10DF500090E00E94E66E84E190E00E94E66E85E12A
:10DF600090E00E94E66E86E190E00E94E66E80916D
:10DF70005102882319F08FEB0E94FC2840E050E00A
:10DF8000BA0189EB97E00C94E1A182E190E00E9454
:10DF9000976283E190E00E94976284E190E00E94A2
:10DFA000976285E190E00E94976286E190E00E948E
:10DFB000976280915102882319F080EC0C94FC2820
:10DFC0000895AF92BF92CF92DF92EF92FF920F939C
:10DFD0001F93CF93DF93CDB7DEB764970FB6F89456
:10DFE000DEBF0FBECDBF5C01F62EC42E14160CF49E
:10DFF000C12C8AEBC81614F48AEBC82E8091AC03AE
:10E000009091AD038230910509F449C083309105A8
:10E0100011F0019799F50C2C000CDD082223F9F082
:10E020006AEB7FEFC5010E94738C6E2DC5010E94C3
:10E03000998CFE01339682E1DF011D928A95E9F702
:10E040008CE08983BB82AA828AE08D83DD86CC86C0
:10E050001A870987CE0101960E94E58A08C0B60199
:10E06000C5010E94738C6E2DC5010E94998C61E0E0
:10E07000F11001C060E0C5010E944A8C64960FB6A1
:10E08000F894DEBF0FBECDBFDF91CF911F910F91EE
:10E09000FF90EF90DF90CF90BF90AF9008950C2C41
:10E0A000000CDD08222361F06AEB7FEFC5010E94BE
:10E0B000738C50E040E06E2DC5010E94AB8DB9CF4E
:10E0C000B601C5010E94738C50E040E06E2DC50181
:10E0D0000E94AB8DCCCFEF920F931F9320915F03E3
:10E0E0003091600380917E0A2115310519F5209148
:10E0F000750890917008291731F1823031F1882329
:10E1000009F45AC00E94A06A909151028450823052
:10E1100008F441C0992319F081EB0E94FC28EE24F9
:10E12000E39410E000E020E040917B0660E08DE8A1
:10E1300091E040C02130310501F7209175089091A0
:10E1400070082917D1F2813051F481E090917E0A54
:10E15000923009F080E01F910F91EF90089588238D
:10E1600099F080915102882319F083EB0E94FC28DA
:10E17000EE24E39410E000E020E040917B0660E0B4
:10E1800086E991E00E94E16F82E70E94FC2881E02D
:10E1900080937E0ADACF992319F082EB0E94FC2843
:10E1A000EE24E39410E000E020E040917B0660E084
:10E1B00081EB90E00E94E16F81E70E94FC2882E001
:10E1C000E7CFEF920F931F9380919D03882371F106
:10E1D00010922B0810922C0887E591E00E94E66EC1
:10E1E000EE24E39410E000E020E040917B0660E044
:10E1F00088E591E00E94E16F8091770A8230B1F466
:10E2000080919A0390919B03019781F49091440926
:10E2100080913F0998130AC004E813E021E040917F
:10E220007B0661E083E991E00E94E16F109299031F
:10E23000109298031F910F91EF900895EF920F9312
:10E240001F93809146038823A9F10E94A06A8250FF
:10E250008230B0F589E491E00E94E66E8CE491E0B2
:10E260000E94E66E8DE491E00E94E66E81E00E94DD
:10E270002E6F80919803909199030497D9F0809123
:10E280007003811117C080915102882319F086EB29
:10E290000E94FC2881E190E00E94E66EEE24E39467
:10E2A00010E000E020E040917B0660E081E190E03A
:10E2B0000E94E16F109246031F910F91EF90089515
:10E2C00080915102209198033091990324303105B7
:10E2D00051F090917103911106C020919A033091F1
:10E2E0009B03232B91F4882319F084E50E94FC28DA
:10E2F000EE24E39410E000E020E040917B0660E033
:10E3000084E990E00E94E16F2FC090917003911119
:10E310002BC0882319F082E50E94FC2849E557E0CC
:10E3200060E070E081E498E00E94E1A110923F0873
:10E33000109240088CE30E947D9721E030E049E58F
:10E3400057E060E070E08DE20E943A978091AC0364
:10E350009091AD030297E1F440917B066EE870E086
:10E3600082E990E00E94DB9080915102882319F0AD
:10E370008FE40E94FC288FE890E00E94E66E83E91B
:10E3800090E00E94E66E80E990E00E94E66E92CFF7
:10E39000EE24E39410E000E020E040917B0660E092
:10E3A00082E990E0AFCFEF920F931F930E940E6F20
:10E3B00080915102882319F08DE40E94FC2848EED8
:10E3C00056E060E070E081E498E00E94E1A18EE117
:10E3D0000E947D9721E030E048EE56E060E070E07A
:10E3E0008DE20E943A978091AC039091AD03029721
:10E3F00071F440917B066EE870E08DE890E00E9439
:10E40000DB90109200021F910F91EF900895EE247F
:10E41000E39410E000E020E040917B0660E08DE8AE
:10E4200090E00E94E16FEDCFEF920F931F93CF9397
:10E43000C82F40917B0680917A0A813020F083308A
:10E4400058F0853060F1EE24E39408EE13E02C2FB1
:10E4500061E080E290E008C0EE24E39408EE13E06F
:10E460002C2F61E081E290E00E94E16F80919D039A
:10E47000882351F1CC2341F18091770A8230C1F099
:10E48000833039F1813001F5EE24E39404E813E0A0
:10E4900021E040917B0661E084E991E013C0EE2425
:10E4A000E39408EE13E02C2F61E08DE190E0DCCFE7
:10E4B000EE24E39404E813E021E040917B0661E060
:10E4C00083E991E00E94E16FCF911F910F91EF904E
:10E4D0000895EE24E39404E813E021E040917B06E4
:10E4E00061E087E491E0EECFEF920F931F93CF931B
:10E4F00080919803909199038430910509F4A2C109
:10E500002091710321119EC13091440920913F094E
:10E510003213C3C120914D02222361F02091770A6A
:10E52000223009F485C0039729F08091530788238E
:10E5300009F47EC08FEF0E942829C09146030E94F3
:10E54000A06AC11138C08250823008F09DC080910D
:10E550009503811128C089E491E00E94E66E8CE465
:10E5600091E00E94E66E0E94A06A833009F075C0B7
:10E570008DE491E00E94E66EEE24E39410E000E06A
:10E5800020E040917B0660E08DE491E00E94E16F25
:10E5900080915102882339F080919403811103C046
:10E5A0008BEC0E94FC28C1E0C0934C0381E00E94E8
:10E5B0001472C09346030E94A06A84508230F8F41B
:10E5C00087E398E00E94B1A18823C9F080915102AD
:10E5D000882319F081E50E94FC288091AC0390917A
:10E5E000AD03029761F0EE24E39410E000E020E038
:10E5F00040917B0661E080E990E00E94E16F10921B
:10E600009503109294039091FF088091FA08981353
:10E6100009C080916F03811105C00E94E76A8823B9
:10E6200009F4A3C0CF911F910F91EF900C94646FE8
:10E6300080917A0A823069F020F4813061F08CECAC
:10E640007ACF833021F08430D1F782EB74CF89E91F
:10E6500072CF80E870CF86E66ECFEE24E39410E0B0
:10E6600000E020E040917B0660E089E491E00E94B8
:10E67000E16F80915102882309F495CF8091940332
:10E68000811191CF84EB8DCF80915102882341F08D
:10E6900080910002882309F447C085E50E94FC2888
:10E6A0001092490810924A0849E557E060E070E08E
:10E6B00087E398E00E94E1A18DE20E947D9721E02E
:10E6C00030E049E557E060E070E08CE30E943A9763
:10E6D0002091000240917B068091AC039091AD03A4
:10E6E000222379F1029711F560E970E083E990E067
:10E6F0000E94DB90109200028DE890E00E94E66E8E
:10E700008EE890E00E94E66E81E990E00E94E66E5D
:10E7100082E990E00E94E66E84E990E00E94E66E55
:10E7200081E08093460347CF8EE4B8CFEE24E39494
:10E7300010E000E020E060E083E990E00E94E16FFB
:10E74000D9CF029739F460E970E08FE890E00E9439
:10E75000DB90D2CFEE24E39410E000E020E060E014
:10E760008FE890E00E94E16FC7CF8091470381114D
:10E7700069C089EB97E00E94B1A1882309F462C0C7
:10E780008091980390919903049709F45BC080915C
:10E790004703811157C00E94A06AC82F82E190E010
:10E7A0000E94E66E83E190E00E94E66E84E190E0D4
:10E7B0000E94E66E85E190E00E94E66E86E190E0C0
:10E7C0000E94E66EC450C23008F053C080914902E6
:10E7D000882309F44EC080915102882319F081ECFE
:10E7E0000E94FC2840917B0680917A0A823079F160
:10E7F00058F48130B1F0EE24E39410E000E020E022
:10E8000061E086E190E015C0833051F1843099F7E2
:10E81000EE24E39410E000E020E061E085E190E088
:10E8200008C0EE24E39410E000E020E061E082E123
:10E8300090E00E94E16F81E0809347031092C1074E
:10E840001092C207CF911F910F91EF900895EE247F
:10E85000E39410E000E020E061E083E190E0E9CFA4
:10E86000EE24E39410E000E020E061E084E190E039
:10E87000E0CF809100098823F1F280915102882332
:10E8800019F082EC0E94FC28EE24E39410E000E0F2
:10E8900020E040917B0660E0B4CF80E00E94282910
:10E8A0000E94646FCF911F910F91EF900C941E7195
:10E8B000EF920F931F930E94816310922B08109286
:10E8C0002C08109235071092360711988091670333
:10E8D000811102C00E945B630E94A06A8250823054
:10E8E00048F58CE491E00E94E66EEE24E39410E09B
:10E8F00000E020E040917B0660E08CE491E00E9423
:10E90000E16F9091440980913F09981739F00E9476
:10E91000A06A8450823010F40E94D371109299033F
:10E920001092980381E0809394031F910F91EF90D0
:10E930000C94AA6789E491E00E94E66EEE24E394C9
:10E9400010E000E020E040917B0660E089E491E087
:10E950000E94E16F81E00E941472D3CFEF920F9377
:10E960001F93CF93C82F8091530290915402019727
:10E9700009F06DC080E190E0909303028093020261
:10E980008BEF90E00E94E66E80919A0390919B033A
:10E99000029709F49AC08091710381110BC0809194
:10E9A000740A823009F056C080910E08811102C0AD
:10E9B0000E94AA67809102018062809302014091C7
:10E9C00004025091050270E060E086E19AE00E9446
:10E9D000E1A10E946A281092D5071092D6071092E2
:10E9E000CB071092CC078091710381116EC00E94F9
:10E9F000A06A8230D9F1833009F46CC080919D0304
:10EA0000882309F493C089E491E00E94E66EEE2425
:10EA1000E39410E000E020E040917B0660E089E4B0
:10EA200091E00E94E16F81E00E941472909144098C
:10EA300080913F09981709F448C0809171038111B2
:10EA400044C0CF911F910F91EF900C94D37186E049
:10EA500090E092CF0E94AA679091440980913F096B
:10EA60009813A8CF81E080939503A4CF8CE491E024
:10EA70000E94E66E89E491E00E94E66E8091960322
:10EA8000EE24E39410E000E020E040917B0660E09B
:10EA90008823B9F08CE491E00E94E16F80915102EB
:10EAA000882399F080919603882379F080917003F0
:10EAB00081110BC085EBCF911F910F91EF900C94BA
:10EAC000FC2889E491E00E94E16FCF911F910F91A2
:10EAD000EF9008958CE491E00E94E66E8DE491E061
:10EAE0000E94E66E80919603EE24E39410E000E02D
:10EAF00020E040917B0660E0882331F0909144094A
:10EB000080913F099813C6CF8DE491E00E94E16F98
:10EB1000809151028823C9F2809196038823A9F23B
:10EB2000809170038111D1CF8BECC5CF90914409B6
:10EB300080913F09981377CFCC2309F474CF89E4EF
:10EB400091E00E94E66EEE24E39410E000E020E005
:10EB500040917B0660E089E491E00E94E16F84EBE4
:10EB60000E94FC2860CFEF920F931F938091470281
:10EB70008823E1F0109247028DE590E00E94E66E56
:10EB80008CE590E00E94E66EEE24E39410E000E055
:10EB900020E040917B0660E08DE590E00E94E16F0F
:10EBA0008EE21F910F91EF900C94FC2881E08093EE
:10EBB00047028DE590E00E94E66E8CE590E00E94B1
:10EBC000E66EEE24E39410E000E020E040917B0646
:10EBD00060E08CE590E00E94E16F8FE2E2CFEF927F
:10EBE0000F931F936091770A70E08AE00E94B0282B
:10EBF00080919803909199038630910509F454C04F
:10EC00000897029708F450C080919A0390919B0353
:10EC1000019709F049C086E090E00E94E66E80E32B
:10EC200090E00E94E66E85E490E00E94E66E86E445
:10EC300090E00E94E66E8EE390E00E94E66E809186
:10EC40009D03882361F083E991E00E94E66E84E9E8
:10EC500091E00E94E66E87E491E00E94E66E80916A
:10EC6000770A833009F499C0B0F5813009F447C0C0
:10EC7000823009F46BC0EE24E39410E000E020E061
:10EC800040917B0660E086E090E00E94E16F109288
:10EC9000400384E68093010245E050E060E070E0CC
:10ECA0008FEA97E00E94E1A18091AC039091AD03BF
:10ECB0000197029740F48091770A833009F0A4C04D
:10ECC00080E00E94A19110925D0710925E071F9153
:10ECD0000F91EF900895853009F486C0863059F67B
:10ECE00080919D03882399F2EE24E39410E000E0E4
:10ECF00020E040917B0660E088E991E0C6CFEE24F9
:10ED0000E39410E000E020E040917B0660E085E4C1
:10ED100090E00E94E16F80919D03882309F4B7CFB2
:10ED200080919A0390919B03019709F0B0CF909145
:10ED3000440980913F099813AACF00ED17E021E024
:10ED400040917B0661E084E991E09FCFEE24E3945B
:10ED500010E000E020E040917B0660E080E390E07E
:10ED60000E94E16F80919D03882309F490CF8091E8
:10ED70009A0390919B03019709F089CF90914409E0
:10ED800080913F09981383CF0CEB12E021E0409172
:10ED90007B0661E083E991E078CFEE24E39410E014
:10EDA00000E020E040917B0660E086E490E00E9475
:10EDB000E16F80919D03882309F469CF80919A03C4
:10EDC00090919B03019709F062CF90914409809143
:10EDD0003F0998135CCF02EE14E021E040917B06DE
:10EDE00061E087E491E051CF80919D03882309F48D
:10EDF0004ECFEE24E39410E000E020E040917B064B
:10EE000060E087E991E041CF81E05BCFEF920F9323
:10EE10001F9388E290E00E94E66EEE24E39410E0F7
:10EE200000E020E040917B0660E088E290E00E94F4
:10EE3000E16F88E590E00E94E66E85E690E00E9432
:10EE4000E66E89E590E00E94E66E9091740A8091EA
:10EE50007C0A923019F1833009F581E08093740ABD
:10EE600010927C0A10927D0A70E060E084EE0E94AD
:10EE7000B02820E040917B0660E089E590E00E94A8
:10EE8000E16F8BE20E94FC2880E00E94CD928823F3
:10EE9000B1F11F910F91EF900C94EF758130D1F487
:10EEA00083E080937C0A913011F480937D0A62E0C4
:10EEB00070E084EE0E94B028EE24E39410E000E0BD
:10EEC00020E040917B0660E085E690E00E94E16FE3
:10EED00083E2D8CF0E94A49261E070E084EE0E94A9
:10EEE000B028EE24E39410E000E020E040917B069F
:10EEF00060E088E590E00E94E16F82E2C3CF1F915D
:10EF00000F91EF90089590917C0A8091740A82305D
:10EF100091F4911107C00E94A49261E070E084EE28
:10EF20000E94B02880E00E94CD92882339F00E9490
:10EF3000EF7580E003C081E09111FBCF0895EF925F
:10EF4000FF920F931F93CF93DF93CDB7DEB7AA97AE
:10EF50000FB6F894DEBF0FBECDBF8CEF9FE00E94CE
:10EF60007FB08FA38DEF9FE00E947FB088A78EEFC8
:10EF70009FE00E947FB089A78FEF9FE00E947FB043
:10EF80008AA70E943A620FA118A529A53AA5601781
:10EF900071078207930709F0A5C2CE0101967C0193
:10EFA00010E000E0C8010E947FB0F70181937F016B
:10EFB0000F5F1F4F0E311105A9F78981823071F45F
:10EFC0000E94A4928A81823049F483E080937C0A73
:10EFD0009091740A913011F480937D0A8B81815055
:10EFE00087FF8093790A8C819FEF980F983090F477
:10EFF000809348030E94CD928091770A833051F428
:10F000008091AC039091AD030197029718F480E0D2
:10F010000E94A1919D818FEF890F823030F481E0B1
:10F02000923008F480E0809347029E818FEF890F31
:10F03000823030F481E0923008F480E0809348021E
:10F040009F818FEF890F823030F481E0923008F495
:10F0500080E08093510298858FEF890F823030F4E1
:10F0600081E0923008F480E080934C0299858FEF24
:10F07000890F823030F481E0923008F480E0809390
:10F0800065039A858FEF890F823030F481E09230EA
:10F0900008F480E0809363038B859FEF980F933093
:10F0A00050F4823009F486C1833009F48EC1109285
:10F0B0006203109261038C859FEF980F933050F498
:10F0C000823009F48BC1833009F493C110925E033E
:10F0D00010925D039D858FEF890F823030F481E0BF
:10F0E000923008F480E0809367038E859FEF980F3D
:10F0F000953050F4833009F490C108F083C1823018
:10F1000009F487C1109264038F859FEF980F9530A3
:10F1100050F4823009F485C1843009F489C1109219
:10F120005C0310925B0388899FEF980F923050F434
:10F1300090919D03992331F0823009F47CC181E0E4
:10F140000E94FA9299898FEF890F823030F481E022
:10F15000923008F480E0809349029A899150953664
:10F16000D8F490935F0280917F062DED3FEF281B2E
:10F17000310987FD3395929FA001939F500D112473
:10F18000CA016CE97FEF0E9436B1635260937D063D
:10F1900060937C0660937E062B898FEF820F8C3301
:10F1A00078F448EE53E0249FC001259F900D112470
:10F1B00090936102809360029093190880931808DD
:10F1C0002C898FEF820F8C3378F448EE53E0249F24
:10F1D000C001259F900D11249093630280936202D9
:10F1E00090931708809316082D898FEF820F8C3328
:10F1F00078F448EE53E0249FC001259F900D112420
:10F20000909365028093640290931508809314088C
:10F210002E898FEF820F8C3378F448EE53E0249FD1
:10F22000C001259F900D1124909367028093660280
:10F2300090931308809312082F898FEF820F8C33DD
:10F2400078F448EE53E0249FC001259F900D1124CF
:10F25000909369028093680290931108809310083C
:10F26000988D8FEF890F823030F481E0923008F46E
:10F2700080E080936A02998D8FEF890F823030F49D
:10F2800081E0923008F480E080931A089A8D8FEF25
:10F29000890F823030F481E0923008F480E080936E
:10F2A0001B089B8D8FEF890F823030F481E0923004
:10F2B00008F480E080931C089C8D8FEF890F8230CA
:10F2C00030F481E0923008F480E0809322088D8D44
:10F2D0009FEF980F933050F4823009F4AEC0833022
:10F2E00009F4B2C01092600310925F038E8D9FEFFD
:10F2F000980F9430A0F4823009F4ABC0833009F445
:10F30000ABC0813009F4ABC084E080934B028091A4
:10F310009D03882309F49BC083E080937F0A0E94A9
:10F3200000290E9412297E01FFE1EF0EF11C0EE17F
:10F3300010E0C8010E947FB0F70181937F010F5F49
:10F340001F4F06321105A9F78F8D9FEF980F9E3F33
:10F3500010F48093560288A19FEF980F9E3F10F4FF
:10F360008093550299A18FEF890F823030F481E0AC
:10F37000923008F480E080934D028AA1823031F00F
:10F38000853021F0982F9D7F903359F480934F0260
:10F39000853029F0803319F0823009F063C0809302
:10F3A00050028BA18C3109F464C08E3109F06BC01E
:10F3B0008EE160C0109254021092530281E090E0FE
:10F3C000909362038093610376CE81E090E0909306
:10F3D00054028093530282E090E0F2CF10926E03C9
:10F3E00010926D0381E090E090935E0380935D0343
:10F3F00071CE81E090E090936E0380936D0382E084
:10F4000090E0F2CF843059F0853009F07BCE84E073
:10F4100001C081E08093640377CE82E0FBCF83E07C
:10F42000F9CF81E090E090935C0380935B037BCE07
:10F4300082E090E0F8CF82E083CE81E090E090938C
:10F44000600380935F0352CF82E090E0F8CF82E0C8
:10F4500064CF91E090934A0280934B025ECF8093F9
:10F460004A02FACF82E38093500280E380934F02F6
:10F4700098CF8CE180934E0290919C039D7F9C31AC
:10F4800011F480939C039CA18FEF890F823030F49C
:10F4900081E0923008F480E08093A9039DA18FEF72
:10F4A000890F823030F481E0923008F480E080935C
:10F4B00052029EA18FEF890F823080F581E0923059
:10F4C00008F480E080936603AA960FB6F894DEBF36
:10F4D0000FBECDBFDF91CF911F910F91FF90EF90A5
:10F4E0000C94146DEE24E39410E000E020E04091D1
:10F4F0007B0660E08FE591E00E94E16F0E94786CEE
:10F50000AA960FB6F894DEBF0FBECDBFDF91CF91A4
:10F510001F910F91FF90EF900C94EB6CAA960FB691
:10F52000F894DEBF0FBECDBFDF91CF911F910F9139
:10F53000FF90EF900895EF920F931F9380915E02DA
:10F54000853020F510925E0280E490E00E94E66E25
:10F55000EE24E39410E000E020E040917E0660E0BD
:10F5600080E490E00E94E16F80915E0226E4829F39
:10F57000C001112464E670E00E9436B166546093C5
:10F580007B061F910F91EF900C94426D85508093F4
:10F590005E02EACFEF920F931F9380915E02803656
:10F5A00028F184E680935E0280E490E00E94E66E9B
:10F5B000EE24E39410E000E020E040917B0660E060
:10F5C00080E490E00E94E16F80915E0226E4829FD9
:10F5D000C001112464E670E00E9436B16654609365
:10F5E0007B061F910F91EF900C94426D8B5F80937F
:10F5F0005E02EACFEF920F931F93CF93C82F8091B3
:10F60000AC039091AD030197039738F480917E0687
:10F61000082E000C990B0E947D91C11126C080918B
:10F620009A0390919B03892B01F580E490E00E945E
:10F63000E66EEE24E39410E000E020E040917B06CB
:10F6400060E080E490E00E94E16F80915F0282338D
:10F6500061F48FE390E00E94E66E20E040917B062B
:10F6600060E08FE390E00E94E16FCF911F910F91D6
:10F67000EF9008958F929F92AF92BF92CF92DF92B8
:10F68000FF920F931F93CF93DF9300D000D01F9270
:10F690001F92CDB7DEB7182F062FF42E909150028F
:10F6A000292F2D7F62E0203309F46FEF1D3108F020
:10F6B000AFC1E12FF0E08827EF59F4488F4F0C9449
:10F6C0004AB1417D087D447D3F7DF97C7E7B817B15
:10F6D000337C357C377C397C3B7C3D7C407C427C78
:10F6E0004E7C447C507C537C557C577C597C667C9A
:10F6F000687C6A7C947CB77CD97CF47C20E01FEF2A
:10F7000002C020E010EC30E0AFEFBFEF0E94E9B0A4
:10F710002FEF30E040E050E00E9495B0AAEFB5E056
:10F720000E94B4B0DC01CB019058AF4FBF4FCD0168
:10F73000BB2797FDB095AB2F8E3F21E0920708F0D5
:10F740005AC1382F8F3F910508F47DC14EEF481BF9
:10F7500050E03FEFE02FF0E03196C12ED12C2FEF9B
:10F76000C21AD20A1095012F10E03C9DC0013D9DA8
:10F77000900D1124292F3327200F311FDF010E9404
:10F7800052B14B015C018824AA24BB245C9D9001EA
:10F790005D9D300D1124232F3327200F311F0E9430
:10F7A00052B1BB27A92F982F872F882A992AAA2AD6
:10F7B000BB2A4C9D90014D9D300D1124232F3327E2
:10F7C000200F311FDF010E9452B1B82FA72F962FB3
:10F7D000882788279927BB2788299929AA29BB29FF
:10F7E0009E012B5F3F4FFF2009F432C1AD01662718
:10F7F0007727762F652F542F4427482BBA2FA92F10
:10F80000982F882788279927BB27842B952BA62BF1
:10F81000B72B8D839E83AF83B887D901CE0109961C
:10F82000ED91F0E0E65DF64F44919D0121503109E4
:10F83000F90140838A179B0799F76D817E818F813B
:10F84000988528960FB6F894DEBF0FBECDBFDF9126
:10F85000CF911F910F91FF90DF90CF90BF90AF900D
:10F860009F908F90089525E04ACF2AE048CF2FE05F
:10F8700046CF24E144CF20E242CF2BE210E843CF31
:10F8800020E43DCF20E53BCF602F70E08FEF90E08C
:10F890000E9436B1062F07950027079520E62FCF47
:10F8A00020E718E730CF20E82ACF21E928CF20EA47
:10F8B00026CF602F70E08FEF90E00E9436B100E716
:10F8C000609F002D11242AEA18EC1DCF24EB17CFDE
:10F8D00020EC15CF80919103882321F0803611F020
:10F8E000109291032091980330919903232B19F4DE
:10F8F000953009F462E3809158028F5F809358023B
:10F900000E9408B191110DC080919103811104C032
:10F9100080E68093910302C01092910381E080936E
:10F92000580220919103EBCE809191038F3029F002
:10F93000823D19F08FE080939103209198033091DC
:10F940009903232B19F4953009F462E3809158024E
:10F950008F5F809358020E9408B19111E2CF80918D
:10F9600091038F3011F482EDD4CF8FE0D2CF80910C
:10F97000980390919903892B19F4203309F464E1D9
:10F98000809158028F5F809358020E9408B19111B4
:10F990000DC08091910390E005966FEF70E00E949A
:10F9A00036B18093910381E08093580220919103B6
:10F9B00065CF8091980390919903892B19F4203396
:10F9C00009F464E1809158028F5F809358020E948D
:10F9D00008B19111A6CF8091910390E005966FEF49
:10F9E00070E00E9436B195CF2091560210915502D9
:10F9F0008ACE24EF43CF8C3FE3E09E0798F48D3FFF
:10FA0000F2E09F0758F452E0580F3FEF40E0A2CEDB
:10FA100088E592E0A0E0B0E010E0F5CF3CEF381BC5
:10FA20005FEFF4CF8A3F25E0920781F08B3FE4E05F
:10FA30009E0728F444E0480F5FEF30E08BCE5AEF8A
:10FA4000581B30E001C050E04FEF84CE50E0F9CFBA
:10FA500089839A83AB83BC83DE011196ED91F0E03C
:10FA6000E65DF64F4491CD010197FC0140832A17D2
:10FA70003B07A1F769817A818B819C81E2CE24EFDB
:10FA80003ECE212F012F3FCE24E217EB3CCE962F06
:10FA9000642F903329F0923319F041E0923009F449
:10FAA00040E00C943A7BCF93C0E080914F02C8179E
:10FAB00018F5609150024FEF603381F080E06233BF
:10FAC000B1F40E94477DEC2FF0E0E650F74FE4914F
:10FAD000E093BB030E941F8ECF5FE7CF60E380E01F
:10FAE0000E94477DEC2FF0E0E653F74FF0CF0E94E5
:10FAF000477DC093BB03EECFCF9108958091500214
:10FB00008033A1F08233E1F44FEF62E380E00E94A2
:10FB1000477D24E22093BB030E941F8E4FEF60912C
:10FB2000500280E00E94477D25E206C04FEF60E36F
:10FB300080E00E94477D2CE02093BB030E941F8E33
:10FB40001298089580919C038D7F8C31D1F40E948E
:10FB500081630E94EE620E947E7D10925203109299
:10FB600050038091A403882321F08091A20388236D
:10FB700061F040E65AEE60E070E085E097E00C94BA
:10FB8000E1A180E00E94AE63E4CF0895EDE7F7E0E5
:10FB900010861186E5EAF7E010861186E7E8F7E0BF
:10FBA00010861186E1E9F7E010861186EBE9F7E0AF
:10FBB00010861186EFEAF7E010861186109269032D
:10FBC000109242031092400384E6809301020E9447
:10FBD000537D0C947E7DEF920F931F93CF931092E1
:10FBE00035081092360887E00E94FC28109299038D
:10FBF0001092980310926F031092530310925103C6
:10FC000010920408109205081092DF071092E00786
:10FC100010924F03209153023091540280917A0A3E
:10FC2000815080935203109250032130310509F026
:10FC300099C080916D0390916E03019709F087C080
:10FC40000E9444670E9428661092AD071092AE078A
:10FC500010927B0710927C0710926707109268073A
:10FC600040E050E0BA0181E997E00E94E1A10E94E2
:10FC70007E7D0E94B66A0E94026F10924E0310921F
:10FC80004D0310923F031092680A1092690A809106
:10FC9000770A823009F4FFC0833009F410C1813043
:10FCA00009F403C10E94DF6A833009F49CC08530E7
:10FCB00009F4EDC0823009F0BDC080917A0A853028
:10FCC00009F464C089E697E00E946BA1E12C10E082
:10FCD00000E0683873418105910508F4A4C089E605
:10FCE00097E00E946BA1E12C10E000E060317742C8
:10FCF0008105910508F043C020E040917B0660E05B
:10FD00008AE090E00E94E16F8091770A823009F4E6
:10FD100048C1833009F400C1813009F449C1C09160
:10FD20007A0A0E94DF6AC150C43008F024C18330CF
:10FD300009F4CAC0853009F41BC1823009F015C12D
:10FD40008DE791E00E94E66E8EE791E0C3C00E94CD
:10FD5000816385E090E090930302809302020E9409
:10FD6000AA6772CF0E94816383E090E090930302C0
:10FD70008093020280917103811166CFF0CF20E061
:10FD800040917B0660E080E891E0BCCF89E697E097
:10FD90000E946BA1683873418105910550F4E12CF4
:10FDA00010E000E020E040917B0660E088E891E010
:10FDB000A9CF89E697E00E946BA1E12C10E000E05A
:10FDC000603177428105910538F420E040917B064F
:10FDD00060E08BE891E096CF20E040917B0660E008
:10FDE0008AE891E08FCF89E697E00E946BA168389E
:10FDF00073418105910550F4E12C10E000E020E012
:10FE000040917B0660E08BE090E07CCF89E697E054
:10FE10000E946BA1E12C10E000E060317742810587
:10FE2000910508F069CF20E040917B0660E087E40F
:10FE300090E068CF89E697E00E946BA16838734133
:10FE40008105910550F4E12C10E000E020E04091A4
:10FE50007B0660E083E891E055CF89E697E00E9459
:10FE60006BA1E12C10E000E0603177428105910543
:10FE700038F420E040917B0660E082E891E042CFD8
:10FE800020E040917B0660E081E891E03BCFE12CEF
:10FE900010E000E0EECFE12C10E000E020E0409127
:10FEA0007B0660E085E390E02DCFE12C10E000E0E0
:10FEB00020E040917B0660E08BE390E023CF86E476
:10FEC00091E00E94976220CF84E690E00E94E66E67
:10FED00083E690E00E94E66E80914802882321F03C
:10FEE00089E090E00E94E66E88E490E00E94E66E71
:10FEF00082E690E00E94E66E8091770A853021F4D8
:10FF000083EA91E00E94E66E8091770A863021F4C0
:10FF100084EA91E00E94E66E80916803882301F1F3
:10FF200080915B0390915C038130910509F44DC091
:10FF3000029709F044C08EE690E00E94E66E8FE6DC
:10FF400090E00E94E66EE12C10E000E020E040919D
:10FF50007B0660E08FE690E00E94E16F10926803FC
:10FF6000CF911F910F91EF90089580E690E0EACE37
:10FF70008FE491E0E7CE833059F0853079F082301C
:10FF800051F487E891E00E94E66E89E891E0A2CF03
:10FF900081E690E09FCF8BE990E09CCF8FE491E0E9
:10FFA00099CF83E390E00E94E66E84E390E0B2CFC5
:10FFB00089E390E00E94E66E8AE390E0ABCF0E9476
:10FFC000DF6A8250823008F0B6CF8091AC03909106
:10FFD000AD03039741F48AE490E00E94E66E89E461
:10FFE00090E00E94E66EE12C10E000E020E04091FD
:10FFF0007B0660E089E490E0AFCFEF920F931F9310
:020000021000EC
:10000000CF938091980390919903069731F4609172
:10001000770A70E08AE00E94B0280E94A06A8250AD
:10002000823008F49FC00E940E6F809198039091D7
:100030009903049721F080914A03882361F083E4B7
:1000400090E00E94E66E8FE390E00E94E66E84E40A
:1000500090E00E94E66E89E491E00E94E66E8CE6F4
:1000600091E00E94E66E8091980390919903C0916F
:100070004A03079709F07FC0C11183C0C091700384
:10008000C1117FC010929B0310929A0310929903A2
:100090001092980380916F0381110E94EB7D8091F3
:1000A0003E03811110923E0380915102882359F042
:1000B0008CE40E94FC28CC2319F083E50E94FC28E4
:1000C0008FEB0E94FC280E94646F0E941E7181E0E9
:1000D0000E942E6F0E94536A8EE390E00E94E66EAB
:1000E0008091770A823009F4E0C0833009F4E3C0DC
:1000F000813009F4DDC086E090E00E94E66E109247
:100100006C0381E08093000210922B0810922C085F
:10011000109235071092360710925D0710925E0715
:1001200010925307109254071092D5071092D607D9
:100130001092CB071092CC0780919A0390919B0369
:10014000892B59F48091740A823009F0B7C00E945B
:100150005B6310926B0310926A03CF911F910F9112
:10016000EF9008958091460381115FCF8CE491E078
:100170000E94E66E5ACFC11196C080917003811122
:1001800089CF9091440980913F0961E0981305C09F
:100190008091740A813009F460E070E085E00E948B
:1001A000B02810929B0310929A0310929903109218
:1001B00098038091700381110E94F26E8091700308
:1001C000811107C080917103811103C08091B7072D
:1001D00081110E94C67DC0917103C11127C00E9488
:1001E000A06A8250823020F58091740A813009F033
:1001F00055C080914603811151C0809170038111D7
:100200004DC0C0919D03CC2309F448C08BEF90E012
:100210000E94E66EEE24E39410E000E020E04091BE
:100220007B0660E08BEF90E00E94E16FC0E036C09B
:1002300080914603811117C0C0917003C11131C074
:100240008091980390919903049769F0EE24E394C8
:1002500010E000E020E040917B0660E081E990E062
:100260000E94E16FC1E080917003811117C08091FD
:100270005102882319F086EB0E94FC2881E190E06E
:100280000E94E66EEE24E39410E000E020E040914E
:100290007B0660E081E190E00E94E16F10927003C4
:1002A000F9CEC0E0E0CFC0E0F5CE80E390E025CF0E
:1002B00085E490E022CF86E490E01FCF10920E08F4
:1002C00010920F081092DF071092E0070E94A27DA3
:1002D0003ECFEF920F931F938091980390919903D3
:1002E000039729F480916F0381110E94EB7D84E0D4
:1002F00090E0909399038093980380919D038823C5
:1003000041F04CEA5DE060E070E083E298E00E943A
:10031000E1A10E94646F0E941E7181E00E942E6F15
:1003200080916703882309F460C010920E08109230
:100330000F080E94816380915102882331F088EB7D
:100340000E94FC2889EB0E94FC2840E951E060E013
:1003500070E08DE297E00E94E1A1E12C10E000E066
:1003600020E040917B0660E083E490E00E94E16F32
:1003700020E040917B0660E08FE390E00E94E16F17
:1003800020E040917B0660E084E490E00E94E16F11
:1003900040E951E060E070E089E197E00E94E1A16E
:1003A00040E456E060E070E08FE097E00E94E1A159
:1003B00080915102882319F086EB0E94FC2881E18C
:1003C00090E00E94E66EEE24E39410E000E020E06E
:1003D00040917B0660E081E190E00E94E16F8BE05C
:1003E0001F910F91EF900C94FC280E940F6AE0CFB0
:1003F000CF93DF93D0915002D03311F0D233E9F58F
:100400000E94DF6A909170038530F1F4911104C06D
:1004100080917103882351F08091770A811135C052
:1004200080914903811131C0CEE01BC080916803E7
:10043000882321F0809149038823B1F38091770AC2
:10044000823029F5C0E10DC091111FC09091710358
:1004500091111BC09091770A9230C9F4C4E08330A7
:1004600089F7D033B1F44FEF60E38C2F0E94477DC2
:100470002CE02093BB030E941F8E8091770A82306C
:1004800009F0129ADF91CF910895CCE0EACFC1E054
:10049000E8CFD23391F74FEF62E38C2F0E94477D74
:1004A00024E22093BB030E941F8E4FEF6091500205
:1004B0008C2F0E94477D25E2DCCF8F929F92AF92D6
:1004C000BF92CF92DF92FF920F931F93CF93DF9350
:1004D00000D000D0CDB7DEB79C012D5B314030930A
:1004E0009F0320939E03F0909D03FF2009F451C1C8
:1004F0002115310509F431C137FF12C010929F0355
:1005000010929E0381E08093920360E37BE0CE0132
:1005100001960E94369ACE0101960E942E9A1DC124
:100520004091590250915A02BA016D5B71402617F1
:1005300037070CF024C14817590708F420C184EF8D
:1005400091E09093A1038093A0030E942E974B010A
:100550005C010E94C9AE20E031E040E050E00E9422
:1005600095B09B01AC01280D391D4A1D5B1D65E945
:1005700079EE81ED9BE50E94F8B0292F33274427BF
:100580005527262737274827592765E979EE81ED32
:100590009BE50E94F8B09B01AC01E7EC2E27E1E05F
:1005A0003E27E1E14E27E3E55E2769EB70E98AE645
:1005B00098E20E94F8B0DC01CB0127E5822723E70F
:1005C00092272AE2A2272AEAB2279C01AD016DE018
:1005D00056954795379527956A95D1F72827392756
:1005E0004A275B2765E979EE81ED9BE50E94F8B02B
:1005F0008B019C01EFE03695279517950795EA95B5
:10060000D1F7AB01BC014027512762277327009126
:100610009E0310919F034801012E000CAA08BB08FD
:1006200084E090E0A0E0B0E088159905AA05BB053C
:1006300040F432E0880F991FAA1FBB1F3A95D1F7EB
:10064000F3CF0197A109B109812C912C5401009796
:10065000A105B10551F0B695A79597958795EFEF50
:100660008E1A9E0AAE0ABE0AF2CFB694A794979449
:1006700087948092AE039092AF03A092B003B092A1
:10068000B10381E090E002C0880F991F8A94E2F7DD
:100690000197092E000CAA0BBB0B8093B203909319
:1006A000B303A093B403B093B5034093B603509340
:1006B000B7036093B8037093B90310925703109275
:1006C00056031092550310925403D12CC12C58019B
:1006D00021E0A21AB108C016D1068CF5609154032E
:1006E0007091550390E080E00E94029060177107BE
:1006F0005CF060915403709155036F5F7F4F70936E
:10070000550360935403EECFFF2041F080915403D2
:10071000909155039093570380935603AC14BD04F6
:1007200049F080915403909155030196909355039D
:10073000809354038FEFC81AD80AF12CCCCF609164
:10074000A0037091A1036D5B714090E080E00E9476
:100750004F8F709359036093580326960FB6F89401
:10076000DEBF0FBECDBFDF91CF911F910F91FF90E4
:10077000DF90CF90BF90AF909F908F900895109290
:100780009F0310929E0381E0809393036BED7AE0C8
:10079000BECE37FF0AC010929F0310929E0381E0E5
:1007A000809392036FE77AE0B2CE209159023091A4
:1007B0005A0210929F0310929E032817390768F679
:1007C00081E0809393036AE27AE0A1CE9F92AF9298
:1007D000BF92CF92DF92EF92FF920F931F93CF932E
:1007E000DF93CDB7DEB7AF970FB6F894DEBF0FBE7D
:1007F000CDBF40E051EE60E070E08CEB93E00E94F2
:10080000DB8D1092EB061092EC061092ED068CEB4D
:1008100093E09093A5068093A4061092C7061092C9
:10082000C806E9ECF6E085EE96E02FEF3FEF219366
:1008300031938E179F07D9F78091A4069091A50652
:10084000DC01ED91FC910084F185E02D1995892B57
:1008500061F08091A4069091A506DC01ED91FC91D8
:100860000284F385E02D1995E7CF0E942E976851F9
:100870007C4F8E010F5F1F4F6B01F12CE12C44E187
:10088000942E55E0A52E61E1B62E0E94C08C809179
:10089000ED06811114C00E942E976C157D058E0502
:1008A0009F0568F4F801892D11928A95E9F7A982CC
:1008B000BD82C8010E94E58A0E94E391E6CF0E94B2
:1008C000C08C8091ED06882309F4B2C08091E706C0
:1008D0009091E8069093AB038093AA03009709F4E4
:1008E00094C022E030E03093AD032093AC038D360A
:1008F000910518F080E00E94A19180919D038111E3
:1009000003C08AE080937F0680917F062DED3FEF44
:10091000281B310987FD339540915F02429FC0013A
:10092000439F900D11246CE97FEF0E9436B1635212
:1009300060937E0660937D0660937C068091E70657
:100940009091E8061BA61AA61DA61CA61FA61EA609
:100950004AE0B8010E9431AFF80101900020E9F7A8
:100960003197AF01401B510BB801CE018A960E940E
:10097000D79965ED7BE0C8010E94369AB801CE0197
:1009800046960E94649ABE01665D7F4FCE014696F0
:100990000E94A499CE0146960E942E9AC8010E94F8
:1009A0002E9ACE018A960E942E9A0E94C08C0091A7
:1009B000E5061091E606C8010E945D8280916603FB
:1009C0000E94146D8AEB9FEF0E947D910E94189205
:1009D00080919303811126C080919203811122C0DE
:1009E000FF24F3948F2DAF960FB6F894DEBF0FBEA1
:1009F000CDBFDF91CF911F910F91FF90EF90DF90CE
:100A0000CF90BF90AF909F90089581E090E0909339
:100A1000AD038093AC0384E690E09093AB038093A6
:100A2000AA036BCF0C33110508F09DC0F12CDACF6F
:100A30008AEB9FEF0E947D910E94189224E1E22EA2
:100A4000D801EE2D1D92EA95E9F735E0F32EF982F3
:100A500081E08D83C8010E94E58AD8011D92EA9445
:100A6000E9F7F98282E08D83C8010E94E58A0E943D
:100A7000E3910E94C08CF090EB06FF2009F480C047
:100A8000A0EFB6E0F801CE0145962D9121938E1787
:100A90009F07D9F70E94C08CF090EC068E010A5E89
:100AA0001F4FFF2009F47BC080E098E090935A022A
:100AB000809359020E94C08CE090E506F090E60613
:100AC000C7010E945D82FE01789682E1DF011D92DE
:100AD0008A95E9F787E08E8B188E1F8A8CE08A8FC3
:100AE000C8010E94E58A84E1C82EF8018C2D11927C
:100AF0008A95E9F796E0D92EDE8A89E08A8F81E02F
:100B00008C8FC8010E94E58A80919D03D8011D92B7
:100B1000CA94E9F7DE8A9EE09A8F8C8FC8010E9402
:100B2000E58A83E090E09093AD038093AC0381E08D
:100B300090E09093AB038093AA0363EC7BE0C80141
:100B40000E94369AC8010E942E9A809193038111C7
:100B500005C080919203882309F442CFBCE3EB16D1
:100B6000F10408F463CFEE24E39410E000E020E009
:100B700040917B0660E08CE390E00E94E16F56CFED
:100B80001092AD031092AC030E94C6916CE87BE01A
:100B9000C8010E94369AC8010E942E9A23CF6CE9A0
:100BA0007BE0C8010E94369AC8010E942E9A1092DA
:100BB000AD031092AC030E94C69114CFFC01DB017F
:100BC0009C919150492F4F3FC9F0242F30E0DF0115
:100BD000A20FB31F8C918E3711F04150F4CF9F3F7D
:100BE00069F0492F50E0DF01A40FB51F8C918E37BB
:100BF00019F4291B2C93292F9150F1CF089581507E
:100C0000823108F05AC0E82FF0E08827E55FF94705
:100C10008F4F0C944AB12B862F861D8623862786FC
:100C20005D86328638863C86428646864A8650866F
:100C300054865D8658865E866286809180008F77B6
:100C4000809380000895809180008F7DF9CF8091FE
:100C50008000877FF5CF84B58F7784BD089584B5F4
:100C60008F7DFBCF8091B0008F778093B000089587
:100C70008091B0008F7DF9CF809190008F77809325
:100C800090000895809190008F7DF9CF8091900021
:100C9000877FF5CF8091A0008F778093A000089583
:100CA0008091A0008F7DF9CF8091A000877FF5CF44
:100CB000809120018F7780932001089580912001F9
:100CC0008F7DF9CF80912001877FF5CF3FB7F894D2
:100CD0008091EF0A9091F00AA091F10AB091F20A86
:100CE00026B5A89B05C02F3F19F00196A11DB11D87
:100CF0003FBFBA2FA92F982F8827BC01CD01620FC3
:100D0000711D811D911D42E0660F771F881F991F7D
:100D10004A95D1F7089508950895AF92BF92CF9262
:100D2000DF92EF92FF920F931F93CF93DF936C01AB
:100D30007B018B01040F151FEB015E01AE18BF088C
:100D4000C017D10759F06991D601ED91FC9101903E
:100D5000F081E02DC6011995892B79F7C501DF9146
:100D6000CF911F910F91FF90EF90DF90CF90BF90A8
:100D7000AF900895FC01A089B1898C91A689B789AB
:100D800082FD0FC09C91818D8F5F8F73228D8217A2
:100D900049F0A18DAE0FBF2FB11D5D969C93818F41
:100DA00008958C910895FC01538D448D252F30E0DA
:100DB000842F90E0821B930B541710F0CF96089568
:100DC00001970895FC01918D828D981761F0A28D95
:100DD000AE0FBF2FB11D5D968C91928D9F5F9F735B
:100DE000928F90E008958FEF9FEF0895FC01918D11
:100DF000828D981731F0828DE80FF11D858D90E07E
:100E000008958FEF9FEF0895FC01918D228D892F1A
:100E100090E0805C9F4F821B91098F739927089502
:100E20008CEB93E00E94048721E0892B09F420E0F9
:100E3000822F089583E49BE00E94048721E0892BA0
:100E400009F420E0822F089580EE9BE00E94048741
:100E500021E0892B09F420E0822F0895FC01A48D64
:100E6000A80FB92FB11DA35ABF4F2C91848D90E0CC
:100E700001968F739927848FA689B7892C93A089AF
:100E8000B1898C91837080648C93938D848D981339
:100E900006C00288F389E02D80818F7D80830895CC
:100EA000EF92FF920F931F93CF93DF93EC0181E0BA
:100EB000888F9B8D8C8D98131AC0E889F989808161
:100EC00085FF15C09FB7F894EE89FF896083E88994
:100ED000F98980818370806480839FBF81E090E086
:100EE000DF91CF911F910F91FF90EF900895F62E13
:100EF0000B8D10E00F5F1F4F0F731127E02E8C8DAD
:100F00008E110CC00FB607FCFACFE889F9898081F1
:100F100085FFF5CFCE010E942E87F1CFEB8DEC0F30
:100F2000FD2FF11DE35AFF4FF0829FB7F8940B8F0E
:100F3000EA89FB8980818062CFCFCF93DF93EC0178
:100F4000888D8823B9F0AA89BB89E889F9898C91B1
:100F500085FD03C0808186FD0DC00FB607FCF7CF6D
:100F60008C9185FFF2CF808185FFEDCFCE010E946D
:100F70002E87E9CFDF91CF91089580E090E0892B13
:100F800029F00E94248781110E94000080E090E0F7
:100F9000892B29F00E941A8781110E94000080E0AD
:100FA00090E0892B49F080E090E0892B29F00E94A5
:100FB000000081110E94000080E090E0892B29F060
:100FC0000E94108781110C94000008958F929F92C7
:100FD000AF92BF92CF92DF92EF92FF921F93CF9387
:100FE000DF93FC014A01AA24BB24C82DC32ED42EB2
:100FF000E52EFF241C2DD22F8085882361F0889E4A
:1010000040011124C92D8C9D600111241D2D829F4A
:10101000D0011124DB2FA685E184F2849385A913E6
:1010200022C0CB01880F991F680F791F6E0D7F1D9D
:10103000A385A60FB72FB11DCC93A485A60FB72FFC
:10104000B11D1C938585680F711DFB01D083DF9155
:10105000CF911F91FF90EF90DF90CF90BF90AF9016
:101060009F908F900895660F771F660F771F6E0D04
:101070007F1D252F332744275527882349F090E0EB
:10108000829F7001839FF00C929FF00C11242F2DF2
:10109000A60FB72FB11D2C93CBCFCF92DF92EF923B
:1010A000FF920F931F93CF93DF9300D000D000D017
:1010B000CDB7DEB78C01DC0119968D919C91892BFF
:1010C00009F473C00E946686F801C784D088E1885D
:1010D000F2886C157D058E059F0520F46787708B5F
:1010E000818B928BF801C784D088E188F2886C19D3
:1010F0007D098E099F096C3271408105910510F3BD
:10110000F894D80114968D919C9115979A838983B0
:101110001996ED91FC917F01BFEFEB1AFB0A8081DC
:101120008987F80190810388F489E02DD8015596CC
:101130008C91992309F448C09081982B98879081CD
:10114000809589238F838F818C8388E08B8358855A
:101150006F8149853B812C8189819A81D701508398
:1011600047FD252F3A952083262F39F0441F00C0D4
:1011700000006083000000C0F2CF38E04D91608332
:101180000000019761F7D8015496FC93EE935397B2
:1011900049873B832C839A83898378940E9466864F
:1011A000F8016787708B818B928B29960FB6F89424
:1011B000DEBF0FBECDBFDF91CF911F910F91FF908A
:1011C000EF90DF90CF9008959081982B9887908131
:1011D000809589238F838F818E8388E08D835885C6
:1011E0006F8149853D812E8189819A81D701508304
:1011F00047FD252F00C000C0208300C000C000C0F4
:1012000000C000C060830000262F3A9541F0441FC3
:10121000000000C000C000C000C000C0E8CF38E03F
:101220004D9100C0608300C0019709F7D801549622
:10123000FC93EE93539749873D832E83ACCF209147
:10124000C10A260F3327331F21323105ECF42091D8
:10125000190BFC0190E080E0243069F082E00895F1
:10126000A091C10A2191AC014F55554FA40FB52F44
:10127000B11D2C930196861798F38091C10A680FCF
:101280006093C10A80E0089581E008950895E09197
:10129000E90A8091E80AE81730F4F0E0E058F54FE9
:1012A000808190E008958FEF9FEF08959091E90A73
:1012B0008091E80A2FEF3FEF981748F4E92FF0E00C
:1012C000E058F54F208130E09F5F9093E90AC90113
:1012D00008958091E80A9091E90A891B990B089575
:1012E000CF92DF92EF92FF920F931F93CF93DF93F2
:1012F0007C01CB018A0120911F0B222389F0EB0195
:101300006B01C40ED51ECC15DD0569F06991D701BE
:10131000ED91FC910190F081E02DC7011995F3CF7B
:10132000642F0E941F89C801DF91CF911F910F91F7
:10133000FF90EF90DF90CF900895CF93DF931F92AF
:10134000CDB7DEB7698320911F0B2223F9F02091DE
:10135000420B203258F021E030E0FC01338322833D
:1013600090E080E00F90DF91CF9108958091200B65
:10137000E82FF0E0EF5DF44F998190838F5F8093C9
:10138000200B8093420B81E090E0ECCF61E0CE0136
:1013900001960E941F89F7CF90E080E00895FB013D
:1013A00001900020E9F73197AF01461B570BDC0194
:1013B000ED91FC910280F381E02D19948F929F9220
:1013C000AF92BF92EF92FF920F931F93CF93DF9351
:1013D000CDB7DEB7A1970FB6F894DEBF0FBECDBF75
:1013E0007C01FA01CB0119A2223008F42AE08E0117
:1013F0000F5D1F4F822E912CB12CA12CBF01A50196
:1014000094010E94C7B0F901CA016A300CF5605D11
:10141000D8016E938D01232B242B252B79F790E097
:1014200080E0109721F0BD01C7010E94CF89A196ED
:101430000FB6F894DEBF0FBECDBFDF91CF911F91E5
:101440000F91FF90EF90BF90AF909F908F90089575
:10145000695CDECF0F931F93CF93DF93EC010E9463
:10146000CF898C0162ED72E0CE010E94CF89800F9E
:10147000911FDF91CF911F910F9108958F929F92AD
:10148000AF92BF92CF92DF92EF92FF92CF93C42F91
:101490009B01AC010E9481B16B017C016C2F70E05B
:1014A00090E080E00E9460AF4B015C0120E030E002
:1014B00040E85FE3C701B6010E945BAF87FF16C03B
:1014C000A5019401C701B6010E94D7B220E030E027
:1014D00040E05FE30E94C1AFCF91FF90EF90DF90BB
:1014E000CF90BF90AF909F908F900895A7019601E5
:1014F00060E070E080E090E40E9480B1A50194017A
:101500000E94D7B29F7720E030E040E05FE30E9486
:10151000C1AF9B01AC0160E070E080E89FE30E94F6
:1015200080B1DACF8EEFE9E5F4E0DF01982F1D926C
:101530009A95E9F7E7E5F5E0DF011D928A95E9F76D
:1015400010925B0610926A0610926B0610926C065F
:1015500010926D060895CF93DF93EC0188819981F5
:10156000009711F00E9461B5198218821D821C82B9
:101570001B821A82DF91CF9108950F931F93CF930F
:10158000DF93EC0188819981009759F02A813B8192
:101590002617370730F081E0DF91CF911F910F912F
:1015A00008958B016F5F7F4F0E94EAB5009759F055
:1015B000998388831B830A832C813D81232B59F7D0
:1015C000FC011082E8CF80E0E7CFCF92DF92EF926C
:1015D000FF920F931F93CF93DF93CDB7DEB7DC015C
:1015E0000DB71EB73C91432F50E07A0181E0E81A15
:1015F000F108EDB7FEB7E41BF50B0FB6F894FEBF8C
:101600000FBEEDBF6DB77EB76F5F7F4F20E08AEAF8
:10161000D82E90EFC92E822F90E08E159F050CF0EA
:101620001BC1233030F4FB01213021F1223021F1A4
:10163000C08213969C911397992309F49AC0233082
:1016400008F438C0EDEFE20FEC3008F033C0F0E002
:101650008827E25DF4478F4F0C944AB1D08B3E8BC4
:10166000448B4A8B508B608B748B7F8B8A8B958BD2
:10167000A18BAD8BD182DDCF3283DBCF14968C91E1
:101680001497FB01848316C011968C911197FB016E
:10169000858310C012968C911297FB0186830AC035
:1016A00051968C915197882339F052968C9152978C
:1016B000FB0187832F5FAFCF16968C911697F8CFDB
:1016C0001A968C911A97882331F01B968C911B9750
:1016D000FB018087EFCF51968C915197882351F36E
:1016E00053968C915397F4CF1A968C911A9788231E
:1016F00009F31C968C911C97FB018187DBCF1A960E
:101700008C911A978823B1F21D968C911D97FB013D
:101710008287D0CF1E968C911E97882359F21F96F0
:101720008C911F97FB018387C5CF1E968C911E97C6
:10173000882309F4BFCF50968C915097FB01848782
:10174000B9CF17968C911797882309F4B3CF1896C1
:101750008C911897FB018587ADCF17968C911797C1
:10176000882309F4A7CF19968C911997FB018687D6
:10177000A1CFEDEFE20FE83008F09CCFF0E0149637
:101780009C9114978827E853F4478F4F0C944AB1E3
:10179000D08BD38BF38B058C0E8C178C1E8C258CE9
:1017A000FB01938387CF95509C3008F083CFE92FBE
:1017B000F0E08827E152F4478F4F0C944AB1EB8B4D
:1017C0005A8B5A8BEB8BEF8BEB8B5A8BEB8B5A8BA9
:1017D000EF8BEF8BEB8B11968C91119752CF169666
:1017E0008C9116974ECF9A3031F048F4953019F01D
:1017F000983009F05FCF12968C91129748CF9C30A9
:10180000D1F3903109F056CFF6CF983019F09A30D5
:1018100009F050CF1B968C911B973FCF983019F051
:101820009A3009F047CF1C968C911C9741CF9A3083
:1018300009F040CF18968C9118974ACF9A3009F04A
:1018400039CF19968C91199757CF9A3009F032CF2A
:1018500017968C9117975BCF860F971F25E5DC01B4
:101860002C938091A4069091A506DC01ED91FC914A
:101870000280F381E02D19950FB6F8941EBF0FBEBC
:101880000DBFDF91CF911F910F91FF90EF90DF90EF
:10189000CF900895CF93DF93CDB7DEB764970FB69F
:1018A000F894DEBF0FBECDBFFE01359620E1DF010B
:1018B0001D922A95E9F729E029839B838A838DE08D
:1018C0008C8386E0611185E08D836F83CE01019664
:1018D0000E94E58A64960FB6F894DEBF0FBECDBFB6
:1018E000DF91CF910895CF93DF93CDB7DEB76497A3
:1018F0000FB6F894DEBF0FBECDBFFE01339622E1D6
:10190000DF011D922A95E9F729E029839B838A83C9
:1019100088E08D837D876C87CE0101960E94E58AE1
:1019200064960FB6F894DEBF0FBECDBFDF91CF91A6
:101930000895CF93DF93CDB7DEB764970FB6F894D1
:10194000DEBF0FBECDBFFE01359620E1DF011D9247
:101950002A95E9F729E029839B838A838DE08C838C
:1019600081E08D836F83CE0101960E94E58A6496A3
:101970000FB6F894DEBF0FBECDBFDF91CF910895B3
:101980000F931F93CF93DF938091A4069091A506A8
:10199000892B09F4DBC0CFEFDFEF11E003E080918A
:1019A000A4069091A506DC01ED91FC910084F185DF
:1019B000E02D1995892B09F4C9C08091A406909156
:1019C000A506DC01ED91FC910284F385E02D1995CB
:1019D0009091C706911105C0803FA9F51093C706E5
:1019E000DECF913041F48A3A21F482E08093C70639
:1019F000D6CF80E0FBCF923099F4803F21F08A3A35
:101A000011F0853529F41092C7061092C806C7CF89
:101A10008132C8F781508093C8060093C706BFCFB4
:101A20002091C806921778F4E92FF0E0ED55F94FB0
:101A30008083803F41F38A3A31F3853521F39F5FFC
:101A40009093C706ACCF2091C8069213A8CF8535D6
:101A5000D1F68091A606843809F446C0A0F48138F6
:101A600009F466C0823879F68091A7068093C6068D
:101A70008091A8069091A9069093E6068093E506CA
:101A80001093EC06C0CF8538E1F0863809F0BBCF63
:101A90008091A7068093C6062091A8063091A906DA
:101AA0003093E6062093E506993040F08091AA062F
:101AB0009091AB069093E8068093E7061093ED06AD
:101AC000A2CF8091A7069091A8069093EA068093F2
:101AD000E90681E09091A906911101C080E0809310
:101AE000EE061092EF068FCF8091A9068E3008F097
:101AF0008ACF2091A7063091A8062F5F3F4F90E034
:101B00004091AA06880F991F41110CC0FC01EC55A9
:101B1000F94F85A196A12817390709F074CFD6A3EC
:101B2000C5A371CF8C55994FFC0136A325A36BCF6C
:101B300084E1E7EAF6E0A0EFB6E001900D928A9525
:101B4000E1F7109204071093EB065DCFDF91CF9180
:101B50001F910F910895CF93DF93CDB7DEB76497B0
:101B60000FB6F894DEBF0FBECDBF4115510559F435
:101B70000E94998C64960FB6F894DEBF0FBECDBF5D
:101B8000DF91CF910895FE01359620E1DF011D928E
:101B90002A95E9F72BE029839B838A838BE18C8349
:101BA00081E08D836F8388875A874987CE010196AC
:101BB0000E94E58ADFCFCF93DF93EC019A01AB015E
:101BC000E889F98982E08083211581EE3807410593
:101BD000510581F160E079E08DE390E00E94C7B0AB
:101BE0002150310941095109569547953795279557
:101BF000EC85FD851082EE85FF852083188EEC89AB
:101C0000FD8986E08083EA89FB8980818061808309
:101C1000EA89FB89808188608083EA89FB898081E9
:101C200080688083EA89FB8980818F7D8083DF9152
:101C3000CF910895E889F989108220E1D9CF2091C8
:101C4000BB03E22FF0E02091380A3091390AE21705
:101C5000F30738F49B01AC01BF0186E39AE00E94D0
:101C6000E6878BEB93E008952091BA03E22FF0E032
:101C70002091220A3091230AE217F30738F49B01DE
:101C8000AC01BF0180E29AE00E94E6878AEB93E014
:101C900008954F925F926F927F928F929F92AF9230
:101CA000BF92CF92DF92EF92FF92CF93DF93B091EA
:101CB000BA036B2F70E08091220A9091230AC12C05
:101CC000D12C76016817790708F066C0C0912E0AFA
:101CD000A0912B0A8091290A90912A0A8090280AC3
:101CE0004C2F50E020912C0A30E0E0912D0AF0E0DA
:101CF000CA1367C063E0B69F800D911D1124480F81
:101D0000591FDA016C91280F391FE901F880E80F9B
:101D1000F91FC0818820B1F1912CB12CA12C70E069
:101D2000762F6627072E000C880B990BA5019401CE
:101D30000E94C7B03901552444246F2D70E0762FDE
:101D40006627072E000C880B990BA50194010E94B1
:101D5000C7B0CC24D22EE32EF42EC428D528E628F2
:101D6000F7286C2F70E0762F6627072E000C880B63
:101D7000990BA50194010E94C7B0C22AD32AE42A74
:101D8000F52A0AC0CF2CD12CF12CE12CFE2CED2C05
:101D9000DC2CCC24E62ACC2A81E0CD28CE28CF2802
:101DA00009F480E0DF91CF91FF90EF90DF90CF902A
:101DB000BF90AF909F908F907F906F905F904F906B
:101DC0000895660F771F660F771F860F971F480FBE
:101DD000591FEA016881A80FB92FB11DFC90280F87
:101DE000391FD901CC91E80FF91FE080882009F450
:101DF00048C0912CB12CA12C70E0762F6627072EBD
:101E0000000C880B990BA50194010E94C7B0722E9B
:101E10006624552444246F2D70E0762F6627072E04
:101E2000000C880B990BA50194010E94C7B0A90171
:101E300033272227422A532A642A752A6E2D70E0FE
:101E4000762F6627072E000C880B990BA5019401AD
:101E50000E94C7B073016201C22AD32AE42AF52A7C
:101E60006C2F70E0762F6627072E000C880B990BDD
:101E7000A50194010E94C7B0542F432F322F22276F
:101E80007CCF2F2D30E050E040E0A90133272227FE
:101E9000562BC9018E296C017A01DC2A7DCF4F9225
:101EA0005F926F927F928F929F92AF92BF92CF92EA
:101EB000DF92EF92FF920F931F93CF93DF9300D0A7
:101EC0001F921F92CDB7DEB72091AE032D834B0139
:101ED0005C0104C0B694A794979487942A95D2F78E
:101EE0004090B2035090B3036090B4037090B50378
:101EF0006B017C01C420D520E620F7208091B60339
:101F00009091B703A091B803B091B90389839A83E4
:101F1000AB83BC83F0E0E0E029813A814B815C81B6
:101F2000282539254A255B2565EB77E782E99CE280
:101F30000E94F8B0DC01CB018B5F944BA94AB345FA
:101F40008C019D014CE136952795179507954A958B
:101F5000D1F70C5F1F4F9C01AD0104C0569547950A
:101F6000379527950A95D2F7282739274A275B27DF
:101F700069ED72EF8EE890E10E94F8B08B019C0150
:101F800056E136952795179507955A95D1F7DC01B7
:101F9000CB0180279127A227B32784219521A62151
:101FA000B7218C259D25AE25BF253196750164018D
:101FB000E430F10521F50D8004C0880F991FAA1F98
:101FC000BB1F0A94D2F7BC01CD01682979298A295F
:101FD0009B290F900F900F900F900F90DF91CF9152
:101FE0001F910F91FF90EF90DF90CF90BF90AF9037
:101FF0009F908F907F906F905F904F9008954C01CD
:102000005D018ACF4F925F926F927F928F929F92E3
:10201000AF92BF92CF92DF92EF92FF920F931F93F6
:10202000CF93DF9300D01F921F92CDB7DEB72091E0
:10203000AE032D834B015C0104C0B694A794979422
:1020400087942A95D2F74090B2035090B3036090E2
:10205000B4037090B5036B017C01C420D520E62049
:10206000F7208091B6039091B703A091B803B09187
:10207000B90389839A83AB83BC83F0E0E0E02981D4
:102080003A814B815C812C253D254E255F2565EBF2
:1020900077E782E99CE20E94F8B0DC01CB018B5F1C
:1020A000944BA94AB3458C019D014CE13695279587
:1020B000179507954A95D1F70C5F1F4F9C01AD010D
:1020C00004C056954795379527950A95D2F7282746
:1020D00039274A275B2769ED72EF8EE890E10E946D
:1020E000F8B08B019C0156E1369527951795079519
:1020F0005A95D1F7DC01CB0180279127A227B3277E
:1021000084219521A621B721BC01CD01682579251F
:102110008A259B25319646015701E430F10511F5DA
:102120000D8004C0CC0CDD1CEE1CFF1C0A94D2F701
:102130006C297D298E299F290F900F900F900F9069
:102140000F90DF91CF911F910F91FF90EF90DF9053
:10215000CF90BF90AF909F908F907F906F905F9047
:102160004F9008956B017C018ACFCF93DF93CDB759
:10217000DEB764970FB6F894DEBF0FBECDBFFE0189
:10218000359620E1DF011D922A95E9F728E02983A1
:102190009B838A8383E08C8384E08D83CE010196C8
:1021A0000E94E58A64960FB6F894DEBF0FBECDBFDD
:1021B000DF91CF910895CF92DF92EF92FF920F932C
:1021C0001F93CF93DF93CDB7DEB764970FB6F89424
:1021D000DEBF0FBECDBF2091AC033091AD032230E6
:1021E000310581F5042F14160CF400E00A3B0CF4C1
:1021F0000AEB7B016C01002E000C110BB8010E9450
:10220000738CB801C7010E94738C80E1FE01359682
:10221000DF01982F1D929A95E9F78983DB82CA82A4
:102220008AE18C8381E08D838F8388878F87FD8609
:10223000EC868E8785E090E0998B888BCE010196A5
:102240000E94E58A64960FB6F894DEBF0FBECDBF3C
:10225000DF91CF911F910F91FF90EF90DF90CF9082
:1022600008950F931F93CF93DF93CDB7DEB7649795
:102270000FB6F894DEBF0FBECDBF2091AC033091F6
:10228000AD032230310571F52091AA033091AB03E3
:102290002D36310538F116160CF460E06A3B0CF46B
:1022A0006AEB8C01062E000C770B86E491E00E940D
:1022B000738CFE0135968EE0DF011D928A95E9F759
:1022C0008AE0898386E491E09B838A8383E08C8320
:1022D00088E08D8381E08A8B1C8B0B8BCE0101966D
:1022E0000E94E58A64960FB6F894DEBF0FBECDBF9C
:1022F000DF91CF911F910F910895CF93DF93CDB7C9
:10230000DEB764970FB6F894DEBF0FBECDBFFE01F7
:10231000339622E1DF011D922A95E9F727E0298310
:102320009B838A8385E08D83CE0101960E94E58A96
:1023300064960FB6F894DEBF0FBECDBFDF91CF918C
:102340000895CF93DF93CDB7DEB764970FB6F894B7
:10235000DEBF0FBECDBFFE01319694E1DF011D92BD
:102360009A95E9F795E0998381110EC085E18D83F7
:10237000CF010E94E58A64960FB6F894DEBF0FBEC7
:10238000CDBFDF91CF91089584E1F1CF8CEB93E045
:102390000E949D87ECEBF3E0A289B3898C918F7E3C
:1023A0008C93A289B3898C91877F8C93A289B389FE
:1023B0008C918F778C93A289B3898C918F7D8C932C
:1023C000828D818F08958F929F92AF92BF92CF920C
:1023D000DF92EF92FF920E9466864B015C018AE0D9
:1023E000C82ED12CE12CF12C0E946686681979093F
:1023F0008A099B09683E734081059105A8F321E095
:10240000C21AD108E108F10888EE880E83E0981E10
:10241000A11CB11CC114D104E104F10429F7FF90FF
:10242000EF90DF90CF90BF90AF909F908F900895E6
:10243000CF93DF93CDB7DEB764970FB6F894DEBFC6
:102440000FBECDBFCE01019624E1FC0111922A9569
:10245000E9F725E0298324E02D830E94E58A64962C
:102460000FB6F894DEBF0FBECDBFDF91CF910895B8
:1024700087FD1AC0E82FE695E695E695F0E0EF5166
:10248000F84F282F277081E090E0A0E0B0E004C072
:10249000880F991FAA1FBB1F2A95D2F7809590819C
:1024A0008923808380E0089581E0089587FD19C025
:1024B000E82FE695E695E695F0E0EF51F84F282FE6
:1024C000277081E090E0A0E0B0E004C0880F991F81
:1024D000AA1FBB1F2A95D2F72081822B808380E020
:1024E000089581E0089587FD13C0E82FE695E695ED
:1024F000E695F0E0EF51F84F208130E08770A901B8
:1025000002C0559547958A95E2F7CA0181700895F2
:1025100080E00895CF938091A903811101C02E9A84
:10252000C1E0C093BA030E94498E882359F040E06D
:102530006FEF80E00E943A7BC093BA030E94348E12
:10254000C093A803CF91089581E080937C0A809185
:10255000740A813011F480937D0A08959091740A71
:10256000923011F4811115C090917C0A992311F0D9
:1025700081110FC08150873070F4E82FF0E0EA55E8
:10258000FD4F8081882339F09091790A982381E06A
:1025900019F480E0089581E00895CF93DF93D091FE
:1025A000770AD81761F0C82F0E94AE92882321F0D5
:1025B000D093780AC093770ADF91CF91089580E095
:1025C000FBCF80917D0A90917C0A981791F0811140
:1025D00008C081E08093740A10927C0A10927D0AF0
:1025E0000895813011F40C94A492833091F7809374
:1025F0007C0A0895823020F0823049F080E008950E
:1026000081E08093740A0E94E19281E008958093B2
:10261000740A1092750A1092770A80917C0A8111CF
:10262000F4CF81E080937C0A0895FF920F931F936B
:10263000CF93DF931F92CDB7DEB78C01F62EDC016E
:102640008D919C918F3F910508F46BC08FEF809323
:10265000680609E514E0F80180E091919E3709F0E1
:102660005BC08093680665EA72E089E594E00E94A9
:10267000DE854091810C5091820C27E535E080E0A9
:10268000D801ED918D01E827E40FF52FF11D808130
:102690002A173B07A9F7F092560690916806909387
:1026A00057069EEF90935806809359061EEF80912F
:1026B000740690917506DC01ED91FC910280F38126
:1026C000E02D44E050E065E576E0199580917406D0
:1026D00090917506412F50E0DC01ED91FC91028054
:1026E000F381E02D69E574E019958091740690916D
:1026F0007506DC01ED91FC910280F381E02D42E052
:1027000050E069E576E01995812F0F90DF91CF9128
:102710001F910F91FF9008958F5F8E3F09F09DCF1D
:10272000A2CF982F8FEF80936806E9E5F4E080E070
:10273000891728F421912E3721F580936806F80136
:1027400080818983BE016F5F7F4F89E594E00E949D
:10275000DE85D8012D913C914091810C5091820CE5
:10276000A9E5B4E080E03327BD01695574406217E4
:10277000730748F4ED91E827E40FF52FF11D8081F0
:10278000F3CF8F5FD5CFF092560690916806909365
:102790005706F8019081909358068093590610814E
:1027A00086CF8091740690917506DC01ED91FC91C5
:1027B0000084F185E02D1995892B61F080917406D4
:1027C00090917506DC01ED91FC910284F385E02D7A
:1027D0001995E7CF0E94928A80915C0680937306D8
:1027E0000895CF93DF93282F30E0F901E051F34FA4
:1027F0008491F901EE59F24FD491F901EE53F24F61
:10280000C491CC23A1F081110E94FF85EC2FF0E050
:10281000EE0FFF1FEA52F34FA591B491EC91ED2317
:1028200081E090E009F480E0DF91CF91089580E0AD
:1028300090E0FACF1F93CF93DF93282F30E0F90178
:10284000E051F34F8491F901EE59F24FD491F9011F
:10285000EE53F24FC491CC23A9F0162F81110E94A0
:10286000FF85EC2FF0E0EE0FFF1FE855F24FA5912A
:10287000B4918FB7F894EC91111108C0D095DE2374
:10288000DC938FBFDF91CF911F910895DE2BF8CF9E
:102890001092190B81E08093180B1092F30A61E0FB
:1028A00084E10E941A9461E085E10E941A94E9EBA8
:1028B000F0E080818E7F808380818D7F808388E4BB
:1028C0008093B80085E48093BC000895CF93DF9394
:1028D00091E09093A00A8823B9F0C091B800D091FC
:1028E000BA008091BC008A7B8093BC0060E084E1E8
:1028F0000E941A9460E085E10E941A940E94489414
:10290000D093BA00C093B800DF91CF9108958F9211
:102910009F92AF92BF92CF92DF92EF92FF920F936E
:102920001F93CF93DF93D091420BD13208F0D7C0E1
:10293000182FC091410B0E9466866B017C0180912B
:10294000190B81116BC082E08093190B1093180B47
:102950008FEF8093170B1092160BD093150BA1E2FB
:10296000BBE0E5EFFAE080E0D81391C01092F40AE2
:102970008091F40ACC0FC82BC093F40A8091F30A1B
:10298000813009F088C01092F30A0E9466866B01BC
:102990007C018091F40A8093BB0080911B0B909185
:1029A0001C0BA0911D0BB0911E0B892B8A2B8B2B1E
:1029B000A1F00E94668600911B0B10911C0B2091C8
:1029C0001D0B30911E0B6C197D098E099F0906178E
:1029D00017072807390708F442C08091BC0083FD1F
:1029E000D8CF85EC8093BC000E9466866B017C0189
:1029F0008091190B823009F450C08091170B8F3FE2
:102A000009F46FC08091170B803209F46CC080917B
:102A1000170B803309F469C084E026C080911B0B3A
:102A200090911C0BA0911D0BB0911E0B892B8A2B32
:102A30008B2B09F484CF0E94668680901B0B9090AC
:102A40001C0BA0901D0BB0901E0B6C197D098E09FC
:102A50009F0986169706A806B90608F070CF8091E0
:102A60001A0B0E94669485E01092200B1092420B84
:102A700010921F0BDF91CF911F910F91FF90EF905C
:102A8000DF90CF90BF90AF909F908F9008959D91D1
:102A900091938F5F69CF85EEA5CF80911B0B9091AD
:102AA0001C0BA0911D0BB0911E0B892B8A2B8B2B1D
:102AB00009F49ECF0E94668600911B0B10911C0B9F
:102AC00020911D0B30911E0B6C197D098E099F09F9
:102AD000061717072807390708F08ACFC0CF81E00B
:102AE000C3CF80E0C1CF82E0BFCF83E0BDCF0F93E3
:102AF0001F93CF93DF938C018091F70791E0909320
:102B00001F0B8093410B1092200B1092420B60E040
:102B100083E89CE00E949D89E801005F1F4F699156
:102B200083E89CE00E949D890C171D07C1F781E096
:102B3000DF91CF911F910F910C948794E1EEF7E014
:102B400080E1DF011D928A95E9F7CF010C9477951A
:102B500081EE97E00C9477950E943892811102C023
:102B60000C94A89508950E945692811102C00C946D
:102B7000A89508959091F70721E020931F0B90935B
:102B8000410B1092200B1092420B682F83E89CE0BF
:102B90000E949D8981E00C94879485ED8093BC0010
:102BA00080911B0B90911C0BA0911D0BB0911E0BE3
:102BB0000796A11DB11D23E0B695A795979587951A
:102BC0002A95D1F72091BC0024FD03C01092190B67
:102BD000089540911B0B50911C0B60911D0B70913F
:102BE0001E0B452B462B472B69F30097A105B1051A
:102BF00041F02AE22A95F1F700C00197A109B10935
:102C0000E1CF80911A0B0C946694CF93DF9390E000
:102C1000FC01EE59F24F24918E53924FFC018491A6
:102C20008823C9F090E0880F991FFC01E454F34F0A
:102C3000A591B491FC01E855F24FC591D491611171
:102C40000DC09FB7F8948C91209582238C93888136
:102C5000282328839FBFDF91CF910895623051F4DC
:102C60009FB7F8943C91822F809583238C93E881C1
:102C70002E2BEFCF8FB7F894EC912E2B2C938FBF88
:102C8000EACFCF93DF93EC018E819F8197FD0CC03B
:102C900061E00E94059660E08E810E941A9481E0B6
:102CA0008983DF91CF910895198280E0FACF1F9335
:102CB000CF93DF93182FEB0161E00E9405962097D8
:102CC00039F460E0812FDF91CF911F910C941A9419
:102CD000CF3FD10511F461E0F5CFE12FF0E0E051F5
:102CE000F34FE491E150E23108F0B3C0F0E08827FF
:102CF000E358F9468F4F0C944AB18F9697969C965D
:102D0000A696B0962997BA96C296CA96D496DE969B
:102D1000E896F796019729970B9715971F9784B513
:102D2000806884BDC7BDDF91CF911F91089584B5A0
:102D3000806284BDC8BDF7CF809180008068809399
:102D40008000D0938900C0938800EDCF80918000EF
:102D5000806280938000D0938B00C0938A00E3CF81
:102D600080918000886080938000D0938D00C09314
:102D70008C00D9CF8091B00080688093B000C09360
:102D8000B300D1CF8091B00080628093B000C09337
:102D9000B400C9CF80919000806880939000D09358
:102DA0009900C0939800BFCF80919000806280937B
:102DB0009000D0939B00C0939A00B5CF8091900073
:102DC000886080939000D0939D00C0939C00ABCF0F
:102DD0008091A00080688093A0008091A0008F7BEC
:102DE0008093A000D093A900C093A8009CCF8091AD
:102DF000A00080628093A000D093AB00C093AA0093
:102E000092CF8091A00088608093A000D093AD0005
:102E1000C093AC0088CF809120018068809320010E
:102E2000D0932901C09328017ECF80912001806238
:102E300080932001D0932B01C0932A0174CF8091FD
:102E40002001886080932001D0932D01C0932C0134
:102E50006ACFC038D1050CF03ECF33CF2FB7F894EE
:102E60006091EB0A7091EC0A8091ED0A9091EE0A64
:102E70002FBF0895CF92DF92EF92FF926A017B01FC
:102E80009091010A9093020A8093030A3093090AF1
:102E90002093080AC092F709D092F809E092F90944
:102EA000F092FA090E942E976093FB097093FC0937
:102EB0008093FD099093FE09CD28CE28CF2821F4D8
:102EC0008091030A8093010A1092F3091092F40989
:102ED0001092F5091092F60910920B0A10920A0A44
:102EE0001092070A1092060A1092050A8091010AB0
:102EF000FF90EF90DF90CF900895CF93DF93C3EFD3
:102F0000D9E09E859F87888B1E8A1D8A1C821D8220
:102F10001E821F820E942E97688779878A879B87E7
:102F200088898E87188219821A821B82188E1F8ABE
:102F30001C8A1B8A1A8ADF91CF910895CF92DF9263
:102F4000EF92FF920F931F93CF93DF93EC017B01DE
:102F500080916A0690916B06A0916C06B0916D0607
:102F6000892B8A2B8B2B41F4D7018C9181113EC088
:102F700010925B0681E065C00E942E9700916A0660
:102F800010916B0620916C0630916D06601B710BE1
:102F9000820B930B00916E0610916F0620917006C4
:102FA000309171066017710782079307E8F28091EC
:102FB0006406882341F065ED72E08091620690918D
:102FC00063060E942A8A10925B0610925E06109297
:102FD0005D068DEF80935C0610926A0610926B0678
:102FE00010926C0610926D0680E0E6C0E0915D06DE
:102FF000F0915E06E730F10508F020C18827EC5F0C
:10300000F7468F4F0C944AB10B9824982E98349819
:10301000549868989C9888818E3781F481E090E07C
:1030200090935E0680935D060E942E9760936A06D9
:1030300070936B0680936C0690936D0610925B06FE
:1030400083E080935C06D0CF88818093670682E01E
:1030500090E090935E0680935D06F0CF8881809328
:10306000690683E090E0F5CF88819FEF980F9E3F3F
:1030700038F4809365061092660684E090E0E9CF0C
:1030800010925B0610925E0610925D068FEF8093A1
:103090005C068091640669EE72E0811146C00E9470
:1030A000928A80915B0688C0809166069091650641
:1030B000891720F62881E82FF0E0E95AFA4F20839B
:1030C0008F5F809366069813B9CF85E090E0C1CFFB
:1030D000409165066091810C7091820CA7E5B5E086
:1030E00030E020E080E050E02417350748F4ED910F
:1030F000E827E60FF72FF11D80812F5F3F4FF4CFB8
:103100009881981303C086E090E0A3CF10925B06ED
:1031100010925E0610925D0610925C068091640625
:103120006EEF72E0882309F4BACF80916206909125
:1031300063060E942A8AB3CF10925E0610925D0643
:103140008881813809F06DC0809169068F3F69F0F0
:103150002EE7E82FF0E0E95AFA4F9081992319F011
:103160002083890FF6CF8EE7808380916506809358
:103170005B0682E080935C0620915F0630916006DA
:103180002115310579F080916706909161068917C4
:10319000E0F490E0880F991F820F931FDC01ED91FE
:1031A000FC91199510926A0610926B0610926C06AB
:1031B00010926D0680916506DF91CF911F910F915E
:1031C000FF90EF90DF90CF90089580916406882360
:1031D00049F3E0906206F0906306C6E3DDE0FE018D
:1031E0006491662359F0D701ED91FC910190F08133
:1031F000E02DC70119952196892B89F7C0916206A8
:10320000D09163064091670650E070E060E02AE0EC
:10321000CE010E94DE8962ED72E0CE010E94CF896C
:10322000C1CF10925B068EEF80935C06809164069E
:10323000882309F434CF6FE073E077CF8091640680
:10324000882389F166E273E08091620690916306BB
:103250000E94CF89C0916206D0916306C0905D063E
:10326000D0905E060D2C000CEE08FF082AE0B70196
:10327000A601F7FE10C0E881F9810190F081E02DF0
:103280006DE2CE01199544275527BA014C195D0905
:103290006E097F092AE0CE010E94DE8962ED72E0AC
:1032A000CE010E94CF890E94928A10925E061092EF
:1032B0005D06C4CE1F920F920FB60F9211242F936A
:1032C0003F938F939F93AF93BF938091EB0A90911D
:1032D000EC0AA091ED0AB091EE0A3091EA0A23E0DF
:1032E000230F2D3758F50196A11DB11D2093EA0A31
:1032F0008093EB0A9093EC0AA093ED0AB093EE0A48
:103300008091EF0A9091F00AA091F10AB091F20A2F
:103310000196A11DB11D8093EF0A9093F00AA0932E
:10332000F10AB093F20ABF91AF919F918F913F91B3
:103330002F910F900FBE0F901F90189526E8230F26
:103340000296A11DB11DD2CFEF92FF920F931F9352
:10335000CF93DF93EC01FB01E080F180E114F104F5
:1033600011F10481158101151105A9F08C819D8150
:10337000080F191FB801CE010E94BD8A882399F059
:10338000288139818C819D81B701820F931F0E9412
:10339000DBB61D830C83CE01DF91CF911F910F917E
:1033A000FF90EF900895CE010E94AB8AF4CFEF9288
:1033B000FF920F931F93CF93DF93EC017B018A0160
:1033C000BA010E94BD8A81110BC0CE010E94AB8A56
:1033D000CE01DF91CF911F910F91FF90EF90089553
:1033E0001D830C83B701888199810E94DBB6F0CFE1
:1033F000EF92FF920F931F93CF93DF9300D000D0F3
:1034000000D0CDB7DEB78C01862FF8011182108273
:1034100013821282158214824AE09E012F5F3F4F71
:103420007901B90190E00E9431AFF70101900020CD
:10343000E9F73197AF014E195F09B701C8010E9442
:10344000D79929960FB6F894DEBF0FBECDBFDF9196
:10345000CF911F910F91FF90EF900895FC01808113
:103460009181009711F00C9461B50895EF92FF924D
:103470000F931F93CF93DF93EC018B011982188276
:103480001B821A821D821C82CB010E9428AF7C0104
:10349000BC01CE010E94BD8A811109C0CE01DF911D
:1034A000CF911F910F91FF90EF900C94AB8AFD820A
:1034B000EC82B80188819981DF91CF911F910F91A2
:1034C000FF90EF900C9421AFFB01DC0111961C9250
:1034D0001E9213961C921E92129715961C921E9283
:1034E00014978617970749F06081718161157105FE
:1034F00021F0448155810C94D7990895CF92DF92A1
:10350000EF92FF926B017C01C114D104E104F1043C
:1035100041F00E94C9AEA70196010E9495B06B01CF
:103520007C01C701B601FF90EF90DF90CF90089526
:10353000CF92DF92EF92FF926B017C01C216D3060D
:10354000E406F50664F4CA01B9016C197D098E0917
:103550009F090E947E9AC60ED71EE81EF91EC7015B
:10356000B601FF90EF90DF90CF9008951F920F92D9
:103570000FB60F9211240BB60F922F933F934F93D8
:103580005F936F937F938F939F93AF93BF93EF93CB
:10359000FF938CEB93E00E942E87FF91EF91BF91F8
:1035A000AF919F918F917F916F915F914F913F91DB
:1035B0002F910F900BBE0F900FBE0F901F9018957C
:1035C0001F920F920FB60F9211240BB60F922F93EA
:1035D0003F934F935F936F937F938F939F93AF939B
:1035E000BF93EF93FF938CEB93E00E94BA86FF9119
:1035F000EF91BF91AF919F918F917F916F915F916B
:103600004F913F912F910F900BBE0F900FBE0F90D7
:103610001F9018951F920F920FB60F9211240BB6A0
:103620000F922F933F934F935F936F937F938F935B
:103630009F93AF93BF93EF93FF9383E49BE00E942C
:103640002E87FF91EF91BF91AF919F918F917F91C5
:103650006F915F914F913F912F910F900BBE0F9003
:103660000FBE0F901F9018951F920F920FB60F92DA
:1036700011240BB60F922F933F934F935F936F9349
:103680007F938F939F93AF93BF93EF93FF9383E4C5
:103690009BE00E94BA86FF91EF91BF91AF919F91FD
:1036A0008F917F916F915F914F913F912F910F90EB
:1036B0000BBE0F900FBE0F901F9018951F920F9288
:1036C0000FB60F9211240BB60F922F933F934F9387
:1036D0005F936F937F938F939F93AF93BF93EF937A
:1036E000FF9380EE9BE00E942E87FF91EF91BF91A8
:1036F000AF919F918F917F916F915F914F913F918A
:103700002F910F900BBE0F900FBE0F901F9018952A
:103710001F920F920FB60F9211240BB60F922F9398
:103720003F934F935F936F937F938F939F93AF9349
:10373000BF93EF93FF9380EE9BE00E94BA86FF91C8
:10374000EF91BF91AF919F918F917F916F915F9119
:103750004F913F912F910F900BBE0F900FBE0F9086
:103760001F9018950F931F93CF93DF93DC01EB010C
:103770004D915D916D917C911397E881E427EF70F5
:1037800084E0E89FF0011124E458F34F059115916E
:103790002591349184E076956795579547958A955C
:1037A000D1F740275127622773274D935D936D937F
:1037B0007C931397E881E295EF70E427EF7084E043
:1037C000E89FF0011124E458F34F059115912591DC
:1037D000349194E076956795579547959A95D1F7EA
:1037E00040275127622773274D935D936D937C93F8
:1037F0001397DF91CF911F910F9108958F929F9210
:10380000AF92BF92CF92DF92EF92FF92CF93DF936E
:103810006B017C01EA0120E030E0A9010E945BAF6E
:10382000882309F469C120E030E040E85FE3C70184
:10383000B6010E945BAF882309F45EC1FE01329796
:10384000EE31F10508F058C18827E65DF3468F4F49
:103850000C944AB1489C4D9C649C739C859C949CA0
:10386000969C9B9CA89CAA9CAF9CBC9CBE9CC99C03
:10387000DD9CF49C099D189D609D899DA99DE79DF7
:103880001D9E4A9EBA9ED59EF49E469F539FC79FFB
:10389000A7019601C701B601A4C0A701960160E087
:1038A00070E080E89FE30E9480B19B01AC010E9420
:1038B000C1AF9B01AC0160E070E080E89FE30E9433
:1038C00080B16B017C0118C142E0C701B601DF91F4
:1038D000CF91FF90EF90DF90CF90BF90AF909F90EF
:1038E0008F900C943E8A20E030E040E450E4C70121
:1038F000B601DF91CF91FF90EF90DF90CF90BF9016
:10390000AF909F908F900C94D7B2A701960160E082
:1039100070E080E89FE30E9480B120E030E040E466
:1039200050E40E94D7B2C5CF43E0CFCF20E030E0D3
:1039300040E850E4DCCFA701960160E070E080E849
:103940009FE30E9480B120E030E040E850E4E9CFFE
:1039500044E0BBCF20E030E040EA50E4C8CFA7010C
:10396000960160E070E080E89FE30E9480B120E073
:1039700030E040EA50E4D5CF45E0A7CF2BED3FE063
:1039800049EC5FE3C701B6010E94C1AF0E94EDB1EF
:1039900090CF2BED3FE049EC5FE3C701B6010E94F9
:1039A000C1AFDF91CF91FF90EF90DF90CF90BF90AC
:1039B000AF909F908F900C9427B32BED3FE049E49C
:1039C00050E4C701B6010E94C1AF0E94EDB120E0F2
:1039D00030E040E85FE30E9480B120E030E040E06A
:1039E0005FEB0E94C1AF6DCF20E030E040E85FE3C5
:1039F000C701B6010E9480B120E030E040E251E40E
:103A00000E94C1AF9B01AC0160E070E080E090E4F7
:103A100070CF20E030E040E251ECC701B6010E94D7
:103A2000C1AF9B01AC0160E070E080E090E479CF31
:103A3000A7019601C701B6010E9481B14B015C014B
:103A400020E030E040E85FE30E9480B16B017C0140
:103A500020E030E040E85FE3C501B4010E945BAFC5
:103A600087FF15C020E030E040E251E4C701B60115
:103A70000E94C1AF9B01AC0160E070E080E090E487
:103A80000E94D7B220E030E040E05FE3AACF20E020
:103A900030E040E251ECC701B6010E94C1AF9B018A
:103AA000AC0160E070E080E090E40E94D7B29B013E
:103AB000AC0160E070E080E090E40E9480B1E2CF71
:103AC000A7019601C701B6010E94C1AF9B01AC01DD
:103AD00060E070E080E89FE30E9480B10E9435B30F
:103AE00020E030E040E85FE30E9480B16B017C01A0
:103AF000F7FAF094F7F8F094C701B601DF91CF918F
:103B0000FF90EF90DF90CF90BF90AF909F908F90FD
:103B1000089520E030E040E85FE3C701B6010E946D
:103B200080B19B01AC010E94C1AF9B01AC0160E080
:103B300070E080E89FE30E9480B1DF91CF91FF9019
:103B4000EF90DF90CF90BF90AF909F908F900C94AC
:103B500035B3A7019601C701B6010E9481B16B017F
:103B60007C0120E030E040E85FE30E945BAF87FF2C
:103B700011C0A7019601C701B6010E94C1AF9B0108
:103B8000AC0160E070E080E89FE30E9480B10E9499
:103B900035B31DCF20E030E040E050E4C701B6016E
:103BA0000E9480B19B01AC010E94C1AF9B01AC019E
:103BB00060E070E080E89FE30E9480B10E9435B32E
:103BC00020E030E040E85FE30E9481B15BCF20E07D
:103BD00030E040E85FE3C701B6010E9480B14B01CD
:103BE0005C0120E030E040E251E40E94C1AF9B0163
:103BF000AC0160E070E080E090E40E94D7B26B011D
:103C00007C0127E636E646EE5DE3C501B4010E947D
:103C100080B12BED3FE049EC50E40E94C1AF27E6B4
:103C200036E646EE5EE30E94F2B10E9427B39B01A6
:103C3000AC01C701B6019058D4CE20E030E040E29C
:103C400051ECC701B6010E94C1AF9B01AC0160E01D
:103C500070E080E090E40E94D7B24B015C012AE959
:103C600039E949E95DE3C701B6010E9480B12BED56
:103C70003FE049EC50E40E94C1AF2AE939E949E943
:103C80005EE30E94F2B10E9427B39B01AC01C50123
:103C9000B40167C0A7019601C701B6010E9481B1B6
:103CA00020E030E040E85FE30E9480B16B017C01DE
:103CB00027E636E646EE5DE30E9480B12BED3FE05D
:103CC00049EC50E40E94C1AF27E636E646EE5EE3DB
:103CD0000E94F2B10E9427B34B015C0120E030E06A
:103CE00040E85FE3C701B6010E9481B120E030E007
:103CF00040E85FE30E945BAF87FF19C020E030E03F
:103D000040E251E4C701B6010E94C1AF9B01AC0182
:103D100060E070E080E090E40E94D7B220E030E004
:103D200040E05FEB0E94C1AFA50194015ACE20E0B4
:103D300030E040E251ECC701B6010E94C1AF9B01E7
:103D4000AC0160E070E080E090E40E94D7B29B019B
:103D5000AC01C501B4010E94C1AF20E030E040E0F9
:103D60005FE30E94C1AF20E030E040E85FE30E94E3
:103D700081B1A7CD20EB36EE4CE250E4C701B6018D
:103D80000E94C1AF20E63DEC49ED5FE30E9480B1A7
:103D90004B015C01A7019601C701B6010E94C1AFAA
:103DA0009B01AC01C501B4011CCE20E030E040E82D
:103DB0005FE3C701B6010E9480B16B017C0120EB7B
:103DC00036EE4CE250E40E94C1AF20E63DEC49EDF6
:103DD0005FE30E9481B14B015C01A7019601C7011D
:103DE000B6010E94C1AF51CFA7019601C701B6012C
:103DF0000E9481B16B017C0120E030E040E85FE38C
:103E00000E945BAF87FF1DC020E030E040E05FE331
:103E1000C701B6010E94C1AFA70196010E94C1AFC0
:103E20004B015C012FEF32E146E650E4C701B601D9
:103E30000E94C1AF2FEF32E146E250E40E9480B110
:103E4000AFCF20E030E040E050E4C701B6010E946F
:103E500080B16B017C0120E030E040E05FE30E9434
:103E6000C1AFA70196010E94C1AF4B015C012FEFCA
:103E700032E146E650E4C701B6010E94C1AF2FEF20
:103E800032E146E250E40E9481B1FFCEA7019601E3
:103E900060E070E080E89FE30E9480B14EE150E076
:103EA0000E94FE9B06CD2CE83EE24AEB5EE3C70192
:103EB000B6010E945BAF87FF0BC020E030E042EF0D
:103EC00050E4C701B6010E94C1AF9B01AC01E2CC36
:103ED0002CE83EE24AE35FE3C701B6010E945BAF14
:103EE00087FF19C029EE32EA4BE05FE3C701B60154
:103EF0000E9480B16B017C0120E030E042EF50E491
:103F00000E94C1AFA70196010E94C1AF20E030E03E
:103F100040E45FE32CCF2FE23AEB48E65FE3C701D2
:103F2000B6010E945BAF87FF19C02DE534E741E57C
:103F30005FE3C701B6010E9480B16B017C0120E004
:103F400030E042EF50E40E94C1AFA70196010E9409
:103F5000C1AF20E030E040E75FE309CF27E13DE576
:103F600044E75FE3C701B6010E9480B16B017C01A9
:103F700020E030E042EF50E40E94C1AFA70196017B
:103F80000E94C1AF20E030E04CE75FE3F0CEA70134
:103F90009601C701B6010E9481B14B015C0120E08E
:103FA00030E040E05FE3C701B6010E945BAF87FFEE
:103FB00007C04DE150E0C501B4010E94FE9B62CDF7
:103FC00020E030E040E85FE3C501B4010E9480B129
:103FD0004EE150E00E94FE9B20E030E040E05FE3D5
:103FE0000E94C1AF20E030E040E05FE3C0CEFC01C2
:103FF00083A5882329F081E022A595A1291380E0DB
:104000000895CF92DF92EF92FF920F931F93CF9379
:10401000DF93EC018CA10E94F19321E0892B09F43C
:1040200020E02EA30E942E9768A379A38AA39BA3C6
:10403000EEA12FA1E2132DC191E098A798A5992395
:10404000F1F048A159A16AA17BA1088919892A899F
:104050003B89DB01CA01801B910BA20BB30B8C01C6
:104060009D01C880D980EA80FB80C016D106E20697
:10407000F30628F4E9A7488B598B6A8B7B8BEFA357
:104080001BA629A58AA52817C1F088A199A1AAA1D4
:10409000BBA14C895D896E897F89841B950BA60B1A
:1040A000B70B4C815D816E817F81481759076A0784
:1040B0007B0718F42AA781E08BA71FA6CE010E94D8
:1040C000F79F8823B9F088A199A1AAA1BBA1488D27
:1040D000598D6A8D7B8D841B950BA60BB70B4C8578
:1040E0005D856E857F8584179507A607B70708F459
:1040F000D6C018AA88A91BA5811131C011112DC0E5
:104100009AA58DA1981741F1C88CD98CEA8CFB8CAB
:104110008C8D9D8DAE8DBF8D8C199D09AE09BF090B
:10412000488559856A857B85481759076A077B0743
:1041300008F4B8C048A159A16AA17BA14C195D0936
:104140006E097F0981E0CC84DD84EE84FF844C1508
:104150005D056E057F0508F480E08FA788ABCE0172
:104160000E94F79F8823B9F048A159A16AA17BA1B9
:10417000888D998DAA8DBB8D481B590B6A0B7B0BC3
:1041800081E0CC84DD84EE84FF844C155D056E05F2
:104190007F0508F080E08EA71CA6112321F09AA5C8
:1041A0008DA198131DA68DA581111FC011111BC0D3
:1041B0009AA58DA1981378C048A159A16AA17BA1A5
:1041C000888D998DAA8DBB8D481B590B6A0B7B0B73
:1041D00081E0C884D984EA84FB84C416D506E60647
:1041E000F70608F080E08CA78DA7112391F0C8A0F6
:1041F000D9A0EAA0FBA0CC8ADD8AEE8AFF8ACE0194
:104200000E94F79F882309F451C0C88ED98EEA8E88
:10421000FB8EE9A8FAA8E114F10409F44CC0CE0120
:104220000E94F79F882309F446C08BAD9CADF7012F
:104230001995EDA9FEA9309741F08CA5882329F0A6
:10424000DE01DF968D919C911995EFA9F8AD30971D
:1042500049F08EA5882331F0DE01AF5BBF4F8D9111
:104260009C911995E9ADFAAD309749F08FA5882357
:1042700031F0DE01AD5BBF4F8D919C9119958BA5FF
:10428000DF91CF911F910F91FF90EF90DF90CF9032
:10429000089518A6688B798B8A8B9B8BCFCE81E093
:1042A00088AB28CF812F59CF812F9DCFCC8EDD8E2B
:1042B000EE8EFF8EAECFEBA9FCA9309709F4B9CFF3
:1042C000112309F4B6CF9AA58DA1981709F4B1CF9F
:1042D0008DAD9EADADCF8F929F92AF92BF92CF9298
:1042E000DF92EF92FF920F931F93CF93DF93FC0126
:1042F0002085211110C060E070E0CB01DF91CF91EB
:104300001F910F91FF90EF90DF90CF90BF90AF90F3
:104310009F908F900895EC010E942E97298521117E
:10432000EACF8C809D80AE80BF80088119812A8170
:104330003B816B017C01C818D908EA08FB08C0164C
:10434000D106E206F306B8F6080D191D2A1D3B1D1D
:1043500068017901C61AD70AE80AF90AC701B60145
:10436000CDCFCF92DF92EF92FF921F93CF93DF9347
:10437000FC01108511110AC010E0812FDF91CF914F
:104380001F91FF90EF90DF90CF900895EC01818511
:10439000882319F018861986F0CF0E942E97CC80BA
:1043A000DD80EE80FF806C197D098E099F09C88031
:1043B000D980EA80FB806C157D058E059F0550F73E
:1043C000DBCFCF93DF93EC01488359836A837B83F0
:1043D0000E942E976C837D838E839F8381E08887E4
:1043E0001986DF91CF9108950F931F93CF93DF9399
:1043F000EC010E942E978B019C018C819D81AE81E6
:10440000BF81488159816A817B81081B190B2A0B66
:104410003B0B041715072607370738F4CE01DF9149
:10442000CF911F910F910C94E1A1840F951FA61FAE
:10443000B71F8C839D83AE83BF8381E088871986F5
:10444000DF91CF911F910F9108951F920F920FB698
:104450000F9211240BB60F922F933F934F935F93BC
:104460006F937F938F939F93AF93BF93EF93FF933C
:104470008091B900887F803609F44DC008F040C0B3
:10448000883209F4A9C028F5803109F49DC0C8F428
:10449000882309F4FBC0883009F496C0FF91EF919E
:1044A000BF91AF919F918F917F916F915F914F914C
:1044B0003F912F910F900BBE0F900FBE0F901F904A
:1044C0001895883109F488C0803241F78093170B22
:1044D00014C0803409F49DC040F48033B9F38833AC
:1044E000E9F68093170B85ECB0C0803509F485C0E0
:1044F000883509F496C0883489F60E94CD95CECFD0
:10450000883909F48CC038F5883729F050F488369A
:1045100011F0803719F683E08093190B1092E30AAB
:1045200057C0883809F47BC0803919F0803809F009
:10453000B5CF8091E30A803208F071C0E091E30AC0
:1045400081E08E0F8093E30A8091BB00F0E0ED5391
:10455000F54F80833DC0803B39F0E0F4803A09F4A8
:1045600079C0883A09F09ACF84E08093190B1092B1
:10457000C20A1092C10AE091E40AF091E50A199585
:104580008091C10A81110FC081E08093C10A10920D
:10459000A10A09C0803C09F4A6CF883C09F4A3CF46
:1045A000883B09F07BCFE091C20A81E08E0F8093B7
:1045B000C20AF0E0EF55F54F80818093BB009091E7
:1045C000C20A8091C10A29C08091F40A8093BB007D
:1045D00085EC8093BC0062CF9091160B8091150BF7
:1045E000981758F5E091160B81E08E0F8093160B0B
:1045F000F0E0EB50F54F8081E9CFE091160B81E0C0
:104600008E0F8093160B8091BB00F0E0EB50F54FBE
:1046100080839091160B8091150B9817C8F285E84E
:10462000D8CFE091160B81E08E0F8093160B80910E
:10463000BB00F0E0EB50F54F80838091180B8111A7
:104640005CCF81E08093F30A84EA8093BC001092EF
:10465000190B24CF85EC8093BC001092190B80912C
:10466000E30A803230F4E091E30AF0E0ED53F54FD5
:1046700010826091E30A70E0E091E60AF091E70AA7
:1046800083EC9AE019951092E30A08CF1092170B69
:1046900034CFCF92DF92EF920F931F93CF93DF939C
:1046A00068EE73E00E9422B1EB016B0184EBC80E4F
:1046B000D11CCB018D549F4F853B910510F00E947A
:1046C000E66ECE018B549F4F813F910510F40E94FE
:1046D000E66EC6010E94E66EEE24E39410E000E070
:1046E00020E040917B0660E0C6010E94E16FB601C8
:1046F00083EEDF91CF911F910F91EF90DF90CF90DC
:104700000C94B028EF920F931F9383E080935B0289
:104710000E94C67D8091770A813009F445C048F037
:10472000823051F1833009F459C01F910F91EF90FD
:10473000089585EC0E94FC2880914802E12C10E04D
:1047400000E020E040917B0660E0882391F08BE957
:1047500091E00E94E16F40E050E0BA018DE797E000
:104760000E94E1A14EE551E060E070E08BE497E04B
:1047700016C085E791E0EDCF87EC0E94FC28E12C84
:1047800010E000E020E040917B0660E089E591E0E8
:104790000E94E16F40E050E0BA018DE797E01F9181
:1047A0000F91EF900C94E1A186EC0E94FC28E12C83
:1047B00010E000E020E040917B0660E08AE591E0B7
:1047C0000E94E16F40E050E0BA018DE797E00E945F
:1047D000E1A14CE251E060E070E0C8CF88EC0E94BB
:1047E000FC28E12C10E000E020E040917B0660E036
:1047F0008BE591E00E94E16F40E050E0BA018DE767
:1048000097E00E94E1A148EC50E060E070E0AECF9C
:10481000833009F444C0B8F4823009F453C0809165
:10482000680290916902885E9340803D27E092077C
:1048300008F45BC09093690280936802909311081A
:104840008093100817C08430B9F0853041F780910B
:10485000600290916102885E9340803D27E092075C
:1048600008F443C09093610280936002909319080A
:10487000809318080C9449A380916202909163027E
:10488000885E9340803D27E0920778F19093630221
:10489000809362029093170880931608EBCF809163
:1048A000640290916502885E9340803D27E0920704
:1048B000E0F09093650280936402909315088093D2
:1048C0001408D8CF8091660290916702885E934069
:1048D000803D27E0920748F090936702809366023C
:1048E0009093130880931208C5CF0895833009F47C
:1048F00044C0B8F4823009F453C0809168029091AA
:10490000690288519C4F81362AEE920708F05BC0FD
:104910009093690280936802909311088093100825
:1049200017C08430B9F0853041F7809160029091D2
:10493000610288519C4F81362AEE920708F043C0ED
:1049400090936102809360029093190880931808F5
:104950000C9449A3809162029091630288519C4F0C
:1049600081362AEE920778F5909363028093620273
:104970009093170880931608EBCF80916402909172
:10498000650288519C4F81362AEE9207E0F490939D
:104990006502809364029093150880931408D8CF21
:1049A000809166029091670288519C4F81362AEE71
:1049B000920748F4909367028093660290931308DD
:1049C00080931208C5CF08956091A30381E0682702
:1049D0006093A30380919E0390919F03181619067C
:1049E00034F48091A0039091A1030C944A8C089513
:1049F000FF920F931F93CF93DF93CDB7DEB76497EA
:104A00000FB6F894DEBF0FBECDBF1C8A1B8A9091F3
:104A10009D0391110EC1182F682FCE010D960E9493
:104A2000F8996DE278E0CE0101960E94369ABE01B7
:104A30006F5F7F4FCE0107960E94649ABE01635F4D
:104A40007F4FCE0107960E94A499CE0107960E943F
:104A50002E9ACE0101960E942E9ACE010D960E94AA
:104A60002E9A82E0F82EF092790310937A0385E073
:104A700080937E0303E0EBE7F3E0DF01802F1D92DC
:104A80008A95E9F7103B09F407C164E178E0CE01AB
:104A900001960E94369ACE0101960E942E9A80912C
:104AA0007D066DED7FEF9B01281B310987FD339556
:104AB00044E6429FC001439F900D11240E9436B1ED
:104AC00010922B02109245021092460280915002E1
:104AD000803309F4BAC0823309F4BBC0823009F4D0
:104AE000BBC010922C028091560280932D028091BF
:104AF000550280932E0260933E028091470280937C
:104B000030028091790A809331028091480380932A
:104B1000320280917C0A809333028091510280930B
:104B2000360280914C02809337028091A9038093D2
:104B30002F02809152028093380280914D0280931F
:104B400039028091490280933A02809165038093F3
:104B50003B0280916603809344028091640382301B
:104B600009F486C008F07BC0813009F47FC081E081
:104B700080933C0280915B0390915C0381309105AE
:104B800009F47AC0029709F479C081E080933D026C
:104B900080915F03909160038130910509F470C0AA
:104BA000029709F46FC081E08093350280914B0237
:104BB000811180933402809163038093400280913D
:104BC00067038093410280914E028E3109F08CE19F
:104BD00080933F028091610390916203813091053F
:104BE00009F452C0029709F451C081E08093420257
:104BF00080915D0390915E038130910509F448C076
:104C0000029709F447C081E080934302EBE2F2E0AF
:104C1000A9E5B4E081918D9382E0E734F807D1F7FC
:104C20008CE190E09C8B8B8B64E0CE0143960E94DC
:104C3000159364960FB6F894DEBF0FBECDBFDF911B
:104C4000CF911F910F91FF90089581E080932C02E6
:104C50004ACFF0922C0247CF00932C0244CF8330EE
:104C600049F0843009F083CF85E082CF82E080CFA5
:104C700083E07ECF84E07CCF82E088CF84E086CF63
:104C800082E092CF83E090CF82E0B0CF83E0AECFDE
:104C900082E0BACF83E0B8CF80916A02809321028C
:104CA00080911A088093220280911B08809323022E
:104CB00080911C0880932402809122088093250211
:104CC000809160029091610228EE33E0B9010E9468
:104CD00022B1609326028091620290916302B90131
:104CE0000E9422B160932702809164029091650234
:104CF000B9010E9422B160932802809166029091CE
:104D00006702B9010E9422B1609329028091680272
:104D100090916902B9010E9422B160932A02E6E1F2
:104D2000F2E0A9E5B4E081918D9382E0EB32F807DF
:104D3000D1F785E190E09C8B8B8B65E076CF8EE997
:104D400096E00E942E9A8091290A90912A0A0E9448
:104D500061B58091260A9091270A97FD03C060E013
:104D60000E94059680913F0A9091400A0E9461B589
:104D700080913C0A90913D0A97FD03C060E00C943D
:104D80000596089580919E0390919F031816190629
:104D9000B4F48091AC039091AD030197039778F43C
:104DA00080919D03882359F060917A06062E000CAD
:104DB000770B8091A0039091A1030C94738C0895BC
:104DC0008091AC039091AD0301970397B8F4809163
:104DD0009D03882399F080919E0390919F0318165C
:104DE000190654F48091A0039091A103843F21E01F
:104DF000920710F00E94B5900E94C08C1092A203FE
:104E00001092A4030895EF920F931F9380915D0277
:104E1000853020F510925D0280E490E00E94E66EFD
:104E2000EE24E39410E000E020E040917E0660E094
:104E300080E490E00E94E16F80915D0226E4829F11
:104E4000C001112464E670E00E9436B1665460939C
:104E50007A061F910F91EF900C94C2A68550809313
:104E60005D02EACFEF920F931F9380915D0280362F
:104E700028F184E680935D0280E490E00E94E66E73
:104E8000EE24E39410E000E020E040917E0660E034
:104E900080E490E00E94E16F80915D0226E4829FB1
:104EA000C001112464E670E00E9436B1665460933C
:104EB0007A061F910F91EF900C94C2A68B5F80939E
:104EC0005D02EACFEF920F931F9380919803909128
:104ED0009903039729F480916F0381110E94EB7D60
:104EE00085E090E0909399038093980380919D03CF
:104EF000882361F140ED57E060E070E083E298E0E4
:104F00000E94E1A183E591E00E94E66E83E991E0D1
:104F10000E94E66E88E591E00E94E66EEE24E3943E
:104F200010E000E020E040917B0660E087E591E042
:104F30000E94E16F8091770A823041F420E0409135
:104F40007B0660E083E591E00E94E16F8CE01F91B9
:104F50000F91EF900C94FC28FC01108614821582AE
:104F6000168217821186108211821282138208958E
:104F7000CF931092BF031092BE0348EE53E060E05F
:104F800070E04093C0035093C1036093C2037093D9
:104F9000C30382EB92E09093BD038093BC0325E3AF
:104FA00031E03093C9032093C80324E331E0309308
:104FB000CB032093CA0320E331E03093CD03209349
:104FC000CC0321E331E03093CF032093CE0322E3DF
:104FD00031E03093D1032093D00326E331E03093C6
:104FE000D3032093D2031092D5031092D6031092CC
:104FF000D7031092D8031092460B1092450B4093A2
:10500000470B5093480B6093490B70934A0B909356
:10501000440B8093430B2DEC30E03093500B2093E6
:105020004F0B2CEC30E03093520B2093510B28ECBB
:1050300030E03093540B2093530B29EC30E0309345
:10504000560B2093550B2AEC30E03093580B2093ED
:10505000570B2EEC30E030935A0B2093590B1092E3
:105060005C0B10925D0B10925E0B10925F0B109216
:10507000E30B1092E20B4093E40B5093E50B60932B
:10508000E60B7093E70B9093E10B8093E00B85ECBC
:1050900090E09093ED0B8093EC0B84EC90E0909378
:1050A000EF0B8093EE0B80EC90E09093F10B8093EC
:1050B000F00B81EC90E09093F30B8093F20B82EC79
:1050C00090E09093F50B8093F40B86EC90E0909336
:1050D000F70B8093F60B1092F90B1092FA0B1092CB
:1050E000FB0B1092FC0B8BE980937D0C88E0809386
:1050F000800C80E091E090937F0C80937E0C0E9466
:10510000C5B49093820C8093810C30E020E08091B4
:105110007E0C90917F0C28173907E0F4C90160914B
:105120007D0C70E048E050E0FC01E078FF27880F3C
:10513000991FEF2B11F08627972741505109A1F7AE
:10514000E091810CF091820CE20FF31F80832F5FBE
:105150003F4FDDCF1092860C1092850C88EE93E0C5
:10516000A0E0B0E08093870C9093880CA093890C0A
:10517000B0938A0C84EC92E09093840C8093830C1F
:10518000C1E0C093740A1092750A84E08093760A95
:105190001092770A1092780A8FE78093790A85E057
:1051A00080937A0A80937B0A10927C0A10927D0A7F
:1051B00010927E0A83E080937F0A8AE69AE00E943A
:1051C000ACA780E69AE00E94ACA786E59AE00E9430
:1051D000ACA78CE49AE00E94ACA74AE050E062E3FE
:1051E00070E086E39AE00E94A0AA4CE050E062E002
:1051F00070E080E29AE00E94A0AA86E19AE00E9414
:10520000ACA78CE09AE00E94ACA71092020A109220
:10521000030A1092010A1092090A1092080A0E94C9
:105220002E976093FB097093FC098093FD0990937E
:10523000FE091092F7091092F8091092F9091092DC
:10524000FA091092F3091092F4091092F5091092DC
:10525000F6098AE090E09093000A8093FF0910928B
:10526000070A1092060A10920B0A10920A0A10926C
:10527000050AC093040A89EE99E00E94ACA762E097
:1052800084EA99E00E94FDAA63E08FE599E00E941C
:10529000FDAA64E08AE199E00E94FDAA66E385ED3B
:1052A00098E00E94FDAA6CE380E998E00E94FDAAC4
:1052B0006DE38BE498E00E94FDAA81E498E00E94EF
:1052C000ACA787E398E00E94ACA78DE298E00E942B
:1052D000ACA783E298E00E94ACA78091220880935B
:1052E0001D0880911C0880931E0880911B088093E4
:1052F0001F0880911A088093200880916A02809389
:10530000210880916802909169029093110880931E
:105310001008809166029091670290931308809321
:105320001208809164029091650290931508809311
:105330001408809162029091630290931708809301
:1053400016088091600290916102909319088093F1
:10535000180886E098E00E94ACA78CEF97E00E94C6
:10536000ACA787ED97E00E94ACA78DEC97E00E9478
:10537000ACA783EC97E00E94ACA789EB97E00E9472
:10538000ACA78FEA97E00E94ACA785EA97E00E945D
:10539000ACA78BE997E00E94ACA781E997E00E9457
:1053A000ACA787E897E00E94ACA78DE797E00E9442
:1053B000ACA783E797E00E94ACA789E697E00E943C
:1053C000ACA78FE597E00E94ACA785E597E00E9427
:1053D000ACA78BE497E00E94ACA781E497E00E9421
:1053E000ACA787E397E00E94ACA78DE297E00E940C
:1053F000ACA783E297E00E94ACA789E197E00E9406
:10540000ACA78FE097E00E94ACA785E097E00E94F0
:10541000ACA71092C6061092C7061092C80610924A
:10542000E6061092E5061092E8061092E706109242
:105430009F0610929E061092A1061092A00610924E
:10544000A3061092A20650E040E064ED72E08EE9FF
:1054500096E00E94D79984E996E00E94ACA78AE87A
:1054600096E00E94ACA780E896E00E94ACA78091ED
:105470007F062DED3FEF281B310987FD33954091C5
:105480005F02429FC001439F900D11246CE97FEFA2
:105490000E9436B1635260937E0660937D066093EE
:1054A0007C0680915E0246E4849FC001112424E6BC
:1054B00030E0B9010E9436B1665460937B0680915A
:1054C0005D02849FC0011124B9010E9436B1665467
:1054D00060937A068EE780935506109256061092D6
:1054E0005706109258061092590681E880935A0682
:1054F00010925B0610925C0610925E0610925D069A
:105500001092600610925F06109261061092640677
:105510001092650610926606109267061092680651
:105520001092690610926A0610926B0610926C0631
:1055300010926D061092720610927306CF91089524
:10554000CF92DF92EF92FF920F931F93CF93DF934F
:10555000EC016B01F42EE52E198218861F86188A3D
:10556000198A1A8A81E08E878B871C8692E09D8734
:1055700088838B01000F111F060F171F1D830C83DB
:10558000C8010E94C5B49A878987009789F1A8014C
:1055900070E060E00E94D4B6DB82CA82FE82EF82B5
:1055A0008981882341F061E08F2D0E94059660E09B
:1055B0008F2D0E941A948F2D9E2DFC01EE53F24FD9
:1055C000E491F0E0EE0FFF1FE855F24F2591349182
:1055D0003C8B2B8BFC01EE59F24FE491ED8BDF916C
:1055E000CF911F910F91FF90EF90DF90CF90089592
:1055F0001D821C821B821A82D1CFCF93DF93EC01D4
:10560000862F4AE050E060E070E0488359836A8367
:105610007B8342E350E060E070E04C835D836E8307
:105620007F834CE251E060E070E0488759876A87E9
:105630007B874AEF50E060E070E04C875D876E87C3
:105640007F878CA31DA21AAA19AA1CAA1BAA1EAA8C
:105650001DAA18AE1FAA1AAE19AE1CAE1BAE1EAE06
:105660001DAEFE01FF9611821082329611821082C9
:1056700032961182108262E00E9405960E942E9757
:105680006C8B7D8B8E8B9F8B8CA10E94F19321E084
:10569000892B09F420E02AA781E088ABCE01DF91B5
:1056A000CF910C9401A0CF93DF93CDB7DEB7649771
:1056B0000FB6F894DEBF0FBECDBF789484B582607C
:1056C00084BD84B5816084BD85B5826085BD85B5A6
:1056D000816085BD80916E00816080936E00109224
:1056E000810080918100826080938100809181009F
:1056F0008160809381008091800081608093800030
:105700008091B10084608093B1008091B00081608D
:105710008093B0008091910082608093910080918D
:1057200091008160809391008091900081608093CE
:1057300090008091A10082608093A1008091A100DF
:1057400081608093A1008091A00081608093A0007F
:1057500080912101826080932101809121018160EB
:1057600080932101809120018160809320018091AC
:105770007A00846080937A0080917A0082608093BE
:105780007A0080917A00816080937A0080917A001B
:10579000806880937A001092C10086E39AE00E94AC
:1057A000419686E39AE00E944D8880E29AE00E944A
:1057B000419680E29AE00E944D8840E855E260E020
:1057C00070E080EE9BE00E94DB8D40E855E260E0F7
:1057D00070E083E49BE00E94DB8D83E49BE0909388
:1057E00075068093740682E390E0A0E0B0E08093B9
:1057F000760690937706A0937806B093790620EE0C
:105800003BE0309363062093620610926406809317
:105810006E0690936F06A0937006B09371060E9477
:10582000E68380918100887F84608093810061E0BD
:105830008BE00E94059646E950E060E070E08CE461
:105840009AE00E94E1A181E08093740A10927C0AA0
:1058500010927D0A8091790A87788093790A8091E5
:105860009D03882309F44CC183E080937F0A84E37D
:1058700092E690934C0980934B091092560910922E
:1058800055098EE292E690930709809306091092DB
:1058900011091092100980910101877F8093010105
:1058A00080910201886080930201809101018F7EC6
:1058B0008093010180910201806180930201109226
:1058C000E90A1092E80A0E9448944BE8E42E46E860
:1058D000F42EF092E50AE092E40A0CE816E8109340
:1058E000E70A0093E60A8CE08093B80081E0809399
:1058F0001F0B50E7D52ED092410B1092200B109227
:10590000420B0E9487948111FDC08CE180939C031F
:10591000D092F7071092E90A1092E80A1092200B31
:105920001092420B0E944894F092E50AE092E40A39
:105930001093E70A0093E60A81E20E94BA9581E893
:105940000E94BA9580EA0E94BA958FEE0E94BA959D
:105950000E949E9580910101806280930101809157
:105960000101806480930101089A099A0A9A61E012
:105970008DE00E94059661E08CE00E940596579AA2
:105980005F9810929B0310929A03109299031092C1
:10599000980340E050E0BA0189EB97E00E94E1A152
:1059A00080917C0A811105C08091790A876080937B
:1059B000790A65E070E080E090E00E947E9A609352
:1059C00097030E949F7781E00E94FA7A0E94A27D4D
:1059D00040E050E0BA0183E297E00E94E1A18091AB
:1059E0007C0A8D7F813039F081E08093740A1092B7
:1059F0007C0A10927D0A0E9483770E94AA0F44EFCE
:105A000051E060E070E08AE69AE00E94E1A14091F6
:105A10005B0250E070E060E086E59AE00E94E1A160
:105A200040E050E0BA0181E497E00E94E1A180915A
:105A30009D03882309F46FC082E090E09093A70350
:105A40008093A60381E080939603109249071092F9
:105A50004A0740ED57E060E070E084E996E00E947C
:105A6000E1A182E1D82E8E010D5F1F4F97E0C92E74
:105A700020E1B22E34EFE32EFF24F3948091A603AD
:105A80009091A7038130910509F476C008F448C0CD
:105A9000029709F492C086E59AE00E94B1A188239A
:105AA00061F186E39AE00E944D8840915B0250E0EC
:105AB00070E060E086E59AE00E94E1A18091A80391
:105AC0008823D9F08090A6039090A7038091A90322
:105AD000811103C08114910471F480E29AE00E9464
:105AE0004D88892841F481E08093BA030E94498E51
:105AF000811101C02E9A1092A8030E94BD87BECFCB
:105B000082E0B3CE85E080939C03819A829A839A47
:105B1000849A859A1FCF1092A7031092A603A1CF53
:105B200081E497E00E94B1A18823F1F082E00E9415
:105B3000FC284EEE52E060E070E081E497E00E94C5
:105B4000E1A181E08093BA030E94498E882379F015
:105B50000E948A924F990EC05F9A8091A5038A3065
:105B600018F48F5F8093A5030E946F5194CF0E9419
:105B70006A28F0CF5F98F1CF87E397E00E94B1A148
:105B8000882379F081E00E94FC28409137075091EA
:105B900038076091390770913A0787E397E00E94D0
:105BA000E1A10E940A6D0E946F5180915C028823DE
:105BB00009F471CF0E949B326ECF0E940A6D84E976
:105BC00096E00E94B1A1882309F459C08091920601
:105BD000811155C08091AC039091AD03019703975B
:105BE00008F04DC040ED57E060E070E084E996E0D9
:105BF0000E94E1A18091A0039091A103F8012D2DB5
:105C000011922A95E9F7C9829B838A83BD82CE01CE
:105C100001960E94E58A8091A403882381F18091F6
:105C2000A30381112CC08091A203811128C080E8B8
:105C300096E00E94B1A1882311F18091AC0390916C
:105C4000AD030197039788F52091A0033091A1033C
:105C50008091E9069091EA062817390721F480918E
:105C6000EE06811104C08091EF068823F1F040E434
:105C70005FE160E070E080E896E00E94E1A18AE8E0
:105C800096E00E94B1A1882309F494CF1092920665
:105C90001092930640ED57E060E070E084E996E0F2
:105CA0000E94E1A10E94766E85CF10929C06109210
:105CB0009D0610928806109289060E94E0A68091A7
:105CC000A0039091A103019620919E0330919F0320
:105CD0002D503E4F2817390758F4F092A103E09257
:105CE000A00344EF51E060E070E08AE896E0C5CFA1
:105CF0009093A1038093A003F4CF8F929F92AF92D1
:105D0000BF92CF92DF92EF92FF92CF93DF93EC019D
:105D1000688179818A819B81611571058105910571
:105D200021F464E279ED8BE597E02DE133EF41E07A
:105D300050E00E9495B049015A019B01AC01A7EACD
:105D4000B1E40E94B4B06B017C01ACEEB4EFA501EC
:105D500094010E94C2B0C60ED71EE81EF91EF7FEBF
:105D600006C081E0C81AD108E10880E8F80AC882B4
:105D7000D982EA82FB82C701B6019F77DF91CF917A
:105D8000FF90EF90DF90CF90BF90AF909F908F905B
:105D900008958F929F92AF92BF92CF92DF92EF922F
:105DA000FF9260916B0270916C0280916D029091F4
:105DB0006E02611571058105910521F464E279EDAA
:105DC0008BE597E02DE133EF41E050E00E9495B084
:105DD00049015A019B01AC01A7EAB1E40E94B4B0A9
:105DE0006B017C01ACEEB4EFA50194010E94C2B03E
:105DF000C60ED71EE81EF91EF7FE06C081E0C81ABF
:105E0000D108E10880E8F80AC0926B02D0926C02D7
:105E1000E0926D02F0926E02C701B6019F77FF908B
:105E2000EF90DF90CF90BF90AF909F908F900895AC
:105E300060936B0270936C0280936D0290936E027C
:105E40000895FB01DC0105900D920020E1F7089513
:105E5000FC0105900020E9F7809590958E0F9F1F1B
:105E60000895BB27FB015527AA27880F991FAA1F52
:105E7000A41710F0A41B83955051B9F7A05DAA3365
:105E800008F0A95DA193009779F7B111B193119230
:105E9000CB010C944BAFDC01FC01672F7191772390
:105EA000E1F7329704C07C916D9370836291AE17D5
:105EB000BF07C8F308950E949DAF08F481E00895DC
:105EC000E89409C097FB3EF4909580957095619594
:105ED0007F4F8F4F9F4F9923A9F0F92F96E9BB274A
:105EE0009395F695879577956795B795F111F8CFC6
:105EF000FAF4BB0F11F460FF1BC06F5F7F4F8F4F31
:105F00009F4F16C0882311F096E911C0772321F026
:105F10009EE8872F762F05C0662371F096E8862FBE
:105F200070E060E02AF09A95660F771F881FDAF715
:105F3000880F9695879597F90895990F0008550F42
:105F4000AA0BE0E8FEEF16161706E807F907C0F0FF
:105F500012161306E407F50798F0621B730B840B07
:105F6000950B39F40A2661F0232B242B252B21F4E1
:105F700008950A2609F4A140A6958FEF811D811D81
:105F800008950E94D4AF0C9445B00E9437B038F009
:105F90000E943EB020F0952311F00C942EB00C948A
:105FA00034B011240C9479B00E9456B070F3959FD0
:105FB000C1F3950F50E0551F629FF001729FBB2700
:105FC000F00DB11D639FAA27F00DB11DAA1F649F9C
:105FD0006627B00DA11D661F829F2227B00DA11D4F
:105FE000621F739FB00DA11D621F839FA00D611DD5
:105FF000221F749F3327A00D611D231F849F600DF6
:10600000211D822F762F6A2F11249F5750409AF01E
:10601000F1F088234AF0EE0FFF1FBB1F661F771FAA
:10602000881F91505040A9F79E3F510580F00C9475
:106030002EB00C9479B05F3FE4F3983ED4F386958C
:1060400077956795B795F795E7959F5FC1F7FE2B15
:10605000880F911D9695879597F9089597F99F67F1
:1060600080E870E060E008959FEF80EC08950024E0
:106070000A941616170618060906089500240A94AD
:1060800012161306140605060895092E0394000C33
:1060900011F4882352F0BB0F40F4BF2B11F460FFC2
:1060A00004C06F5F7F4F8F4F9F4F089557FD9058EB
:1060B000440F551F59F05F3F71F04795880F97FBCC
:1060C000991F61F09F3F79F0879508951216130686
:1060D0001406551FF2CF4695F1DF08C016161706B5
:1060E0001806991FF1CF86957105610508940895EA
:1060F000E894BB2766277727CB0197F90895F9998C
:10610000FECF92BD81BDF89A992780B50895262FBC
:10611000F999FECF1FBA92BD81BD20BD0FB6F8948C
:10612000FA9AF99A0FBE01960895052E97FB1EF470
:1061300000940E94ACB057FD07D00E94C7B007FC86
:1061400003D04EF40C94ACB0509540953095219509
:106150003F4F4F4F5F4F0895909580957095619593
:106160007F4F8F4F9F4F08950E94E9B0A59F900DDC
:10617000B49F900DA49F800D911D11240895B7FF29
:106180000C94B4B00E94B4B0821B930B0895A1E2AA
:106190001A2EAA1BBB1BFD010DC0AA1FBB1FEE1FA1
:1061A000FF1FA217B307E407F50720F0A21BB30BEC
:1061B000E40BF50B661F771F881F991F1A9469F768
:1061C00060957095809590959B01AC01BD01CF01C4
:1061D0000895A29FB001B39FC001A39F700D811DC0
:1061E0001124911DB29F700D811D1124911D0895E0
:1061F000DB018F939F930E94B4B0BF91AF91A29F98
:10620000800D911DA39F900DB29F900D11240895B4
:10621000991B79E004C0991F961708F0961B881FF8
:106220007A95C9F78095089587FB082E062687FD85
:10623000819567FD61950E9408B10EF4919507FC68
:1062400081950895AA1BBB1B51E107C0AA1FBB1F64
:10625000A617B70710F0A61BB70B881F991F5A95F2
:10626000A9F780959095BC01CD01089597FB072E65
:1062700016F4009407D077FD09D00E9422B107FCE4
:1062800005D03EF4909581959F4F08957095619546
:106290007F4F0895EE0FFF1F881F8BBF0790F69169
:1062A000E02D19940E94E9B0B7FF0895821B930B6B
:1062B00008952A0D3B1D4C1D5D1D6E1D7F1D801F09
:1062C000911F08952A193B094C095D096E097F0940
:1062D000800B910B08952A153B054C055D056E0555
:1062E0007F058007910708950024A7FD00942A17D1
:1062F000300540055005600570058005900508953E
:106300005058BB27AA270E9498B10C9445B00E9410
:1063100037B038F00E943EB020F039F49F3F19F4B6
:1063200026F40C9434B00EF4E095E7FB0C942EB0F8
:10633000E92F0E9456B058F3BA1762077307840713
:10634000950720F079F4A6F50C9478B00EF4E0955A
:106350000B2EBA2FA02D0B01B90190010C01CA011F
:10636000A0011124FF27591B99F0593F50F4503ECA
:1063700068F11A16F040A22F232F342F4427585FBC
:10638000F3CF469537952795A795F0405395C9F7D4
:106390007EF41F16BA0B620B730B840BBAF091508C
:1063A000A1F0FF0FBB1F661F771F881FC2F70EC02B
:1063B000BA0F621F731F841F48F4879577956795FE
:1063C000B795F7959E3F08F0B0CF9395880F08F0EA
:1063D0009927EE0F9795879508950E9495B2E395BA
:1063E0000C94BEB20E9406B20C9445B00E943EB01E
:1063F00058F00E9437B040F029F45F3F29F00C9428
:106400002EB051110C9479B00C9434B00E9456B057
:1064100068F39923B1F3552391F3951B550BBB27D3
:10642000AA2762177307840738F09F5F5F4F220F18
:10643000331F441FAA1FA9F335D00E2E3AF0E0E80F
:1064400032D091505040E695001CCAF72BD0FE2F59
:1064500029D0660F771F881FBB1F261737074807ED
:10646000AB07B0E809F0BB0B802DBF01FF279358A5
:106470005F4F3AF09E3F510578F00C942EB00C948B
:1064800079B05F3FE4F3983ED4F3869577956795AE
:10649000B795F7959F5FC9F7880F911D96958795DA
:1064A00097F90895E1E0660F771F881FBB1F6217F9
:1064B00073078407BA0720F0621B730B840BBA0BB7
:1064C000EE1F88F7E09508950E945EB088F09F5710
:1064D00098F0B92F9927B751B0F0E1F0660F771F08
:1064E000881F991F1AF0BA95C9F714C0B13091F0FE
:1064F0000E9478B0B1E008950C9478B0672F782F9F
:106500008827B85F39F0B93FCCF3869577956795C2
:10651000B395D9F73EF490958095709561957F4F2E
:106520008F4F9F4F08950C9434B00E945EB0D8F303
:10653000E894E0E0BB279F57F0F02AED3FE049ECFC
:1065400006C0EE0FBB0F661F771F881F28F0B23AF8
:1065500062077307840728F0B25A620B730B840B2F
:10656000E3959A9572F7803830F49A95BB0F661FC1
:10657000771F881FD2F790480C94B1B3EF93E0FFD8
:1065800007C0A2EA2AED3FE049EC5FEB0E9498B118
:106590000E9445B00F90039401FC9058E4EEF0E0A7
:1065A0000C94EBB30E949DAF08F48FEF0895FA01AD
:1065B000EE0FFF1F309621053105A1F16115710520
:1065C00061F48038BFE39B0749F1689490388105F6
:1065D00061F08038BFEF9B0741F099234AF5FF3FF8
:1065E000E1053105210519F1E8940894E795D901F1
:1065F000AA2329F4AB2FBE2FF85FD0F310C0FF5FA2
:1066000070F4A695E0F7F73950F019F0FF3A38F436
:106610009F779F930DD00F9007FC9058089546F0F8
:106620000C9434B060E070E080E89FE308954FE799
:106630009F775F934F933F932F930E9449B42F917D
:106640003F914F915F910E94C1AF0C947DB39F9396
:106650000E9495B20F9007FCEE5F0C94BEB219F445
:1066600016F40C9434B00C94AFB30E945EB0B8F33F
:106670009923C9F3B6F39F57550B87FF0E94BDB30B
:106680000024A0E640EA900180585695979528F49A
:10669000805C660F771F881F20F026173707480792
:1066A00030F4621B730B840B202931294A2BA695E9
:1066B00017940794202531254A2758F7660F771F2E
:1066C000881F20F026173707480730F4620B730B3A
:1066D000840B200D311D411DA09581F7B901842F38
:1066E0009158880F96958795089529F416F00C9483
:1066F0002EB00C9478B00C9434B00E945EB0A8F325
:106700009638A0F707F80F92E8942BE33AEA48EBA3
:106710005FE70E94D7AF0F920F920F924DB75EB70F
:106720000F920E9491B4E2E0F1E00E94C4B34F9155
:106730005F91EF91FF91E595EE1FFF1F49F0FE5726
:10674000E0684427EE0F441FFA95E1F74195550B99
:106750000E940BB40F9007FE0C94FFB308959F3F67
:1067600031F0915020F4879577956795B795880F0C
:10677000911D9695879597F9089591505040660F11
:10678000771F881FD2F70895DF93CF931F930F933E
:10679000FF92EF92DF927B018C01689406C0DA2EA3
:1067A000EF010E94D4AFFE01E894A59125913591A7
:1067B00045915591A6F3EF010E9498B1FE01970112
:1067C000A801DA9469F7DF90EF90FF900F911F9185
:1067D000CF91DF9108959F938F937F936F93FF9352
:1067E000EF939B01AC010E94C1AFEF91FF910E941A
:1067F000C4B32F913F914F915F910C94C1AF9B0116
:10680000AC0160E070E080E89FE30C94F2B10C947E
:106810002EB00C94AFB30E945EB0D8F39923C9F3A5
:10682000940F511DA3F39150504094F059F08823D8
:1068300032F0660F771F881F91505040C1F79E3F7E
:1068400051052CF7880F911D9695879597F9089516
:106850005F3FACF0983E9CF0BB2786957795679597
:10686000B79508F4B1609395C1F7BB0F58F711F4D1
:1068700060FFE8CF6F5F7F4F8F4F9F4FE3CF0C9448
:1068800079B016F00C94AFB30C9434B068940C94B7
:106890002EB00E945EB0A8F39923C1F3AEF3DF934C
:1068A000CF931F930F93FF92C92FDD2788232AF0E0
:1068B0002197660F771F881FDAF720E030E040E865
:1068C0005FEB9FE3883920F0803E38F021968F7788
:1068D0000E9481B1EAE2F1E004C00E9481B1E7E5E3
:1068E000F1E00E94C4B38B01BE01EC01FB2E6F5797
:1068F00071097595771F880B990B0E9462AF28E18B
:1069000032E741E35FE30E94D4AFAF2D9801AE01BF
:10691000FF900F911F91CF91DF910E9498B10C943D
:1069200045B0FA01DC01AA0FBB1F9B01AC01BF57A8
:1069300028F4222733274427507820C0B75190F4F9
:10694000AB2F0024469537952795011CA395D2F3CC
:10695000002071F0220F331F441FB395DAF30ED0DD
:106960000C9480B161307105A0E88A07B94630F413
:106970009B01AC016627772788279078309621F015
:10698000208331834283538308950F931F93CF93C2
:10699000DF938230910510F482E090E0E091910C59
:1069A000F091920C30E020E0B0E0A0E0309799F454
:1069B0002115310509F44AC0281B390B2430310553
:1069C000D8F58A819B816115710589F1FB0193835B
:1069D0008283FE0111C040815181028113814817D9
:1069E0005907E0F04817590799F4109761F012968B
:1069F0000C93129713961C933296CF01DF91CF918F
:106A00001F910F9108950093910C1093920CF4CF65
:106A10002115310551F04217530738F0A901DB0168
:106A20009A01BD01DF01F801C1CFEF01F9CF9093C9
:106A3000920C8093910CCDCFFE01E20FF31F819356
:106A400091932250310939832883D7CF20918F0C1D
:106A50003091900C232B41F42091710230917202FD
:106A60003093900C20938F0C20916F023091700224
:106A70002115310541F42DB73EB740917302509175
:106A80007402241B350BE0918F0CF091900CE217EF
:106A9000F307A0F42E1B3F0B2817390778F0AC0141
:106AA0004E5F5F4F2417350748F04E0F5F1F50931E
:106AB000900C40938F0C819391939FCFF0E0E0E096
:106AC0009CCFCF93DF930097E9F0FC0132971382BC
:106AD0001282A091910CB091920CED0130E020E077
:106AE0001097A1F420813181820F931F20918F0C88
:106AF0003091900C2817390709F061C0F093900C81
:106B0000E0938F0CDF91CF910895EA01CE17DF0754
:106B1000E8F54A815B819E0141155105B1F7E90114
:106B2000FB83EA8349915991C40FD51FEC17FD07E8
:106B300061F4808191810296840F951FE901998308
:106B40008883828193819B838A83F0E0E0E01296C0
:106B50008D919C9113970097B9F52D913C911197C8
:106B6000CD010296820F931F20918F0C3091900CD3
:106B70002817390739F6309751F51092920C109278
:106B8000910CB093900CA0938F0CBCCFD383C28395
:106B900040815181840F951FC817D90761F44E5F5A
:106BA0005F4F88819981480F591F518340838A81A3
:106BB0009B81938382832115310509F0B0CFF09337
:106BC000920CE093910C9ECFFD01DC01C0CF1382AB
:106BD0001282D7CF4F925F926F927F928F929F9245
:106BE000AF92BF92CF92DF92EF92FF920F931F93DB
:106BF000CF93DF938C01009799F4CB01DF91CF9174
:106C00001F910F91FF90EF90DF90CF90BF90AF90CA
:106C10009F908F907F906F905F904F900C94C5B431
:106C2000FC01E60FF71F9C0122503109E217F30720
:106C300008F4AEC0D901CD91DC911197C617D707E2
:106C400020F1C530D10578F0CE010497861797075B
:106C500050F0C61BD70B2297C193D1936D937C93B1
:106C6000CF010E9461B5C801DF91CF911F910F91B3
:106C7000FF90EF90DF90CF90BF90AF909F908F905C
:106C80007F906F905F904F9008955B01AC1ABD0AA2
:106C90004C018C0E9D1EA091910CB091920C512C28
:106CA000412CF12CE12C109731F580918F0C9091B3
:106CB000900C8815990509F05CC04616570608F037
:106CC00058C080916F0290917002009741F48DB787
:106CD0009EB74091730250917402841B950BE81784
:106CE000F90708F055C0F093900CE0938F0CF90170
:106CF00071836083B8CF8D919C91119712966C909F
:106D0000129713967C901397A815B90559F56C0145
:106D100042E0C40ED11CCA14DB0420F1AC014A19B4
:106D20005B09DA011296159780F0628273825183B3
:106D30004083D9016D937C93E114F10471F0D70184
:106D40001396FC93EE9312978ECF22968C0F9D1F75
:106D5000F90191838083F301EFCFF093920CE093DC
:106D6000910C81CF4816590608F42C017D01D301FE
:106D70009ACFCB010E94C5B47C01009749F0AE01C7
:106D8000B8010E94CBB6C8010E9461B587016BCFE4
:106D900010E000E068CFFB01DC0102C001900D9221
:106DA00041505040D8F70895DC0101C06D93415027
:106DB0005040E0F70895FB01DC0101900D920020A6
:106DC000E1F7089517E0C5E0D7E000E006C0802FA6
:106DD000FE010E944AB12196011DC630D10780E014
:086DE0000807A9F7F894FFCFA2
:106DE8000164100092000101040000000000050089
:106DF8000032000000000000000000000202020251
:106E0800020000000000020202020200000202006A
:106E18000000000004010000000000000101321C15
:106E280000000101000000010101010401011C3200
:106E38003201010100FEC805010010030164646409
:106E48003075B888409C50C360EA0101000000001A
:106E580000930C80004D017701A101F4019A020111
:106E6800038099B2CC00010100010000010100007B
:106E7800010001010000050A0C07060504030102D0
:106E88000302030405FE010204081020400000006C
:106E9800000050878D86D3869D870487E286F68614
:106EA800000000009D897089CC89468969895689C6
:106EB80047890D0A004552524F523A205354414CCB
:106EC80045205041434B4554004552524F523A20B9
:106ED8005041594C4F41445F4552524F5200455220
:106EE800524F523A204352435F4552524F52004547
:106EF80052524F523A2053544F505F425954455FB3
:106F08004552524F52004552524F523A20556E64E4
:0E6F18006566696E656420737461746520009F
:00000001FF
